student_id,enrollment_date,course_id,age,total_modules,modules_completed,completed,last_session_date,dropout_type,max_gap_days,total_time_min,quizzes_taken,quiz_completion_pct,avg_quiz_score
S00001,2026-02-17,COURSE_101,29,10,10,1,2026-03-13,completer,3.0,782.0,10.0,100.0,68.9
S00002,2026-03-15,COURSE_101,27,10,2,0,2026-03-18,explicit_dropout,2.0,16.0,2.0,20.0,63.5
S00003,2026-02-05,COURSE_101,34,10,5,0,2026-03-23,silent_dropout,11.0,344.0,5.0,50.0,60.0
S00004,2026-04-18,COURSE_101,24,10,3,0,2026-05-18,silent_dropout,13.0,128.0,3.0,30.0,60.0
S00005,2026-01-24,COURSE_101,34,10,10,1,2026-02-16,completer,3.0,763.0,10.0,100.0,77.3
S00006,2026-05-24,COURSE_101,30,10,10,1,2026-06-14,completer,2.0,763.0,10.0,100.0,76.3
S00007,2026-02-04,COURSE_101,19,10,10,1,2026-02-24,completer,2.0,650.0,10.0,100.0,87.2
S00008,2026-03-01,COURSE_101,42,10,2,0,2026-03-03,explicit_dropout,1.0,13.0,2.0,20.0,64.5
S00009,2026-05-10,COURSE_101,20,10,7,0,2026-07-04,silent_dropout,11.0,403.0,7.0,70.0,65.57142857142857
S00010,2026-05-19,COURSE_101,36,10,8,0,2026-07-25,silent_dropout,14.0,331.0,8.0,80.0,71.875
S00011,2026-01-28,COURSE_101,40,10,10,1,2026-02-19,completer,1.0,1030.0,10.0,100.0,86.0
S00012,2026-02-08,COURSE_101,26,10,0,0,2026-02-08,explicit_dropout,0.0,0.0,0.0,0.0,0.0
S00013,2026-01-18,COURSE_101,28,10,6,0,2026-03-06,silent_dropout,13.0,401.0,6.0,60.0,69.5
S00014,2026-01-10,COURSE_101,22,10,10,1,2026-01-30,completer,3.0,853.0,10.0,100.0,86.7
S00015,2026-03-21,COURSE_101,44,10,10,1,2026-04-10,completer,2.0,1051.0,10.0,100.0,90.9
S00016,2026-04-19,COURSE_101,35,10,10,1,2026-05-06,completer,2.0,999.0,10.0,100.0,84.1
S00017,2026-04-17,COURSE_101,31,10,10,1,2026-05-11,completer,3.0,878.0,10.0,100.0,91.8
S00018,2026-04-08,COURSE_101,22,10,10,1,2026-04-28,completer,3.0,886.0,10.0,100.0,67.5
S00019,2026-02-20,COURSE_101,43,10,10,1,2026-03-14,completer,3.0,959.0,10.0,100.0,74.5
S00020,2026-05-06,COURSE_101,40,10,10,1,2026-05-31,completer,2.0,936.0,10.0,100.0,69.0
S00021,2026-03-28,COURSE_101,41,10,8,0,2026-06-10,silent_dropout,17.0,421.0,8.0,80.0,56.125
S00022,2026-02-21,COURSE_101,42,10,10,1,2026-03-10,completer,3.0,1248.0,10.0,100.0,89.7
S00023,2026-05-12,COURSE_101,41,10,10,1,2026-06-01,completer,3.0,920.0,10.0,100.0,90.7
S00024,2026-02-06,COURSE_101,26,10,10,1,2026-02-26,completer,3.0,696.0,10.0,100.0,83.7
S00025,2026-01-02,COURSE_101,40,10,10,1,2026-01-24,completer,2.0,1065.0,10.0,100.0,71.3
S00026,2026-04-14,COURSE_101,30,10,4,0,2026-05-23,silent_dropout,12.0,245.0,4.0,40.0,70.5
S00027,2026-03-10,COURSE_101,29,10,10,1,2026-03-28,completer,2.0,1093.0,10.0,100.0,88.9
S00028,2026-05-19,COURSE_101,41,10,10,1,2026-06-10,completer,3.0,906.0,10.0,100.0,72.5
S00029,2026-05-23,COURSE_101,26,10,4,0,2026-06-23,silent_dropout,11.0,317.0,4.0,40.0,66.25
S00030,2026-02-04,COURSE_101,19,10,10,1,2026-02-27,completer,3.0,728.0,10.0,100.0,87.0
S00031,2026-01-13,COURSE_101,28,10,8,0,2026-03-23,silent_dropout,14.0,471.0,8.0,80.0,53.75
S00032,2026-05-27,COURSE_101,24,10,10,1,2026-06-21,completer,3.0,877.0,10.0,100.0,74.5
S00033,2026-01-13,COURSE_101,23,10,10,1,2026-02-01,completer,3.0,746.0,10.0,100.0,81.9
S00034,2026-01-17,COURSE_101,42,10,1,0,2026-01-19,explicit_dropout,0.0,17.0,1.0,10.0,69.0
S00035,2026-05-02,COURSE_101,33,10,1,0,2026-05-03,explicit_dropout,0.0,8.0,1.0,10.0,51.0
S00036,2026-04-14,COURSE_101,21,10,5,0,2026-05-29,silent_dropout,13.0,328.0,5.0,50.0,68.6
S00037,2026-03-31,COURSE_101,31,10,10,1,2026-04-20,completer,2.0,1004.0,10.0,100.0,74.0
S00038,2026-05-21,COURSE_101,22,10,10,1,2026-06-09,completer,2.0,934.0,10.0,100.0,69.2
S00039,2026-03-15,COURSE_101,44,10,5,0,2026-05-06,silent_dropout,18.0,244.0,5.0,50.0,59.2
S00040,2026-03-23,COURSE_101,44,10,10,1,2026-04-15,completer,3.0,1005.0,10.0,100.0,68.2
S00041,2026-02-09,COURSE_101,33,10,10,1,2026-03-04,completer,3.0,954.0,10.0,100.0,67.1
S00042,2026-01-22,COURSE_101,23,10,10,1,2026-02-11,completer,3.0,564.0,10.0,100.0,85.4
S00043,2026-03-25,COURSE_101,40,10,10,1,2026-04-19,completer,3.0,853.0,10.0,100.0,83.0
S00044,2026-03-24,COURSE_101,38,10,2,0,2026-03-27,explicit_dropout,1.0,17.0,2.0,20.0,68.0
S00045,2026-03-16,COURSE_101,19,10,10,1,2026-04-06,completer,2.0,732.0,10.0,100.0,68.2
S00046,2026-05-04,COURSE_101,44,10,3,0,2026-06-04,silent_dropout,12.0,288.0,3.0,30.0,62.0
S00047,2026-04-10,COURSE_101,37,10,10,1,2026-04-28,completer,3.0,1066.0,10.0,100.0,70.5
S00048,2026-02-16,COURSE_101,39,10,10,1,2026-03-09,completer,2.0,1020.0,10.0,100.0,67.8
S00049,2026-05-19,COURSE_101,38,10,10,1,2026-06-08,completer,3.0,730.0,10.0,100.0,88.9
S00050,2026-03-02,COURSE_101,41,10,10,1,2026-03-29,completer,3.0,1067.0,10.0,100.0,76.3
S00051,2026-03-13,COURSE_101,27,10,2,0,2026-03-15,explicit_dropout,1.0,12.0,2.0,20.0,55.5
S00052,2026-04-08,COURSE_101,26,10,4,0,2026-05-12,silent_dropout,11.0,288.0,4.0,40.0,71.25
S00053,2026-04-30,COURSE_101,39,10,0,0,2026-04-30,explicit_dropout,0.0,0.0,0.0,0.0,0.0
S00054,2026-03-21,COURSE_101,29,10,0,0,2026-03-21,explicit_dropout,0.0,0.0,0.0,0.0,0.0
S00055,2026-04-28,COURSE_101,42,10,2,0,2026-05-21,silent_dropout,14.0,178.0,2.0,20.0,67.0
S00056,2026-04-14,COURSE_101,30,10,2,0,2026-04-17,explicit_dropout,2.0,11.0,2.0,20.0,71.0
S00057,2026-03-20,COURSE_101,38,10,10,1,2026-04-15,completer,3.0,891.0,10.0,100.0,84.5
S00058,2026-03-03,COURSE_101,29,10,10,1,2026-03-28,completer,3.0,808.0,10.0,100.0,74.6
S00059,2026-01-28,COURSE_101,31,10,10,1,2026-02-16,completer,3.0,913.0,10.0,100.0,74.9
S00060,2026-04-24,COURSE_101,36,10,10,1,2026-05-13,completer,3.0,1029.0,10.0,100.0,85.2
S00061,2026-03-06,COURSE_101,36,10,10,1,2026-03-28,completer,2.0,852.0,10.0,100.0,74.7
S00062,2026-02-06,COURSE_101,23,10,10,1,2026-02-23,completer,2.0,1047.0,10.0,100.0,75.8
S00063,2026-05-07,COURSE_101,31,10,8,0,2026-07-14,silent_dropout,14.0,563.0,8.0,80.0,76.25
S00064,2026-04-05,COURSE_101,34,10,10,1,2026-05-02,completer,3.0,525.0,10.0,100.0,89.3
S00065,2026-05-09,COURSE_101,32,10,10,1,2026-05-29,completer,3.0,721.0,10.0,100.0,82.7
S00066,2026-01-01,COURSE_101,37,10,10,1,2026-01-27,completer,2.0,988.0,10.0,100.0,77.1
S00067,2026-03-09,COURSE_101,26,10,10,1,2026-03-31,completer,2.0,897.0,10.0,100.0,86.0
S00068,2026-02-13,COURSE_101,31,10,3,0,2026-03-15,silent_dropout,11.0,231.0,3.0,30.0,76.0
S00069,2026-02-15,COURSE_101,39,10,10,1,2026-03-14,completer,3.0,888.0,10.0,100.0,88.5
S00070,2026-02-09,COURSE_101,18,10,0,0,2026-02-09,explicit_dropout,0.0,0.0,0.0,0.0,0.0
S00071,2026-03-06,COURSE_101,34,10,2,0,2026-03-31,silent_dropout,14.0,81.0,2.0,20.0,66.5
S00072,2026-03-19,COURSE_101,23,10,10,1,2026-04-06,completer,2.0,1002.0,10.0,100.0,76.4
S00073,2026-02-27,COURSE_101,23,10,10,1,2026-03-21,completer,3.0,1129.0,10.0,100.0,79.2
S00074,2026-04-22,COURSE_101,37,10,4,0,2026-06-03,silent_dropout,15.0,225.0,4.0,40.0,60.5
S00075,2026-01-30,COURSE_101,20,10,2,0,2026-02-24,silent_dropout,15.0,109.0,2.0,20.0,62.5
S00076,2026-01-11,COURSE_101,37,10,6,0,2026-03-02,silent_dropout,12.0,326.0,6.0,60.0,72.66666666666667
S00077,2026-05-04,COURSE_101,43,10,6,0,2026-06-17,silent_dropout,11.0,317.0,6.0,60.0,57.0
S00078,2026-03-09,COURSE_101,20,10,10,1,2026-03-30,completer,3.0,1003.0,10.0,100.0,77.1
S00079,2026-01-12,COURSE_101,24,10,10,1,2026-01-31,completer,2.0,884.0,10.0,100.0,67.3
S00080,2026-01-24,COURSE_101,30,10,10,1,2026-02-12,completer,2.0,744.0,10.0,100.0,85.3
S00081,2026-01-27,COURSE_101,38,10,2,0,2026-01-30,explicit_dropout,1.0,30.0,2.0,20.0,53.5
S00082,2026-01-31,COURSE_101,43,10,4,0,2026-03-10,silent_dropout,12.0,242.0,4.0,40.0,72.0
S00083,2026-04-21,COURSE_101,23,10,10,1,2026-05-08,completer,2.0,1077.0,10.0,100.0,66.9
S00084,2026-04-26,COURSE_101,31,10,10,1,2026-05-18,completer,3.0,961.0,10.0,100.0,74.2
S00085,2026-04-12,COURSE_101,33,10,10,1,2026-05-06,completer,3.0,1098.0,10.0,100.0,74.0
S00086,2026-02-08,COURSE_101,18,10,10,1,2026-03-03,completer,3.0,779.0,10.0,100.0,72.3
S00087,2026-04-18,COURSE_101,32,10,4,0,2026-05-25,silent_dropout,16.0,203.0,4.0,40.0,67.25
S00088,2026-05-03,COURSE_101,21,10,8,0,2026-07-15,silent_dropout,16.0,440.0,8.0,80.0,51.875
S00089,2026-02-15,COURSE_101,33,10,0,0,2026-02-15,explicit_dropout,0.0,0.0,0.0,0.0,0.0
S00090,2026-03-08,COURSE_101,40,10,10,1,2026-04-05,completer,3.0,1100.0,10.0,100.0,74.5
S00091,2026-02-23,COURSE_101,39,10,10,1,2026-03-20,completer,3.0,943.0,10.0,100.0,87.8
S00092,2026-04-27,COURSE_101,36,10,5,0,2026-06-02,silent_dropout,9.0,243.0,5.0,50.0,71.2
S00093,2026-01-25,COURSE_101,21,10,7,0,2026-03-20,silent_dropout,17.0,423.0,7.0,70.0,74.14285714285714
S00094,2026-04-30,COURSE_101,40,10,6,0,2026-06-26,silent_dropout,16.0,277.0,6.0,60.0,66.33333333333333
S00095,2026-01-14,COURSE_101,21,10,2,0,2026-02-03,silent_dropout,9.0,244.0,2.0,20.0,79.5
S00096,2026-01-06,COURSE_101,33,10,10,1,2026-01-29,completer,1.0,1089.0,10.0,100.0,89.5
S00097,2026-03-02,COURSE_101,43,10,10,1,2026-03-25,completer,2.0,1108.0,10.0,100.0,83.7
S00098,2026-05-10,COURSE_101,41,10,10,1,2026-05-29,completer,3.0,677.0,10.0,100.0,68.6
S00099,2026-02-25,COURSE_101,36,10,10,1,2026-03-20,completer,2.0,1005.0,10.0,100.0,84.2
S00100,2026-02-11,COURSE_101,39,10,10,1,2026-03-01,completer,1.0,1094.0,10.0,100.0,69.0
S00101,2026-02-01,COURSE_101,34,10,10,1,2026-02-23,completer,2.0,1147.0,10.0,100.0,70.6
S00102,2026-04-07,COURSE_101,38,10,3,0,2026-05-10,silent_dropout,16.0,182.0,3.0,30.0,77.33333333333333
S00103,2026-02-10,COURSE_101,34,10,10,1,2026-03-01,completer,3.0,781.0,10.0,100.0,81.5
S00104,2026-03-23,COURSE_101,30,10,10,1,2026-04-14,completer,3.0,802.0,10.0,100.0,88.7
S00105,2026-03-19,COURSE_101,33,10,1,0,2026-03-21,explicit_dropout,0.0,14.0,1.0,10.0,45.0
S00106,2026-03-07,COURSE_101,31,10,10,1,2026-03-26,completer,1.0,1173.0,10.0,100.0,74.4
S00107,2026-01-14,COURSE_101,24,10,10,1,2026-02-03,completer,3.0,685.0,10.0,100.0,77.4
S00108,2026-01-20,COURSE_101,32,10,8,0,2026-03-22,silent_dropout,11.0,467.0,8.0,80.0,59.875
S00109,2026-01-13,COURSE_101,32,10,10,1,2026-01-31,completer,3.0,737.0,10.0,100.0,74.7
S00110,2026-04-16,COURSE_101,27,10,10,1,2026-05-09,completer,3.0,879.0,10.0,100.0,88.6
S00111,2026-03-09,COURSE_101,27,10,10,1,2026-03-29,completer,3.0,901.0,10.0,100.0,86.7
S00112,2026-03-31,COURSE_101,40,10,10,1,2026-04-25,completer,3.0,1008.0,10.0,100.0,82.3
S00113,2026-01-16,COURSE_101,32,10,0,0,2026-01-16,explicit_dropout,0.0,0.0,0.0,0.0,0.0
S00114,2026-05-25,COURSE_101,43,10,3,0,2026-06-21,silent_dropout,13.0,231.0,3.0,30.0,63.0
S00115,2026-05-18,COURSE_101,18,10,3,0,2026-06-13,silent_dropout,10.0,118.0,3.0,30.0,64.0
S00116,2026-05-21,COURSE_101,28,10,1,0,2026-05-22,explicit_dropout,0.0,18.0,1.0,10.0,75.0
S00117,2026-02-05,COURSE_101,30,10,3,0,2026-03-07,silent_dropout,13.0,123.0,3.0,30.0,67.33333333333333
S00118,2026-05-11,COURSE_101,36,10,10,1,2026-05-30,completer,2.0,1002.0,10.0,100.0,75.9
S00119,2026-01-14,COURSE_101,27,10,0,0,2026-01-14,explicit_dropout,0.0,0.0,0.0,0.0,0.0
S00120,2026-02-26,COURSE_101,28,10,10,1,2026-03-20,completer,3.0,977.0,10.0,100.0,88.0
S00121,2026-05-30,COURSE_101,27,10,8,0,2026-07-22,silent_dropout,11.0,394.0,7.0,70.0,75.42857142857143
S00122,2026-05-17,COURSE_101,44,10,2,0,2026-05-20,explicit_dropout,2.0,17.0,2.0,20.0,59.0
S00123,2026-01-03,COURSE_101,19,10,10,1,2026-01-23,completer,3.0,961.0,10.0,100.0,71.9
S00124,2026-03-08,COURSE_101,19,10,10,1,2026-03-24,completer,2.0,1166.0,10.0,100.0,73.0
S00125,2026-04-04,COURSE_101,37,10,10,1,2026-04-26,completer,3.0,915.0,10.0,100.0,76.0
S00126,2026-02-20,COURSE_101,38,10,10,1,2026-03-12,completer,1.0,987.0,10.0,100.0,66.6
S00127,2026-01-20,COURSE_101,42,10,3,0,2026-02-16,silent_dropout,12.0,149.0,3.0,30.0,74.66666666666667
S00128,2026-04-01,COURSE_101,34,10,0,0,2026-04-01,explicit_dropout,0.0,0.0,0.0,0.0,0.0
S00129,2026-03-13,COURSE_101,41,10,10,1,2026-03-30,completer,2.0,750.0,10.0,100.0,84.8
S00130,2026-01-28,COURSE_101,41,10,10,1,2026-02-25,completer,3.0,853.0,10.0,100.0,69.8
S00131,2026-04-17,COURSE_101,34,10,10,1,2026-05-08,completer,2.0,1040.0,10.0,100.0,78.0
S00132,2026-03-10,COURSE_101,20,10,10,1,2026-03-31,completer,2.0,942.0,10.0,100.0,78.9
S00133,2026-01-30,COURSE_101,21,10,10,1,2026-02-23,completer,2.0,1103.0,10.0,100.0,81.1
S00134,2026-04-14,COURSE_101,40,10,10,1,2026-05-08,completer,3.0,854.0,10.0,100.0,85.4
S00135,2026-04-07,COURSE_101,18,10,2,0,2026-04-11,explicit_dropout,2.0,26.0,2.0,20.0,66.5
S00136,2026-05-10,COURSE_101,29,10,10,1,2026-05-31,completer,2.0,1113.0,10.0,100.0,82.1
S00137,2026-05-13,COURSE_101,44,10,10,1,2026-06-05,completer,2.0,875.0,10.0,100.0,69.2
S00138,2026-04-16,COURSE_101,44,10,4,0,2026-05-25,silent_dropout,10.0,259.0,4.0,40.0,63.0
S00139,2026-01-02,COURSE_101,29,10,10,1,2026-01-18,completer,2.0,753.0,10.0,100.0,73.1
S00140,2026-05-17,COURSE_101,44,10,1,0,2026-05-19,explicit_dropout,0.0,6.0,1.0,10.0,74.0
S00141,2026-01-15,COURSE_101,39,10,0,0,2026-01-15,explicit_dropout,0.0,0.0,0.0,0.0,0.0
S00142,2026-03-15,COURSE_101,33,10,10,1,2026-04-05,completer,3.0,771.0,10.0,100.0,91.4
S00143,2026-05-07,COURSE_101,31,10,10,1,2026-05-24,completer,2.0,1141.0,10.0,100.0,84.3
S00144,2026-05-26,COURSE_101,38,10,10,1,2026-06-18,completer,2.0,1134.0,10.0,100.0,68.5
S00145,2026-05-18,COURSE_101,25,10,10,1,2026-06-04,completer,2.0,774.0,10.0,100.0,75.2
S00146,2026-02-16,COURSE_101,37,10,10,1,2026-03-12,completer,3.0,1181.0,10.0,100.0,78.3
S00147,2026-03-24,COURSE_101,44,10,5,0,2026-05-08,silent_dropout,13.0,333.0,5.0,50.0,68.2
S00148,2026-05-03,COURSE_101,37,10,10,1,2026-05-23,completer,3.0,1224.0,10.0,100.0,64.2
S00149,2026-04-28,COURSE_101,44,10,10,1,2026-05-22,completer,3.0,847.0,10.0,100.0,80.0
S00150,2026-04-13,COURSE_101,22,10,10,1,2026-05-08,completer,3.0,1094.0,10.0,100.0,77.2
S00151,2026-04-29,COURSE_101,37,10,1,0,2026-05-01,explicit_dropout,0.0,12.0,1.0,10.0,61.0
S00152,2026-04-01,COURSE_101,37,10,10,1,2026-04-18,completer,2.0,1095.0,10.0,100.0,68.6
S00153,2026-05-13,COURSE_101,29,10,10,1,2026-06-03,completer,2.0,1125.0,10.0,100.0,89.4
S00154,2026-02-09,COURSE_101,19,10,10,1,2026-03-06,completer,3.0,964.0,10.0,100.0,86.5
S00155,2026-04-13,COURSE_101,19,10,2,0,2026-04-16,explicit_dropout,2.0,21.0,2.0,20.0,73.0
S00156,2026-01-16,COURSE_101,31,10,10,1,2026-02-04,completer,3.0,704.0,10.0,100.0,70.5
S00157,2026-04-03,COURSE_101,31,10,5,0,2026-05-14,silent_dropout,10.0,258.0,5.0,50.0,58.4
S00158,2026-04-23,COURSE_101,26,10,4,0,2026-06-01,silent_dropout,13.0,368.0,4.0,40.0,69.0
S00159,2026-03-29,COURSE_101,19,10,10,1,2026-04-19,completer,2.0,950.0,10.0,100.0,93.3
S00160,2026-04-14,COURSE_101,43,10,5,0,2026-05-26,silent_dropout,11.0,345.0,5.0,50.0,56.0
S00161,2026-02-23,COURSE_101,36,10,10,1,2026-03-13,completer,2.0,828.0,10.0,100.0,73.6
S00162,2026-05-05,COURSE_101,35,10,2,0,2026-06-01,silent_dropout,17.0,93.0,2.0,20.0,81.5
S00163,2026-03-29,COURSE_101,44,10,3,0,2026-04-26,silent_dropout,13.0,164.0,3.0,30.0,75.66666666666667
S00164,2026-04-15,COURSE_101,22,10,10,1,2026-05-05,completer,2.0,805.0,10.0,100.0,69.3
S00165,2026-03-21,COURSE_101,35,10,10,1,2026-04-08,completer,2.0,927.0,10.0,100.0,78.5
S00166,2026-05-21,COURSE_101,43,10,8,0,2026-07-18,silent_dropout,12.0,278.0,7.0,70.0,75.42857142857143
S00167,2026-04-15,COURSE_101,21,10,10,1,2026-05-06,completer,2.0,1188.0,10.0,100.0,67.7
S00168,2026-05-19,COURSE_101,35,10,10,1,2026-06-10,completer,3.0,875.0,10.0,100.0,79.6
S00169,2026-04-02,COURSE_101,22,10,10,1,2026-04-21,completer,3.0,849.0,10.0,100.0,87.0
S00170,2026-03-12,COURSE_101,41,10,4,0,2026-04-17,silent_dropout,17.0,288.0,4.0,40.0,79.75
S00171,2026-05-08,COURSE_101,35,10,2,0,2026-05-27,silent_dropout,10.0,78.0,2.0,20.0,68.5
S00172,2026-03-30,COURSE_101,28,10,10,1,2026-04-23,completer,3.0,792.0,10.0,100.0,69.9
S00173,2026-01-15,COURSE_101,35,10,10,1,2026-02-08,completer,3.0,1282.0,10.0,100.0,76.7
S00174,2026-04-17,COURSE_101,44,10,10,1,2026-05-10,completer,3.0,867.0,10.0,100.0,80.9
S00175,2026-02-22,COURSE_101,44,10,4,0,2026-03-25,silent_dropout,10.0,218.0,4.0,40.0,64.0
S00176,2026-03-30,COURSE_101,21,10,10,1,2026-04-21,completer,3.0,843.0,10.0,100.0,85.6
S00177,2026-04-23,COURSE_101,33,10,7,0,2026-06-16,silent_dropout,10.0,394.0,7.0,70.0,78.71428571428571
S00178,2026-03-22,COURSE_101,28,10,10,1,2026-04-07,completer,2.0,639.0,10.0,100.0,87.6
S00179,2026-05-28,COURSE_101,19,10,1,0,2026-05-29,explicit_dropout,0.0,10.0,1.0,10.0,76.0
S00180,2026-03-06,COURSE_101,21,10,10,1,2026-03-28,completer,2.0,1115.0,10.0,100.0,89.7
S00181,2026-03-07,COURSE_101,29,10,10,1,2026-03-26,completer,2.0,1119.0,10.0,100.0,83.4
S00182,2026-01-23,COURSE_101,40,10,10,1,2026-02-13,completer,2.0,1090.0,10.0,100.0,88.5
S00183,2026-03-26,COURSE_101,21,10,0,0,2026-03-26,explicit_dropout,0.0,0.0,0.0,0.0,0.0
S00184,2026-01-21,COURSE_101,38,10,0,0,2026-01-21,explicit_dropout,0.0,0.0,0.0,0.0,0.0
S00185,2026-01-26,COURSE_101,18,10,10,1,2026-02-17,completer,3.0,1045.0,10.0,100.0,75.7
S00186,2026-03-10,COURSE_101,40,10,4,0,2026-04-08,silent_dropout,10.0,196.0,4.0,40.0,63.25
S00187,2026-05-07,COURSE_101,42,10,3,0,2026-05-31,silent_dropout,10.0,118.0,3.0,30.0,78.33333333333333
S00188,2026-02-16,COURSE_101,33,10,7,0,2026-04-10,silent_dropout,13.0,458.0,7.0,70.0,62.857142857142854
S00189,2026-01-19,COURSE_101,38,10,10,1,2026-02-08,completer,3.0,646.0,10.0,100.0,82.6
S00190,2026-03-04,COURSE_101,41,10,10,1,2026-03-20,completer,2.0,949.0,10.0,100.0,82.7
S00191,2026-05-03,COURSE_101,28,10,10,1,2026-05-22,completer,2.0,639.0,10.0,100.0,85.5
S00192,2026-03-01,COURSE_101,42,10,1,0,2026-03-02,explicit_dropout,0.0,17.0,1.0,10.0,56.0
S00193,2026-05-27,COURSE_101,30,10,2,0,2026-05-29,explicit_dropout,1.0,34.0,2.0,20.0,44.0
S00194,2026-03-31,COURSE_101,21,10,5,0,2026-05-12,silent_dropout,14.0,257.0,5.0,50.0,58.0
S00195,2026-03-16,COURSE_101,33,10,10,1,2026-04-03,completer,2.0,912.0,10.0,100.0,73.1
S00196,2026-01-05,COURSE_101,44,10,10,1,2026-02-01,completer,3.0,725.0,10.0,100.0,66.6
S00197,2026-04-09,COURSE_101,33,10,3,0,2026-05-09,silent_dropout,16.0,341.0,3.0,30.0,81.66666666666667
S00198,2026-03-25,COURSE_101,32,10,1,0,2026-03-27,explicit_dropout,0.0,10.0,1.0,10.0,47.0
S00199,2026-01-01,COURSE_101,20,10,2,0,2026-01-05,explicit_dropout,2.0,36.0,2.0,20.0,48.0
S00200,2026-01-13,COURSE_101,35,10,4,0,2026-02-26,silent_dropout,17.0,221.0,4.0,40.0,69.25
S00201,2026-03-09,COURSE_101,24,10,8,0,2026-05-15,silent_dropout,12.0,574.0,8.0,80.0,60.75
S00202,2026-05-20,COURSE_101,28,10,10,1,2026-06-14,completer,3.0,931.0,10.0,100.0,86.3
S00203,2026-01-24,COURSE_101,28,10,10,1,2026-02-15,completer,3.0,952.0,10.0,100.0,83.2
S00204,2026-01-17,COURSE_101,37,10,1,0,2026-01-18,explicit_dropout,0.0,11.0,1.0,10.0,70.0
S00205,2026-02-17,COURSE_101,41,10,5,0,2026-03-28,silent_dropout,9.0,356.0,5.0,50.0,68.0
S00206,2026-04-21,COURSE_101,43,10,10,1,2026-05-10,completer,2.0,856.0,10.0,100.0,68.7
S00207,2026-04-08,COURSE_101,24,10,10,1,2026-04-27,completer,2.0,791.0,10.0,100.0,82.2
S00208,2026-03-14,COURSE_101,32,10,5,0,2026-04-23,silent_dropout,9.0,253.0,5.0,50.0,77.2
S00209,2026-03-30,COURSE_101,33,10,10,1,2026-04-17,completer,3.0,1075.0,10.0,100.0,84.8
S00210,2026-03-21,COURSE_101,41,10,10,1,2026-04-09,completer,2.0,1040.0,10.0,100.0,75.9
S00211,2026-01-24,COURSE_101,33,10,10,1,2026-02-11,completer,3.0,977.0,10.0,100.0,68.4
S00212,2026-01-19,COURSE_101,21,10,8,0,2026-03-28,silent_dropout,12.0,460.0,8.0,80.0,61.625
S00213,2026-03-13,COURSE_101,41,10,4,0,2026-04-18,silent_dropout,17.0,179.0,4.0,40.0,75.75
S00214,2026-05-24,COURSE_101,25,10,10,1,2026-06-17,completer,3.0,762.0,10.0,100.0,88.7
S00215,2026-02-17,COURSE_101,24,10,8,0,2026-04-23,silent_dropout,11.0,533.0,8.0,80.0,57.0
S00216,2026-03-29,COURSE_101,19,10,10,1,2026-04-19,completer,2.0,1064.0,10.0,100.0,80.0
S00217,2026-03-09,COURSE_101,38,10,10,1,2026-03-31,completer,3.0,685.0,10.0,100.0,91.0
S00218,2026-02-12,COURSE_101,33,10,2,0,2026-03-06,silent_dropout,10.0,169.0,2.0,20.0,61.0
S00219,2026-02-21,COURSE_101,39,10,8,0,2026-04-25,silent_dropout,12.0,474.0,8.0,80.0,65.625
S00220,2026-03-06,COURSE_101,36,10,4,0,2026-04-06,silent_dropout,10.0,191.0,4.0,40.0,73.5
S00221,2026-05-26,COURSE_101,21,10,5,0,2026-07-02,silent_dropout,11.0,373.0,5.0,50.0,58.4
S00222,2026-04-26,COURSE_101,30,10,8,0,2026-07-06,silent_dropout,15.0,483.0,8.0,80.0,68.625
S00223,2026-04-01,COURSE_101,42,10,10,1,2026-04-21,completer,3.0,885.0,10.0,100.0,77.9
S00224,2026-02-21,COURSE_101,38,10,10,1,2026-03-20,completer,3.0,754.0,10.0,100.0,72.2
S00225,2026-04-19,COURSE_101,39,10,10,1,2026-05-10,completer,2.0,1160.0,10.0,100.0,86.4
S00226,2026-02-07,COURSE_101,31,10,10,1,2026-03-01,completer,3.0,969.0,10.0,100.0,74.3
S00227,2026-03-26,COURSE_101,20,10,2,0,2026-03-28,explicit_dropout,1.0,27.0,2.0,20.0,53.5
S00228,2026-03-18,COURSE_101,25,10,10,1,2026-04-08,completer,2.0,1232.0,10.0,100.0,74.2
S00229,2026-01-14,COURSE_101,34,10,1,0,2026-01-16,explicit_dropout,0.0,12.0,1.0,10.0,62.0
S00230,2026-03-02,COURSE_101,24,10,5,0,2026-04-07,silent_dropout,10.0,386.0,5.0,50.0,73.6
S00231,2026-02-06,COURSE_101,21,10,6,0,2026-04-01,silent_dropout,14.0,338.0,6.0,60.0,57.833333333333336
S00232,2026-03-28,COURSE_101,37,10,10,1,2026-04-19,completer,3.0,820.0,10.0,100.0,82.6
S00233,2026-01-26,COURSE_101,21,10,3,0,2026-02-21,silent_dropout,9.0,123.0,3.0,30.0,82.66666666666667
S00234,2026-01-26,COURSE_101,30,10,10,1,2026-02-15,completer,3.0,986.0,10.0,100.0,68.9
S00235,2026-05-13,COURSE_101,18,10,10,1,2026-06-01,completer,3.0,989.0,10.0,100.0,91.4
S00236,2026-01-11,COURSE_101,26,10,3,0,2026-02-07,silent_dropout,10.0,263.0,3.0,30.0,76.33333333333333
S00237,2026-05-05,COURSE_101,41,10,10,1,2026-05-19,completer,1.0,1007.0,10.0,100.0,67.0
S00238,2026-04-25,COURSE_101,29,10,10,1,2026-05-18,completer,3.0,1039.0,10.0,100.0,76.9
S00239,2026-02-10,COURSE_101,31,10,2,0,2026-03-03,silent_dropout,11.0,160.0,2.0,20.0,69.5
S00240,2026-05-26,COURSE_101,41,10,10,1,2026-06-12,completer,3.0,831.0,10.0,100.0,78.4
S00241,2026-02-11,COURSE_101,18,10,2,0,2026-02-15,explicit_dropout,2.0,36.0,2.0,20.0,49.5
S00242,2026-01-21,COURSE_101,33,10,2,0,2026-01-24,explicit_dropout,2.0,19.0,2.0,20.0,68.0
S00243,2026-02-05,COURSE_101,44,10,0,0,2026-02-05,explicit_dropout,0.0,0.0,0.0,0.0,0.0
S00244,2026-03-13,COURSE_101,31,10,10,1,2026-04-05,completer,3.0,807.0,10.0,100.0,86.7
S00245,2026-05-12,COURSE_101,44,10,10,1,2026-06-05,completer,3.0,979.0,10.0,100.0,92.8
S00246,2026-05-17,COURSE_101,25,10,2,0,2026-05-19,explicit_dropout,1.0,19.0,2.0,20.0,53.5
S00247,2026-03-21,COURSE_101,37,10,10,1,2026-04-06,completer,2.0,915.0,10.0,100.0,71.7
S00248,2026-05-13,COURSE_101,28,10,1,0,2026-05-14,explicit_dropout,0.0,13.0,1.0,10.0,54.0
S00249,2026-02-23,COURSE_101,30,10,0,0,2026-02-23,explicit_dropout,0.0,0.0,0.0,0.0,0.0
S00250,2026-03-27,COURSE_101,33,10,0,0,2026-03-27,explicit_dropout,0.0,0.0,0.0,0.0,0.0
S00251,2026-04-28,COURSE_101,43,10,10,1,2026-05-19,completer,3.0,826.0,10.0,100.0,90.8
S00252,2026-01-10,COURSE_101,33,10,10,1,2026-02-01,completer,3.0,1052.0,10.0,100.0,74.6
S00253,2026-04-26,COURSE_101,44,10,1,0,2026-04-28,explicit_dropout,0.0,19.0,1.0,10.0,58.0
S00254,2026-02-22,COURSE_101,44,10,10,1,2026-03-11,completer,1.0,1006.0,10.0,100.0,81.1
S00255,2026-01-15,COURSE_101,36,10,10,1,2026-02-02,completer,2.0,867.0,10.0,100.0,84.5
S00256,2026-02-21,COURSE_101,31,10,3,0,2026-03-23,silent_dropout,13.0,219.0,3.0,30.0,65.33333333333333
S00257,2026-03-22,COURSE_101,32,10,2,0,2026-03-25,explicit_dropout,2.0,21.0,2.0,20.0,44.5
S00258,2026-03-07,COURSE_101,27,10,4,0,2026-04-17,silent_dropout,12.0,264.0,4.0,40.0,71.0
S00259,2026-02-08,COURSE_101,38,10,3,0,2026-03-03,silent_dropout,8.0,222.0,3.0,30.0,60.666666666666664
S00260,2026-04-30,COURSE_101,39,10,10,1,2026-05-25,completer,3.0,965.0,10.0,100.0,71.6
S00261,2026-05-17,COURSE_101,43,10,2,0,2026-06-09,silent_dropout,16.0,51.0,2.0,20.0,68.0
S00262,2026-01-06,COURSE_101,35,10,2,0,2026-01-08,explicit_dropout,1.0,26.0,2.0,20.0,49.5
S00263,2026-03-21,COURSE_101,20,10,10,1,2026-04-13,completer,3.0,613.0,10.0,100.0,86.5
S00264,2026-03-13,COURSE_101,42,10,10,1,2026-03-31,completer,3.0,683.0,10.0,100.0,83.7
S00265,2026-05-22,COURSE_101,22,10,1,0,2026-05-24,explicit_dropout,0.0,15.0,1.0,10.0,56.0
S00266,2026-03-12,COURSE_101,42,10,5,0,2026-04-25,silent_dropout,10.0,418.0,5.0,50.0,83.2
S00267,2026-03-12,COURSE_101,37,10,2,0,2026-04-02,silent_dropout,11.0,204.0,2.0,20.0,85.0
S00268,2026-05-06,COURSE_101,25,10,8,0,2026-07-07,silent_dropout,11.0,528.0,8.0,80.0,62.125
S00269,2026-03-19,COURSE_101,36,10,10,1,2026-04-06,completer,2.0,1012.0,10.0,100.0,89.5
S00270,2026-03-23,COURSE_101,21,10,10,1,2026-04-16,completer,2.0,970.0,10.0,100.0,83.4
S00271,2026-04-24,COURSE_101,34,10,6,0,2026-06-21,silent_dropout,13.0,314.0,6.0,60.0,69.83333333333333
S00272,2026-04-18,COURSE_101,30,10,2,0,2026-05-10,silent_dropout,8.0,187.0,2.0,20.0,61.0
S00273,2026-05-06,COURSE_101,42,10,1,0,2026-05-07,explicit_dropout,0.0,5.0,1.0,10.0,45.0
S00274,2026-05-26,COURSE_101,33,10,2,0,2026-05-29,explicit_dropout,1.0,29.0,2.0,20.0,71.0
S00275,2026-01-13,COURSE_101,32,10,10,1,2026-02-04,completer,2.0,1058.0,10.0,100.0,85.8
S00276,2026-01-23,COURSE_101,35,10,10,1,2026-02-14,completer,2.0,1007.0,10.0,100.0,75.9
S00277,2026-01-27,COURSE_101,29,10,2,0,2026-02-10,silent_dropout,7.0,158.0,2.0,20.0,79.0
S00278,2026-03-24,COURSE_101,25,10,7,0,2026-05-14,silent_dropout,10.0,439.0,7.0,70.0,75.71428571428571
S00279,2026-05-19,COURSE_101,26,10,8,0,2026-07-27,silent_dropout,13.0,455.0,8.0,80.0,68.25
S00280,2026-05-10,COURSE_101,24,10,8,0,2026-07-11,silent_dropout,11.0,461.0,8.0,80.0,77.0
S00281,2026-01-15,COURSE_101,31,10,2,0,2026-01-18,explicit_dropout,2.0,21.0,2.0,20.0,70.0
S00282,2026-02-10,COURSE_101,42,10,10,1,2026-02-28,completer,2.0,897.0,10.0,100.0,84.4
S00283,2026-03-05,COURSE_101,27,10,10,1,2026-03-26,completer,2.0,904.0,10.0,100.0,81.2
S00284,2026-04-22,COURSE_101,44,10,10,1,2026-05-11,completer,2.0,814.0,10.0,100.0,89.7
S00285,2026-05-14,COURSE_101,44,10,4,0,2026-06-23,silent_dropout,17.0,228.0,4.0,40.0,65.5
S00286,2026-04-30,COURSE_101,34,10,10,1,2026-05-20,completer,2.0,1128.0,10.0,100.0,77.5
S00287,2026-04-17,COURSE_101,20,10,10,1,2026-05-08,completer,3.0,826.0,10.0,100.0,92.0
S00288,2026-01-12,COURSE_101,26,10,10,1,2026-02-06,completer,3.0,922.0,10.0,100.0,87.6
S00289,2026-05-17,COURSE_101,35,10,10,1,2026-06-07,completer,3.0,1013.0,10.0,100.0,78.3
S00290,2026-02-01,COURSE_101,24,10,3,0,2026-02-25,silent_dropout,9.0,213.0,3.0,30.0,68.33333333333333
S00291,2026-01-17,COURSE_101,39,10,10,1,2026-02-08,completer,3.0,947.0,10.0,100.0,86.2
S00292,2026-01-09,COURSE_101,19,10,10,1,2026-02-04,completer,3.0,788.0,10.0,100.0,89.2
S00293,2026-04-01,COURSE_101,44,10,2,0,2026-04-18,silent_dropout,10.0,101.0,2.0,20.0,69.5
S00294,2026-02-03,COURSE_101,30,10,10,1,2026-02-17,completer,3.0,773.0,10.0,100.0,77.8
S00295,2026-05-27,COURSE_101,33,10,10,1,2026-06-15,completer,2.0,873.0,10.0,100.0,70.9
S00296,2026-01-11,COURSE_101,25,10,10,1,2026-02-04,completer,3.0,1133.0,10.0,100.0,76.6
S00297,2026-04-14,COURSE_101,28,10,2,0,2026-05-03,silent_dropout,8.0,182.0,2.0,20.0,78.0
S00298,2026-01-05,COURSE_101,26,10,10,1,2026-01-26,completer,3.0,819.0,10.0,100.0,83.8
S00299,2026-03-15,COURSE_101,32,10,3,0,2026-04-14,silent_dropout,8.0,364.0,3.0,30.0,77.66666666666667
S00300,2026-01-16,COURSE_101,27,10,10,1,2026-02-05,completer,2.0,961.0,10.0,100.0,65.2
S00301,2026-04-20,COURSE_101,36,10,10,1,2026-05-12,completer,2.0,1054.0,10.0,100.0,68.6
S00302,2026-05-07,COURSE_101,24,10,10,1,2026-05-31,completer,3.0,1181.0,10.0,100.0,75.0
S00303,2026-02-10,COURSE_101,40,10,10,1,2026-03-06,completer,3.0,908.0,10.0,100.0,89.2
S00304,2026-02-05,COURSE_101,26,10,6,0,2026-03-30,silent_dropout,13.0,345.0,6.0,60.0,59.333333333333336
S00305,2026-03-17,COURSE_101,34,10,3,0,2026-04-18,silent_dropout,18.0,148.0,3.0,30.0,74.33333333333333
S00306,2026-02-03,COURSE_101,36,10,0,0,2026-02-03,explicit_dropout,0.0,0.0,0.0,0.0,0.0
S00307,2026-01-22,COURSE_101,43,10,10,1,2026-02-16,completer,3.0,1029.0,10.0,100.0,74.1
S00308,2026-04-18,COURSE_101,24,10,10,1,2026-05-04,completer,2.0,911.0,10.0,100.0,82.7
S00309,2026-01-29,COURSE_101,36,10,4,0,2026-03-08,silent_dropout,13.0,302.0,4.0,40.0,70.25
S00310,2026-01-08,COURSE_101,31,10,10,1,2026-02-02,completer,3.0,1122.0,10.0,100.0,80.8
S00311,2026-02-01,COURSE_101,44,10,10,1,2026-02-22,completer,3.0,865.0,10.0,100.0,70.1
S00312,2026-01-16,COURSE_101,35,10,10,1,2026-02-06,completer,3.0,900.0,10.0,100.0,74.9
S00313,2026-02-13,COURSE_101,41,10,10,1,2026-03-03,completer,3.0,664.0,10.0,100.0,70.0
S00314,2026-01-07,COURSE_101,20,10,0,0,2026-01-07,explicit_dropout,0.0,0.0,0.0,0.0,0.0
S00315,2026-05-02,COURSE_101,27,10,5,0,2026-06-11,silent_dropout,11.0,299.0,5.0,50.0,75.6
S00316,2026-02-01,COURSE_101,21,10,8,0,2026-04-08,silent_dropout,16.0,450.0,8.0,80.0,56.5
S00317,2026-02-16,COURSE_101,35,10,10,1,2026-03-07,completer,2.0,1215.0,10.0,100.0,84.3
S00318,2026-05-13,COURSE_101,37,10,10,1,2026-06-02,completer,2.0,1072.0,10.0,100.0,86.9
S00319,2026-05-22,COURSE_101,30,10,10,1,2026-06-14,completer,3.0,808.0,10.0,100.0,68.8
S00320,2026-05-18,COURSE_101,43,10,10,1,2026-06-08,completer,3.0,754.0,10.0,100.0,91.5
S00321,2026-04-12,COURSE_101,19,10,10,1,2026-05-04,completer,3.0,928.0,10.0,100.0,85.6
S00322,2026-05-21,COURSE_101,35,10,5,0,2026-06-30,silent_dropout,9.0,334.0,5.0,50.0,57.2
S00323,2026-04-26,COURSE_101,22,10,6,0,2026-06-11,silent_dropout,14.0,272.0,6.0,60.0,76.66666666666667
S00324,2026-04-26,COURSE_101,40,10,10,1,2026-05-14,completer,2.0,995.0,10.0,100.0,83.4
S00325,2026-03-26,COURSE_101,32,10,0,0,2026-03-26,explicit_dropout,0.0,0.0,0.0,0.0,0.0
S00326,2026-03-31,COURSE_101,32,10,8,0,2026-06-06,silent_dropout,16.0,437.0,8.0,80.0,61.75
S00327,2026-05-08,COURSE_101,19,10,2,0,2026-06-01,silent_dropout,15.0,225.0,2.0,20.0,61.5
S00328,2026-03-26,COURSE_101,30,10,8,0,2026-05-28,silent_dropout,9.0,546.0,8.0,80.0,56.75
S00329,2026-01-14,COURSE_101,38,10,10,1,2026-02-03,completer,3.0,810.0,10.0,100.0,74.0
S00330,2026-03-02,COURSE_101,23,10,10,1,2026-03-27,completer,3.0,772.0,10.0,100.0,91.3
S00331,2026-01-03,COURSE_101,19,10,10,1,2026-01-26,completer,2.0,1010.0,10.0,100.0,78.2
S00332,2026-03-14,COURSE_101,38,10,4,0,2026-04-17,silent_dropout,12.0,196.0,4.0,40.0,76.0
S00333,2026-04-27,COURSE_101,35,10,10,1,2026-05-15,completer,2.0,1034.0,10.0,100.0,73.2
S00334,2026-04-09,COURSE_101,20,10,10,1,2026-04-30,completer,2.0,1033.0,10.0,100.0,80.8
S00335,2026-01-14,COURSE_101,25,10,10,1,2026-02-05,completer,3.0,958.0,10.0,100.0,75.9
S00336,2026-04-03,COURSE_101,21,10,10,1,2026-04-19,completer,2.0,896.0,10.0,100.0,71.2
S00337,2026-03-15,COURSE_101,41,10,2,0,2026-03-18,explicit_dropout,1.0,26.0,2.0,20.0,53.0
S00338,2026-01-06,COURSE_101,38,10,2,0,2026-01-25,silent_dropout,11.0,88.0,2.0,20.0,65.5
S00339,2026-03-15,COURSE_101,32,10,10,1,2026-04-07,completer,2.0,999.0,10.0,100.0,68.0
S00340,2026-05-03,COURSE_101,29,10,10,1,2026-05-25,completer,3.0,1030.0,10.0,100.0,69.6
S00341,2026-04-29,COURSE_101,33,10,10,1,2026-05-18,completer,3.0,730.0,10.0,100.0,77.3
S00342,2026-03-13,COURSE_101,22,10,10,1,2026-04-05,completer,3.0,1037.0,10.0,100.0,70.1
S00343,2026-05-06,COURSE_101,43,10,10,1,2026-06-02,completer,3.0,833.0,10.0,100.0,77.2
S00344,2026-04-28,COURSE_101,23,10,10,1,2026-05-24,completer,3.0,877.0,10.0,100.0,67.4
S00345,2026-02-14,COURSE_101,30,10,10,1,2026-03-07,completer,3.0,984.0,10.0,100.0,84.1
S00346,2026-01-20,COURSE_101,34,10,8,0,2026-03-26,silent_dropout,14.0,505.0,8.0,80.0,61.125
S00347,2026-05-25,COURSE_101,24,10,2,0,2026-06-10,silent_dropout,6.0,156.0,2.0,20.0,80.0
S00348,2026-01-09,COURSE_101,20,10,10,1,2026-01-29,completer,3.0,887.0,10.0,100.0,84.4
S00349,2026-05-16,COURSE_101,27,10,10,1,2026-06-09,completer,3.0,927.0,10.0,100.0,73.5
S00350,2026-01-18,COURSE_101,19,10,4,0,2026-02-18,silent_dropout,11.0,159.0,4.0,40.0,71.25
S00351,2026-03-29,COURSE_101,36,10,10,1,2026-04-18,completer,2.0,878.0,10.0,100.0,76.9
S00352,2026-01-12,COURSE_101,34,10,0,0,2026-01-12,explicit_dropout,0.0,0.0,0.0,0.0,0.0
S00353,2026-05-07,COURSE_101,31,10,3,0,2026-06-07,silent_dropout,12.0,200.0,3.0,30.0,66.0
S00354,2026-02-28,COURSE_101,43,10,10,1,2026-03-22,completer,2.0,955.0,10.0,100.0,85.1
S00355,2026-02-19,COURSE_101,40,10,10,1,2026-03-06,completer,1.0,1283.0,10.0,100.0,86.9
S00356,2026-01-27,COURSE_101,26,10,2,0,2026-02-09,silent_dropout,7.0,136.0,2.0,20.0,85.5
S00357,2026-05-10,COURSE_101,38,10,10,1,2026-05-31,completer,2.0,1065.0,10.0,100.0,83.2
S00358,2026-03-03,COURSE_101,23,10,8,0,2026-05-07,silent_dropout,12.0,453.0,8.0,80.0,64.875
S00359,2026-03-06,COURSE_101,21,10,0,0,2026-03-06,explicit_dropout,0.0,0.0,0.0,0.0,0.0
S00360,2026-05-11,COURSE_101,31,10,2,0,2026-06-05,silent_dropout,13.0,235.0,2.0,20.0,60.0
S00361,2026-04-09,COURSE_101,34,10,10,1,2026-04-29,completer,2.0,916.0,10.0,100.0,65.5
S00362,2026-05-17,COURSE_101,29,10,8,0,2026-07-11,silent_dropout,10.0,421.0,8.0,80.0,57.375
S00363,2026-05-27,COURSE_101,19,10,10,1,2026-06-14,completer,2.0,827.0,10.0,100.0,79.8
S00364,2026-03-20,COURSE_101,36,10,10,1,2026-04-10,completer,3.0,1165.0,10.0,100.0,75.4
S00365,2026-02-27,COURSE_101,30,10,0,0,2026-02-27,explicit_dropout,0.0,0.0,0.0,0.0,0.0
S00366,2026-04-21,COURSE_101,31,10,10,1,2026-05-11,completer,3.0,1021.0,10.0,100.0,65.7
S00367,2026-01-13,COURSE_101,27,10,1,0,2026-01-14,explicit_dropout,0.0,13.0,1.0,10.0,75.0
S00368,2026-01-06,COURSE_101,36,10,1,0,2026-01-07,explicit_dropout,0.0,8.0,1.0,10.0,49.0
S00369,2026-01-06,COURSE_101,40,10,10,1,2026-01-27,completer,2.0,1080.0,10.0,100.0,69.8
S00370,2026-04-26,COURSE_101,42,10,10,1,2026-05-17,completer,2.0,1033.0,10.0,100.0,72.9
S00371,2026-02-25,COURSE_101,19,10,10,1,2026-03-14,completer,2.0,780.0,10.0,100.0,70.6
S00372,2026-03-14,COURSE_101,19,10,10,1,2026-04-02,completer,3.0,801.0,10.0,100.0,71.6
S00373,2026-04-03,COURSE_101,42,10,10,1,2026-04-19,completer,2.0,839.0,10.0,100.0,69.2
S00374,2026-05-03,COURSE_101,31,10,6,0,2026-06-27,silent_dropout,12.0,337.0,6.0,60.0,60.666666666666664
S00375,2026-05-23,COURSE_101,18,10,10,1,2026-06-16,completer,3.0,888.0,10.0,100.0,74.7
S00376,2026-03-04,COURSE_101,36,10,10,1,2026-03-27,completer,3.0,1145.0,10.0,100.0,76.2
S00377,2026-03-17,COURSE_101,28,10,7,0,2026-05-10,silent_dropout,13.0,332.0,7.0,70.0,64.71428571428571
S00378,2026-02-27,COURSE_101,44,10,10,1,2026-03-20,completer,2.0,1060.0,10.0,100.0,77.9
S00379,2026-05-24,COURSE_101,31,10,6,0,2026-07-14,silent_dropout,14.0,393.0,6.0,60.0,73.5
S00380,2026-01-28,COURSE_101,25,10,10,1,2026-02-15,completer,2.0,953.0,10.0,100.0,83.1
S00381,2026-02-26,COURSE_101,20,10,10,1,2026-03-15,completer,2.0,1326.0,10.0,100.0,66.7
S00382,2026-03-22,COURSE_101,27,10,7,0,2026-05-10,silent_dropout,14.0,342.0,7.0,70.0,62.42857142857143
S00383,2026-01-03,COURSE_101,33,10,5,0,2026-02-09,silent_dropout,9.0,316.0,5.0,50.0,54.2
S00384,2026-02-23,COURSE_101,38,10,2,0,2026-02-27,explicit_dropout,2.0,37.0,2.0,20.0,64.5
S00385,2026-04-22,COURSE_101,41,10,4,0,2026-05-20,silent_dropout,8.0,245.0,4.0,40.0,63.75
S00386,2026-05-01,COURSE_101,41,10,4,0,2026-06-03,silent_dropout,10.0,283.0,4.0,40.0,70.5
S00387,2026-05-03,COURSE_101,43,10,10,1,2026-05-23,completer,3.0,698.0,10.0,100.0,89.5
S00388,2026-05-26,COURSE_101,36,10,10,1,2026-06-14,completer,3.0,874.0,10.0,100.0,81.1
S00389,2026-02-09,COURSE_101,26,10,4,0,2026-03-14,silent_dropout,11.0,208.0,4.0,40.0,78.75
S00390,2026-03-26,COURSE_101,39,10,2,0,2026-04-13,silent_dropout,11.0,90.0,2.0,20.0,66.0
S00391,2026-05-26,COURSE_101,43,10,0,0,2026-05-26,explicit_dropout,0.0,0.0,0.0,0.0,0.0
S00392,2026-04-21,COURSE_101,24,10,10,1,2026-05-11,completer,3.0,855.0,10.0,100.0,68.2
S00393,2026-01-26,COURSE_101,42,10,10,1,2026-02-15,completer,3.0,1081.0,10.0,100.0,67.0
S00394,2026-01-17,COURSE_101,37,10,3,0,2026-02-17,silent_dropout,14.0,134.0,3.0,30.0,62.0
S00395,2026-01-30,COURSE_101,28,10,10,1,2026-02-17,completer,2.0,798.0,10.0,100.0,74.1
S00396,2026-04-22,COURSE_101,24,10,2,0,2026-04-24,explicit_dropout,1.0,27.0,2.0,20.0,49.0
S00397,2026-03-30,COURSE_101,22,10,0,0,2026-03-30,explicit_dropout,0.0,0.0,0.0,0.0,0.0
S00398,2026-05-12,COURSE_101,19,10,10,1,2026-06-03,completer,2.0,884.0,10.0,100.0,89.9
S00399,2026-03-06,COURSE_101,43,10,4,0,2026-04-18,silent_dropout,14.0,326.0,4.0,40.0,82.75
S00400,2026-01-26,COURSE_101,43,10,5,0,2026-03-03,silent_dropout,9.0,438.0,5.0,50.0,66.6
S00401,2026-04-23,COURSE_101,34,10,10,1,2026-05-18,completer,3.0,800.0,10.0,100.0,75.4
S00402,2026-05-01,COURSE_101,18,10,1,0,2026-05-02,explicit_dropout,0.0,16.0,1.0,10.0,58.0
S00403,2026-04-29,COURSE_101,22,10,10,1,2026-05-21,completer,2.0,969.0,10.0,100.0,78.7
S00404,2026-03-14,COURSE_101,32,10,3,0,2026-04-11,silent_dropout,14.0,270.0,3.0,30.0,65.66666666666667
S00405,2026-01-06,COURSE_101,36,10,10,1,2026-01-29,completer,2.0,1171.0,10.0,100.0,78.7
S00406,2026-01-11,COURSE_101,25,10,2,0,2026-01-13,explicit_dropout,1.0,20.0,2.0,20.0,64.5
S00407,2026-01-07,COURSE_101,30,10,10,1,2026-02-01,completer,3.0,960.0,10.0,100.0,68.2
S00408,2026-04-16,COURSE_101,35,10,10,1,2026-05-07,completer,3.0,951.0,10.0,100.0,81.5
S00409,2026-05-05,COURSE_101,35,10,2,0,2026-05-08,explicit_dropout,1.0,24.0,2.0,20.0,71.0
S00410,2026-01-16,COURSE_101,24,10,10,1,2026-02-05,completer,2.0,1059.0,10.0,100.0,86.6
S00411,2026-01-07,COURSE_101,33,10,10,1,2026-01-25,completer,3.0,893.0,10.0,100.0,73.0
S00412,2026-04-11,COURSE_101,21,10,1,0,2026-04-13,explicit_dropout,0.0,12.0,1.0,10.0,47.0
S00413,2026-01-01,COURSE_101,27,10,1,0,2026-01-02,explicit_dropout,0.0,19.0,1.0,10.0,63.0
S00414,2026-05-18,COURSE_101,23,10,3,0,2026-06-23,silent_dropout,17.0,126.0,3.0,30.0,70.66666666666667
S00415,2026-05-30,COURSE_101,19,10,8,0,2026-07-26,silent_dropout,12.0,332.0,8.0,80.0,61.0
S00416,2026-05-01,COURSE_101,18,10,10,1,2026-05-22,completer,3.0,854.0,10.0,100.0,71.6
S00417,2026-03-21,COURSE_101,18,10,10,1,2026-04-14,completer,2.0,927.0,10.0,100.0,67.8
S00418,2026-03-03,COURSE_101,27,10,10,1,2026-03-18,completer,1.0,1051.0,10.0,100.0,84.0
S00419,2026-04-16,COURSE_101,42,10,5,0,2026-05-29,silent_dropout,13.0,279.0,5.0,50.0,68.0
S00420,2026-01-28,COURSE_101,28,10,3,0,2026-02-25,silent_dropout,10.0,124.0,3.0,30.0,75.66666666666667
S00421,2026-01-21,COURSE_101,34,10,4,0,2026-03-02,silent_dropout,15.0,206.0,4.0,40.0,65.0
S00422,2026-03-03,COURSE_101,25,10,5,0,2026-04-07,silent_dropout,8.0,320.0,5.0,50.0,77.0
S00423,2026-01-22,COURSE_101,25,10,10,1,2026-02-11,completer,3.0,691.0,10.0,100.0,79.5
S00424,2026-02-03,COURSE_101,39,10,10,1,2026-02-23,completer,3.0,798.0,10.0,100.0,70.8
S00425,2026-01-20,COURSE_101,18,10,10,1,2026-02-08,completer,3.0,538.0,10.0,100.0,65.8
S00426,2026-04-21,COURSE_101,18,10,10,1,2026-05-10,completer,2.0,1028.0,10.0,100.0,76.9
S00427,2026-04-08,COURSE_101,43,10,10,1,2026-05-01,completer,3.0,1035.0,10.0,100.0,80.9
S00428,2026-01-01,COURSE_101,38,10,1,0,2026-01-02,explicit_dropout,0.0,12.0,1.0,10.0,62.0
S00429,2026-04-02,COURSE_101,42,10,10,1,2026-04-23,completer,3.0,887.0,10.0,100.0,84.8
S00430,2026-02-04,COURSE_101,29,10,10,1,2026-02-27,completer,2.0,761.0,10.0,100.0,87.8
S00431,2026-05-25,COURSE_101,36,10,10,1,2026-06-16,completer,2.0,1104.0,10.0,100.0,80.9
S00432,2026-05-15,COURSE_101,21,10,5,0,2026-07-02,silent_dropout,14.0,326.0,5.0,50.0,64.8
S00433,2026-01-10,COURSE_101,30,10,3,0,2026-02-03,silent_dropout,8.0,288.0,3.0,30.0,76.33333333333333
S00434,2026-01-06,COURSE_101,21,10,10,1,2026-01-31,completer,3.0,894.0,10.0,100.0,67.7
S00435,2026-01-10,COURSE_101,21,10,10,1,2026-02-03,completer,3.0,768.0,10.0,100.0,82.3
S00436,2026-03-30,COURSE_101,34,10,2,0,2026-04-24,silent_dropout,12.0,191.0,2.0,20.0,69.5
S00437,2026-02-02,COURSE_101,25,10,10,1,2026-02-23,completer,2.0,1046.0,10.0,100.0,87.0
S00438,2026-02-17,COURSE_101,20,10,7,0,2026-04-17,silent_dropout,14.0,363.0,7.0,70.0,67.85714285714286
S00439,2026-02-24,COURSE_101,25,10,8,0,2026-05-01,silent_dropout,15.0,326.0,8.0,80.0,54.5
S00440,2026-02-13,COURSE_101,29,10,10,1,2026-03-01,completer,1.0,1309.0,10.0,100.0,90.9
S00441,2026-02-18,COURSE_101,19,10,10,1,2026-03-13,completer,3.0,879.0,10.0,100.0,88.2
S00442,2026-03-11,COURSE_101,29,10,2,0,2026-03-13,explicit_dropout,1.0,21.0,2.0,20.0,59.0
S00443,2026-02-12,COURSE_101,26,10,10,1,2026-03-05,completer,3.0,973.0,10.0,100.0,80.7
S00444,2026-05-10,COURSE_101,22,10,10,1,2026-05-31,completer,3.0,854.0,10.0,100.0,84.2
S00445,2026-01-14,COURSE_101,44,10,8,0,2026-03-20,silent_dropout,15.0,282.0,8.0,80.0,53.5
S00446,2026-05-19,COURSE_101,44,10,1,0,2026-05-21,explicit_dropout,0.0,11.0,1.0,10.0,57.0
S00447,2026-03-08,COURSE_101,20,10,0,0,2026-03-08,explicit_dropout,0.0,0.0,0.0,0.0,0.0
S00448,2026-03-22,COURSE_101,36,10,4,0,2026-04-21,silent_dropout,10.0,304.0,4.0,40.0,58.75
S00449,2026-05-07,COURSE_101,27,10,10,1,2026-06-01,completer,3.0,1107.0,10.0,100.0,91.1
S00450,2026-01-24,COURSE_101,23,10,10,1,2026-02-14,completer,3.0,911.0,10.0,100.0,84.0
S00451,2026-03-03,COURSE_101,21,10,4,0,2026-04-07,silent_dropout,12.0,311.0,4.0,40.0,57.25
S00452,2026-05-12,COURSE_101,31,10,3,0,2026-06-06,silent_dropout,10.0,253.0,3.0,30.0,80.66666666666667
S00453,2026-05-10,COURSE_101,36,10,10,1,2026-06-02,completer,3.0,865.0,10.0,100.0,65.9
S00454,2026-01-24,COURSE_101,38,10,1,0,2026-01-25,explicit_dropout,0.0,9.0,1.0,10.0,66.0
S00455,2026-03-29,COURSE_101,37,10,10,1,2026-04-21,completer,3.0,916.0,10.0,100.0,67.4
S00456,2026-04-15,COURSE_101,37,10,10,1,2026-05-08,completer,2.0,890.0,10.0,100.0,65.0
S00457,2026-05-30,COURSE_101,42,10,10,1,2026-06-20,completer,3.0,978.0,10.0,100.0,70.6
S00458,2026-03-02,COURSE_101,42,10,10,1,2026-03-17,completer,1.0,857.0,10.0,100.0,74.5
S00459,2026-04-01,COURSE_101,30,10,10,1,2026-04-26,completer,3.0,783.0,10.0,100.0,76.1
S00460,2026-01-27,COURSE_101,30,10,10,1,2026-02-19,completer,3.0,1042.0,10.0,100.0,85.8
S00461,2026-05-25,COURSE_101,40,10,10,1,2026-06-18,completer,3.0,717.0,10.0,100.0,84.9
S00462,2026-04-22,COURSE_101,26,10,5,0,2026-06-07,silent_dropout,14.0,352.0,5.0,50.0,72.4
S00463,2026-02-10,COURSE_101,37,10,6,0,2026-03-28,silent_dropout,12.0,437.0,6.0,60.0,78.16666666666667
S00464,2026-01-15,COURSE_101,36,10,2,0,2026-02-07,silent_dropout,12.0,168.0,2.0,20.0,79.0
S00465,2026-01-23,COURSE_101,38,10,2,0,2026-01-26,explicit_dropout,2.0,15.0,2.0,20.0,63.0
S00466,2026-04-14,COURSE_101,40,10,10,1,2026-05-08,completer,2.0,1070.0,10.0,100.0,72.2
S00467,2026-02-27,COURSE_101,20,10,10,1,2026-03-19,completer,3.0,858.0,10.0,100.0,70.3
S00468,2026-03-17,COURSE_101,24,10,1,0,2026-03-19,explicit_dropout,0.0,8.0,1.0,10.0,60.0
S00469,2026-04-16,COURSE_101,38,10,10,1,2026-05-07,completer,3.0,953.0,10.0,100.0,79.7
S00470,2026-05-04,COURSE_101,21,10,1,0,2026-05-06,explicit_dropout,0.0,18.0,1.0,10.0,67.0
S00471,2026-02-24,COURSE_101,39,10,10,1,2026-03-14,completer,2.0,1004.0,10.0,100.0,85.6
S00472,2026-04-26,COURSE_101,30,10,2,0,2026-04-29,explicit_dropout,1.0,23.0,2.0,20.0,67.0
S00473,2026-05-23,COURSE_101,44,10,10,1,2026-06-15,completer,2.0,1174.0,10.0,100.0,70.5
S00474,2026-01-23,COURSE_101,24,10,0,0,2026-01-23,explicit_dropout,0.0,0.0,0.0,0.0,0.0
S00475,2026-05-02,COURSE_101,41,10,10,1,2026-05-28,completer,3.0,1052.0,10.0,100.0,74.7
S00476,2026-02-04,COURSE_101,29,10,1,0,2026-02-05,explicit_dropout,0.0,7.0,1.0,10.0,58.0
S00477,2026-03-12,COURSE_101,26,10,10,1,2026-04-05,completer,3.0,905.0,10.0,100.0,83.8
S00478,2026-02-26,COURSE_101,20,10,7,0,2026-04-17,silent_dropout,15.0,491.0,7.0,70.0,70.14285714285714
S00479,2026-03-17,COURSE_101,23,10,2,0,2026-03-20,explicit_dropout,1.0,22.0,2.0,20.0,51.0
S00480,2026-04-10,COURSE_101,32,10,10,1,2026-05-01,completer,3.0,991.0,10.0,100.0,69.4
S00481,2026-04-28,COURSE_101,20,10,5,0,2026-06-10,silent_dropout,14.0,235.0,5.0,50.0,66.2
S00482,2026-05-13,COURSE_101,36,10,2,0,2026-05-28,silent_dropout,7.0,130.0,2.0,20.0,82.5
S00483,2026-04-06,COURSE_101,30,10,10,1,2026-04-25,completer,2.0,1068.0,10.0,100.0,83.5
S00484,2026-04-21,COURSE_101,26,10,7,0,2026-06-18,silent_dropout,15.0,319.0,7.0,70.0,58.0
S00485,2026-04-07,COURSE_101,26,10,4,0,2026-05-12,silent_dropout,11.0,325.0,4.0,40.0,75.25
S00486,2026-04-09,COURSE_101,38,10,2,0,2026-04-12,explicit_dropout,2.0,23.0,2.0,20.0,52.5
S00487,2026-04-18,COURSE_101,32,10,10,1,2026-05-12,completer,3.0,745.0,10.0,100.0,82.3
S00488,2026-04-17,COURSE_101,35,10,10,1,2026-05-10,completer,3.0,1135.0,10.0,100.0,68.1
S00489,2026-05-08,COURSE_101,40,10,2,0,2026-05-11,explicit_dropout,1.0,30.0,2.0,20.0,51.0
S00490,2026-04-29,COURSE_101,29,10,1,0,2026-04-30,explicit_dropout,0.0,14.0,1.0,10.0,56.0
S00491,2026-05-16,COURSE_101,41,10,10,1,2026-06-10,completer,3.0,1087.0,10.0,100.0,67.1
S00492,2026-01-22,COURSE_101,40,10,5,0,2026-03-06,silent_dropout,13.0,228.0,5.0,50.0,73.8
S00493,2026-05-23,COURSE_101,44,10,10,1,2026-06-15,completer,3.0,1088.0,10.0,100.0,87.6
S00494,2026-04-27,COURSE_101,37,10,10,1,2026-05-15,completer,2.0,971.0,10.0,100.0,88.3
S00495,2026-04-03,COURSE_101,37,10,10,1,2026-04-19,completer,2.0,1100.0,10.0,100.0,95.6
S00496,2026-01-24,COURSE_101,35,10,10,1,2026-02-17,completer,3.0,989.0,10.0,100.0,71.2
S00497,2026-03-29,COURSE_101,39,10,3,0,2026-04-26,silent_dropout,10.0,182.0,3.0,30.0,58.0
S00498,2026-05-23,COURSE_101,31,10,10,1,2026-06-11,completer,1.0,1069.0,10.0,100.0,69.9
S00499,2026-04-11,COURSE_101,22,10,2,0,2026-04-13,explicit_dropout,1.0,37.0,2.0,20.0,54.5
S00500,2026-04-17,COURSE_101,34,10,0,0,2026-04-17,explicit_dropout,0.0,0.0,0.0,0.0,0.0
S00501,2026-01-15,COURSE_101,36,10,2,0,2026-02-09,silent_dropout,14.0,140.0,2.0,20.0,74.0
S00502,2026-02-08,COURSE_101,25,10,10,1,2026-03-06,completer,3.0,827.0,10.0,100.0,69.9
S00503,2026-03-13,COURSE_101,35,10,10,1,2026-04-04,completer,2.0,1088.0,10.0,100.0,69.3
S00504,2026-03-29,COURSE_101,24,10,3,0,2026-05-02,silent_dropout,15.0,197.0,3.0,30.0,71.0
S00505,2026-02-06,COURSE_101,33,10,5,0,2026-03-22,silent_dropout,13.0,134.0,5.0,50.0,72.6
S00506,2026-04-29,COURSE_101,21,10,10,1,2026-05-20,completer,2.0,1092.0,10.0,100.0,86.8
S00507,2026-05-26,COURSE_101,18,10,1,0,2026-05-28,explicit_dropout,0.0,7.0,1.0,10.0,64.0
S00508,2026-02-15,COURSE_101,38,10,8,0,2026-05-02,silent_dropout,13.0,375.0,8.0,80.0,58.5
S00509,2026-02-16,COURSE_101,26,10,2,0,2026-02-19,explicit_dropout,2.0,14.0,2.0,20.0,42.5
S00510,2026-01-03,COURSE_101,29,10,3,0,2026-01-23,silent_dropout,8.0,223.0,3.0,30.0,61.0
S00511,2026-01-12,COURSE_101,35,10,2,0,2026-01-30,silent_dropout,8.0,96.0,2.0,20.0,58.0
S00512,2026-01-14,COURSE_101,38,10,10,1,2026-02-01,completer,3.0,945.0,10.0,100.0,77.8
S00513,2026-02-25,COURSE_101,27,10,1,0,2026-02-27,explicit_dropout,0.0,5.0,1.0,10.0,66.0
S00514,2026-01-05,COURSE_101,33,10,1,0,2026-01-06,explicit_dropout,0.0,8.0,1.0,10.0,66.0
S00515,2026-03-01,COURSE_101,25,10,10,1,2026-03-22,completer,2.0,808.0,10.0,100.0,77.2
S00516,2026-03-22,COURSE_101,36,10,10,1,2026-04-11,completer,3.0,865.0,10.0,100.0,83.9
S00517,2026-02-07,COURSE_101,32,10,10,1,2026-02-23,completer,1.0,1138.0,10.0,100.0,67.6
S00518,2026-03-25,COURSE_101,28,10,5,0,2026-05-19,silent_dropout,15.0,332.0,5.0,50.0,75.8
S00519,2026-03-07,COURSE_101,35,10,0,0,2026-03-07,explicit_dropout,0.0,0.0,0.0,0.0,0.0
S00520,2026-03-04,COURSE_101,21,10,10,1,2026-03-22,completer,2.0,705.0,10.0,100.0,72.7
S00521,2026-01-10,COURSE_101,42,10,5,0,2026-02-18,silent_dropout,12.0,245.0,5.0,50.0,78.8
S00522,2026-03-08,COURSE_101,40,10,10,1,2026-03-29,completer,2.0,996.0,10.0,100.0,71.2
S00523,2026-04-01,COURSE_101,28,10,0,0,2026-04-01,explicit_dropout,0.0,0.0,0.0,0.0,0.0
S00524,2026-03-21,COURSE_101,27,10,8,0,2026-05-26,silent_dropout,14.0,417.0,8.0,80.0,76.375
S00525,2026-01-30,COURSE_101,30,10,2,0,2026-03-01,silent_dropout,16.0,258.0,2.0,20.0,81.5
S00526,2026-05-02,COURSE_101,24,10,10,1,2026-05-21,completer,2.0,802.0,10.0,100.0,89.3
S00527,2026-05-27,COURSE_101,36,10,10,1,2026-06-14,completer,3.0,747.0,10.0,100.0,73.2
S00528,2026-02-08,COURSE_101,37,10,10,1,2026-03-06,completer,3.0,851.0,10.0,100.0,88.2
S00529,2026-01-11,COURSE_101,43,10,10,1,2026-01-30,completer,3.0,879.0,10.0,100.0,76.6
S00530,2026-02-09,COURSE_101,38,10,1,0,2026-02-11,explicit_dropout,0.0,9.0,1.0,10.0,76.0
S00531,2026-02-17,COURSE_101,33,10,8,0,2026-05-01,silent_dropout,18.0,394.0,8.0,80.0,54.0
S00532,2026-03-03,COURSE_101,24,10,1,0,2026-03-05,explicit_dropout,0.0,15.0,1.0,10.0,46.0
S00533,2026-01-06,COURSE_101,29,10,2,0,2026-01-10,explicit_dropout,2.0,27.0,2.0,20.0,55.5
S00534,2026-01-18,COURSE_101,21,10,8,0,2026-03-27,silent_dropout,11.0,442.0,8.0,80.0,55.25
S00535,2026-02-04,COURSE_101,43,10,5,0,2026-03-29,silent_dropout,16.0,292.0,5.0,50.0,64.6
S00536,2026-04-11,COURSE_101,20,10,2,0,2026-04-13,explicit_dropout,1.0,24.0,2.0,20.0,75.5
S00537,2026-03-25,COURSE_101,42,10,2,0,2026-04-17,silent_dropout,16.0,120.0,2.0,20.0,77.0
S00538,2026-04-18,COURSE_101,25,10,10,1,2026-05-10,completer,3.0,971.0,10.0,100.0,83.8
S00539,2026-01-20,COURSE_101,27,10,10,1,2026-02-12,completer,3.0,819.0,10.0,100.0,64.9
S00540,2026-01-26,COURSE_101,34,10,10,1,2026-02-13,completer,3.0,912.0,10.0,100.0,71.0
S00541,2026-01-09,COURSE_101,29,10,2,0,2026-01-11,explicit_dropout,1.0,30.0,2.0,20.0,74.5
S00542,2026-05-30,COURSE_101,32,10,4,0,2026-07-12,silent_dropout,15.0,237.0,4.0,40.0,61.25
S00543,2026-04-26,COURSE_101,44,10,10,1,2026-05-14,completer,2.0,1086.0,10.0,100.0,80.1
S00544,2026-04-22,COURSE_101,38,10,8,0,2026-06-22,silent_dropout,16.0,499.0,8.0,80.0,70.25
S00545,2026-02-19,COURSE_101,21,10,3,0,2026-03-25,silent_dropout,16.0,187.0,3.0,30.0,78.33333333333333
S00546,2026-01-07,COURSE_101,30,10,10,1,2026-01-29,completer,3.0,901.0,10.0,100.0,78.0
S00547,2026-04-04,COURSE_101,19,10,10,1,2026-04-24,completer,2.0,1195.0,10.0,100.0,69.2
S00548,2026-02-26,COURSE_101,19,10,8,0,2026-04-28,silent_dropout,11.0,609.0,8.0,80.0,61.375
S00549,2026-04-10,COURSE_101,30,10,10,1,2026-05-04,completer,3.0,847.0,10.0,100.0,80.8
S00550,2026-03-08,COURSE_101,18,10,7,0,2026-04-25,silent_dropout,8.0,371.0,7.0,70.0,71.85714285714286
S00551,2026-03-16,COURSE_101,22,10,10,1,2026-04-02,completer,3.0,1141.0,10.0,100.0,70.7
S00552,2026-01-03,COURSE_101,41,10,0,0,2026-01-03,explicit_dropout,0.0,0.0,0.0,0.0,0.0
S00553,2026-02-13,COURSE_101,34,10,2,0,2026-03-09,silent_dropout,13.0,182.0,2.0,20.0,77.0
S00554,2026-03-27,COURSE_101,27,10,6,0,2026-05-19,silent_dropout,14.0,313.0,6.0,60.0,79.16666666666667
S00555,2026-05-22,COURSE_101,27,10,1,0,2026-05-24,explicit_dropout,0.0,12.0,1.0,10.0,60.0
S00556,2026-05-12,COURSE_101,26,10,10,1,2026-05-30,completer,3.0,881.0,10.0,100.0,72.3
S00557,2026-02-19,COURSE_101,25,10,10,1,2026-03-14,completer,3.0,1302.0,10.0,100.0,88.0
S00558,2026-03-29,COURSE_101,23,10,10,1,2026-04-24,completer,3.0,918.0,10.0,100.0,79.8
S00559,2026-04-21,COURSE_101,35,10,6,0,2026-06-10,silent_dropout,10.0,424.0,6.0,60.0,61.333333333333336
S00560,2026-01-10,COURSE_101,27,10,8,0,2026-03-24,silent_dropout,16.0,575.0,8.0,80.0,56.125
S00561,2026-05-12,COURSE_101,24,10,8,0,2026-07-11,silent_dropout,12.0,310.0,8.0,80.0,63.625
S00562,2026-01-15,COURSE_101,37,10,10,1,2026-02-02,completer,2.0,989.0,10.0,100.0,89.0
S00563,2026-04-20,COURSE_101,31,10,10,1,2026-05-10,completer,2.0,1084.0,10.0,100.0,67.9
S00564,2026-01-18,COURSE_101,38,10,10,1,2026-02-08,completer,3.0,921.0,10.0,100.0,85.4
S00565,2026-01-22,COURSE_101,27,10,10,1,2026-02-12,completer,3.0,1092.0,10.0,100.0,65.1
S00566,2026-05-14,COURSE_101,31,10,2,0,2026-05-29,silent_dropout,7.0,199.0,2.0,20.0,68.5
S00567,2026-03-21,COURSE_101,19,10,10,1,2026-04-13,completer,3.0,884.0,10.0,100.0,77.8
S00568,2026-01-31,COURSE_101,23,10,10,1,2026-02-22,completer,2.0,1067.0,10.0,100.0,78.2
S00569,2026-04-16,COURSE_101,19,10,2,0,2026-04-20,explicit_dropout,2.0,21.0,2.0,20.0,72.5
S00570,2026-01-07,COURSE_101,26,10,10,1,2026-01-26,completer,3.0,868.0,10.0,100.0,77.7
S00571,2026-05-12,COURSE_101,34,10,10,1,2026-06-04,completer,3.0,621.0,10.0,100.0,65.3
S00572,2026-02-04,COURSE_101,18,10,7,0,2026-04-10,silent_dropout,15.0,294.0,7.0,70.0,70.14285714285714
S00573,2026-05-11,COURSE_101,25,10,10,1,2026-05-26,completer,3.0,1033.0,10.0,100.0,73.7
S00574,2026-03-04,COURSE_101,24,10,3,0,2026-04-09,silent_dropout,18.0,173.0,3.0,30.0,85.0
S00575,2026-04-15,COURSE_101,37,10,1,0,2026-04-17,explicit_dropout,0.0,19.0,1.0,10.0,47.0
S00576,2026-01-31,COURSE_101,38,10,1,0,2026-02-01,explicit_dropout,0.0,10.0,1.0,10.0,49.0
S00577,2026-04-01,COURSE_101,25,10,10,1,2026-04-25,completer,3.0,894.0,10.0,100.0,82.2
S00578,2026-05-16,COURSE_101,39,10,1,0,2026-05-18,explicit_dropout,0.0,7.0,1.0,10.0,57.0
S00579,2026-02-20,COURSE_101,26,10,10,1,2026-03-15,completer,3.0,1001.0,10.0,100.0,76.0
S00580,2026-04-20,COURSE_101,30,10,10,1,2026-05-15,completer,3.0,954.0,10.0,100.0,68.8
S00581,2026-01-24,COURSE_101,18,10,10,1,2026-02-12,completer,2.0,958.0,10.0,100.0,72.2
S00582,2026-01-16,COURSE_101,33,10,0,0,2026-01-16,explicit_dropout,0.0,0.0,0.0,0.0,0.0
S00583,2026-04-12,COURSE_101,37,10,10,1,2026-05-02,completer,3.0,1067.0,10.0,100.0,83.9
S00584,2026-04-16,COURSE_101,24,10,10,1,2026-05-08,completer,3.0,980.0,10.0,100.0,73.5
S00585,2026-02-01,COURSE_101,33,10,3,0,2026-03-02,silent_dropout,9.0,218.0,3.0,30.0,84.33333333333333
S00586,2026-03-24,COURSE_101,24,10,10,1,2026-04-14,completer,3.0,668.0,10.0,100.0,85.0
S00587,2026-03-08,COURSE_101,28,10,10,1,2026-03-31,completer,3.0,907.0,10.0,100.0,76.9
S00588,2026-02-17,COURSE_101,40,10,10,1,2026-03-11,completer,2.0,1124.0,10.0,100.0,75.7
S00589,2026-03-15,COURSE_101,33,10,10,1,2026-04-04,completer,2.0,1036.0,10.0,100.0,84.1
S00590,2026-05-01,COURSE_101,19,10,10,1,2026-05-21,completer,2.0,1071.0,10.0,100.0,89.0
S00591,2026-05-08,COURSE_101,27,10,10,1,2026-05-31,completer,2.0,1194.0,10.0,100.0,74.9
S00592,2026-05-30,COURSE_101,40,10,7,0,2026-07-18,silent_dropout,10.0,328.0,7.0,70.0,53.0
S00593,2026-04-04,COURSE_101,37,10,10,1,2026-04-28,completer,3.0,842.0,10.0,100.0,75.3
S00594,2026-01-15,COURSE_101,29,10,10,1,2026-02-02,completer,2.0,1148.0,10.0,100.0,89.6
S00595,2026-05-19,COURSE_101,23,10,2,0,2026-05-22,explicit_dropout,2.0,29.0,2.0,20.0,65.0
S00596,2026-03-04,COURSE_101,44,10,10,1,2026-03-27,completer,3.0,1058.0,10.0,100.0,81.3
S00597,2026-02-28,COURSE_101,39,10,4,0,2026-04-05,silent_dropout,10.0,289.0,4.0,40.0,73.75
S00598,2026-03-24,COURSE_101,27,10,10,1,2026-04-12,completer,3.0,935.0,10.0,100.0,75.6
S00599,2026-01-15,COURSE_101,36,10,10,1,2026-02-06,completer,2.0,1186.0,10.0,100.0,85.5
S00600,2026-04-19,COURSE_101,37,10,10,1,2026-05-13,completer,2.0,1019.0,10.0,100.0,75.9
S00601,2026-02-12,COURSE_101,33,10,10,1,2026-03-06,completer,3.0,993.0,10.0,100.0,74.0
S00602,2026-02-11,COURSE_101,31,10,10,1,2026-03-08,completer,2.0,1217.0,10.0,100.0,65.6
S00603,2026-03-16,COURSE_101,31,10,10,1,2026-04-06,completer,2.0,981.0,10.0,100.0,83.1
S00604,2026-03-17,COURSE_101,21,10,10,1,2026-04-05,completer,2.0,878.0,10.0,100.0,86.6
S00605,2026-02-19,COURSE_101,18,10,10,1,2026-03-13,completer,3.0,1234.0,10.0,100.0,77.9
S00606,2026-05-21,COURSE_101,33,10,10,1,2026-06-08,completer,3.0,873.0,10.0,100.0,71.2
S00607,2026-04-27,COURSE_101,27,10,10,1,2026-05-15,completer,3.0,843.0,10.0,100.0,86.0
S00608,2026-05-27,COURSE_101,44,10,10,1,2026-06-17,completer,3.0,866.0,10.0,100.0,70.0
S00609,2026-04-27,COURSE_101,24,10,10,1,2026-05-15,completer,3.0,812.0,10.0,100.0,68.2
S00610,2026-05-13,COURSE_101,26,10,4,0,2026-06-19,silent_dropout,10.0,264.0,4.0,40.0,78.5
S00611,2026-04-23,COURSE_101,24,10,10,1,2026-05-14,completer,2.0,1189.0,10.0,100.0,78.9
S00612,2026-05-13,COURSE_101,30,10,2,0,2026-06-06,silent_dropout,12.0,136.0,2.0,20.0,75.5
S00613,2026-01-24,COURSE_101,30,10,6,0,2026-03-13,silent_dropout,10.0,353.0,6.0,60.0,57.0
S00614,2026-03-04,COURSE_101,41,10,10,1,2026-03-23,completer,3.0,768.0,10.0,100.0,77.8
S00615,2026-05-07,COURSE_101,24,10,2,0,2026-05-11,explicit_dropout,2.0,32.0,2.0,20.0,61.0
S00616,2026-03-22,COURSE_101,32,10,0,0,2026-03-22,explicit_dropout,0.0,0.0,0.0,0.0,0.0
S00617,2026-02-13,COURSE_101,19,10,10,1,2026-03-01,completer,2.0,960.0,10.0,100.0,79.4
S00618,2026-02-23,COURSE_101,20,10,10,1,2026-03-15,completer,3.0,1046.0,10.0,100.0,79.1
S00619,2026-05-12,COURSE_101,25,10,6,0,2026-06-22,silent_dropout,10.0,448.0,6.0,60.0,67.5
S00620,2026-03-12,COURSE_101,25,10,6,0,2026-05-07,silent_dropout,15.0,122.0,6.0,60.0,59.666666666666664
S00621,2026-02-10,COURSE_101,34,10,10,1,2026-02-27,completer,2.0,748.0,10.0,100.0,77.1
S00622,2026-03-18,COURSE_101,38,10,10,1,2026-04-04,completer,3.0,796.0,10.0,100.0,74.3
S00623,2026-03-25,COURSE_101,18,10,10,1,2026-04-18,completer,3.0,1168.0,10.0,100.0,87.2
S00624,2026-04-16,COURSE_101,38,10,10,1,2026-05-09,completer,3.0,821.0,10.0,100.0,84.3
S00625,2026-05-21,COURSE_101,25,10,6,0,2026-07-05,silent_dropout,8.0,387.0,6.0,60.0,73.33333333333333
S00626,2026-02-10,COURSE_101,19,10,10,1,2026-03-03,completer,2.0,829.0,10.0,100.0,72.3
S00627,2026-03-24,COURSE_101,21,10,10,1,2026-04-13,completer,3.0,834.0,10.0,100.0,84.7
S00628,2026-04-09,COURSE_101,23,10,7,0,2026-05-27,silent_dropout,9.0,393.0,7.0,70.0,69.42857142857143
S00629,2026-05-28,COURSE_101,19,10,10,1,2026-06-20,completer,3.0,864.0,10.0,100.0,72.0
S00630,2026-04-19,COURSE_101,19,10,10,1,2026-05-08,completer,3.0,803.0,10.0,100.0,80.0
S00631,2026-01-29,COURSE_101,34,10,3,0,2026-03-02,silent_dropout,15.0,151.0,3.0,30.0,72.33333333333333
S00632,2026-04-27,COURSE_101,43,10,1,0,2026-04-28,explicit_dropout,0.0,9.0,1.0,10.0,53.0
S00633,2026-03-17,COURSE_101,28,10,10,1,2026-04-06,completer,3.0,804.0,10.0,100.0,77.7
S00634,2026-05-11,COURSE_101,37,10,10,1,2026-05-28,completer,2.0,960.0,10.0,100.0,87.6
S00635,2026-05-04,COURSE_101,33,10,10,1,2026-05-27,completer,3.0,828.0,10.0,100.0,78.1
S00636,2026-01-14,COURSE_101,21,10,10,1,2026-02-04,completer,3.0,762.0,10.0,100.0,88.9
S00637,2026-05-22,COURSE_101,21,10,10,1,2026-06-10,completer,2.0,848.0,10.0,100.0,91.3
S00638,2026-01-13,COURSE_101,20,10,10,1,2026-01-31,completer,3.0,954.0,10.0,100.0,88.4
S00639,2026-04-03,COURSE_101,18,10,10,1,2026-04-20,completer,3.0,770.0,10.0,100.0,73.9
S00640,2026-01-25,COURSE_101,38,10,10,1,2026-02-14,completer,2.0,814.0,10.0,100.0,81.5
S00641,2026-05-27,COURSE_101,38,10,10,1,2026-06-20,completer,3.0,953.0,10.0,100.0,68.5
S00642,2026-04-03,COURSE_101,31,10,10,1,2026-04-26,completer,3.0,732.0,10.0,100.0,77.6
S00643,2026-05-23,COURSE_101,18,10,10,1,2026-06-12,completer,2.0,1072.0,10.0,100.0,72.2
S00644,2026-03-23,COURSE_101,39,10,10,1,2026-04-14,completer,3.0,906.0,10.0,100.0,82.8
S00645,2026-01-14,COURSE_101,20,10,10,1,2026-02-05,completer,3.0,825.0,10.0,100.0,90.2
S00646,2026-03-27,COURSE_101,32,10,1,0,2026-03-29,explicit_dropout,0.0,9.0,1.0,10.0,72.0
S00647,2026-03-03,COURSE_101,43,10,8,0,2026-04-26,silent_dropout,11.0,417.0,8.0,80.0,55.5
S00648,2026-03-30,COURSE_101,34,10,3,0,2026-04-29,silent_dropout,12.0,133.0,3.0,30.0,75.33333333333333
S00649,2026-05-05,COURSE_101,42,10,5,0,2026-06-12,silent_dropout,11.0,369.0,5.0,50.0,58.8
S00650,2026-01-30,COURSE_101,36,10,10,1,2026-02-22,completer,3.0,922.0,10.0,100.0,79.4
S00651,2026-03-30,COURSE_101,37,10,10,1,2026-04-22,completer,3.0,698.0,10.0,100.0,71.7
S00652,2026-03-02,COURSE_101,37,10,10,1,2026-03-22,completer,3.0,625.0,10.0,100.0,79.6
S00653,2026-01-17,COURSE_101,22,10,5,0,2026-02-23,silent_dropout,8.0,328.0,5.0,50.0,79.4
S00654,2026-03-28,COURSE_101,31,10,5,0,2026-05-15,silent_dropout,16.0,269.0,5.0,50.0,56.6
S00655,2026-03-25,COURSE_101,28,10,10,1,2026-04-16,completer,2.0,1005.0,10.0,100.0,69.7
S00656,2026-04-25,COURSE_101,28,10,10,1,2026-05-11,completer,2.0,815.0,10.0,100.0,93.4
S00657,2026-04-13,COURSE_101,36,10,10,1,2026-05-04,completer,2.0,1007.0,10.0,100.0,87.9
S00658,2026-03-25,COURSE_101,33,10,10,1,2026-04-15,completer,2.0,837.0,10.0,100.0,81.4
S00659,2026-04-09,COURSE_101,22,10,5,0,2026-06-02,silent_dropout,15.0,321.0,5.0,50.0,78.8
S00660,2026-04-20,COURSE_101,30,10,8,0,2026-06-28,silent_dropout,12.0,508.0,8.0,80.0,71.5
S00661,2026-03-29,COURSE_101,20,10,10,1,2026-04-14,completer,2.0,968.0,10.0,100.0,70.3
S00662,2026-03-20,COURSE_101,37,10,2,0,2026-03-24,explicit_dropout,2.0,36.0,2.0,20.0,47.5
S00663,2026-02-13,COURSE_101,33,10,6,0,2026-04-11,silent_dropout,13.0,353.0,6.0,60.0,63.166666666666664
S00664,2026-05-27,COURSE_101,36,10,10,1,2026-06-14,completer,3.0,753.0,10.0,100.0,88.8
S00665,2026-05-10,COURSE_101,19,10,10,1,2026-05-31,completer,3.0,838.0,10.0,100.0,80.3
S00666,2026-03-04,COURSE_101,43,10,10,1,2026-03-25,completer,2.0,1092.0,10.0,100.0,81.8
S00667,2026-02-09,COURSE_101,39,10,10,1,2026-03-02,completer,3.0,806.0,10.0,100.0,74.8
S00668,2026-01-15,COURSE_101,38,10,10,1,2026-02-03,completer,3.0,737.0,10.0,100.0,70.6
S00669,2026-03-16,COURSE_101,38,10,10,1,2026-04-02,completer,2.0,923.0,10.0,100.0,84.1
S00670,2026-03-02,COURSE_101,30,10,10,1,2026-03-22,completer,2.0,1072.0,10.0,100.0,76.8
S00671,2026-02-28,COURSE_101,35,10,10,1,2026-03-21,completer,3.0,833.0,10.0,100.0,81.6
S00672,2026-03-01,COURSE_101,41,10,2,0,2026-03-05,explicit_dropout,2.0,27.0,2.0,20.0,64.5
S00673,2026-03-29,COURSE_101,23,10,10,1,2026-04-18,completer,3.0,1162.0,10.0,100.0,75.3
S00674,2026-02-20,COURSE_101,42,10,10,1,2026-03-14,completer,2.0,996.0,10.0,100.0,76.3
S00675,2026-05-24,COURSE_101,33,10,10,1,2026-06-09,completer,3.0,818.0,10.0,100.0,75.8
S00676,2026-04-18,COURSE_101,25,10,1,0,2026-04-19,explicit_dropout,0.0,15.0,1.0,10.0,67.0
S00677,2026-05-18,COURSE_101,22,10,10,1,2026-06-10,completer,3.0,747.0,10.0,100.0,78.0
S00678,2026-05-10,COURSE_101,28,10,10,1,2026-06-03,completer,3.0,1042.0,10.0,100.0,79.9
S00679,2026-04-24,COURSE_101,19,10,2,0,2026-04-27,explicit_dropout,2.0,16.0,2.0,20.0,60.5
S00680,2026-01-13,COURSE_101,34,10,0,0,2026-01-13,explicit_dropout,0.0,0.0,0.0,0.0,0.0
S00681,2026-01-15,COURSE_101,42,10,7,0,2026-03-14,silent_dropout,16.0,449.0,7.0,70.0,75.71428571428571
S00682,2026-04-16,COURSE_101,32,10,10,1,2026-05-03,completer,3.0,744.0,10.0,100.0,78.2
S00683,2026-04-18,COURSE_101,27,10,10,1,2026-05-09,completer,3.0,1015.0,10.0,100.0,78.4
S00684,2026-05-04,COURSE_101,37,10,2,0,2026-05-23,silent_dropout,9.0,231.0,2.0,20.0,75.5
S00685,2026-03-22,COURSE_101,36,10,0,0,2026-03-22,explicit_dropout,0.0,0.0,0.0,0.0,0.0
S00686,2026-05-23,COURSE_101,19,10,4,0,2026-06-26,silent_dropout,14.0,227.0,4.0,40.0,71.75
S00687,2026-04-14,COURSE_101,23,10,5,0,2026-05-24,silent_dropout,13.0,354.0,5.0,50.0,65.4
S00688,2026-05-03,COURSE_101,27,10,10,1,2026-05-21,completer,2.0,963.0,10.0,100.0,68.0
S00689,2026-05-20,COURSE_101,35,10,4,0,2026-06-26,silent_dropout,12.0,220.0,4.0,40.0,62.75
S00690,2026-02-04,COURSE_101,44,10,10,1,2026-02-28,completer,3.0,906.0,10.0,100.0,68.5
S00691,2026-05-02,COURSE_101,35,10,10,1,2026-05-18,completer,1.0,1132.0,10.0,100.0,91.0
S00692,2026-04-25,COURSE_101,40,10,10,1,2026-05-12,completer,2.0,808.0,10.0,100.0,78.7
S00693,2026-02-13,COURSE_101,23,10,10,1,2026-03-09,completer,3.0,922.0,10.0,100.0,77.9
S00694,2026-03-22,COURSE_101,33,10,10,1,2026-04-08,completer,2.0,799.0,10.0,100.0,75.4
S00695,2026-03-28,COURSE_101,33,10,10,1,2026-04-14,completer,3.0,1069.0,10.0,100.0,72.5
S00696,2026-05-03,COURSE_101,38,10,4,0,2026-06-02,silent_dropout,8.0,379.0,4.0,40.0,58.25
S00697,2026-02-20,COURSE_101,38,10,10,1,2026-03-12,completer,2.0,1052.0,10.0,100.0,79.9
S00698,2026-05-07,COURSE_101,28,10,5,0,2026-06-11,silent_dropout,9.0,268.0,5.0,50.0,76.0
S00699,2026-04-27,COURSE_101,35,10,10,1,2026-05-20,completer,3.0,873.0,10.0,100.0,74.7
S00700,2026-02-22,COURSE_101,32,10,10,1,2026-03-15,completer,3.0,801.0,10.0,100.0,78.1
S00701,2026-03-04,COURSE_101,38,10,10,1,2026-03-29,completer,3.0,1129.0,10.0,100.0,76.4
S00702,2026-04-05,COURSE_101,32,10,10,1,2026-04-30,completer,3.0,1035.0,10.0,100.0,68.1
S00703,2026-03-31,COURSE_101,44,10,10,1,2026-04-18,completer,2.0,1035.0,10.0,100.0,88.1
S00704,2026-03-23,COURSE_101,31,10,10,1,2026-04-10,completer,2.0,889.0,10.0,100.0,68.9
S00705,2026-05-22,COURSE_101,25,10,10,1,2026-06-09,completer,3.0,823.0,10.0,100.0,80.4
S00706,2026-01-03,COURSE_101,23,10,1,0,2026-01-05,explicit_dropout,0.0,7.0,1.0,10.0,51.0
S00707,2026-03-14,COURSE_101,42,10,10,1,2026-04-05,completer,3.0,1275.0,10.0,100.0,68.2
S00708,2026-03-17,COURSE_101,36,10,7,0,2026-05-14,silent_dropout,15.0,283.0,7.0,70.0,73.85714285714286
S00709,2026-01-06,COURSE_101,30,10,10,1,2026-01-31,completer,2.0,1135.0,10.0,100.0,69.5
S00710,2026-02-14,COURSE_101,23,10,4,0,2026-03-19,silent_dropout,11.0,200.0,4.0,40.0,80.75
S00711,2026-03-14,COURSE_101,38,10,3,0,2026-04-16,silent_dropout,11.0,301.0,3.0,30.0,69.0
S00712,2026-04-22,COURSE_101,23,10,3,0,2026-05-20,silent_dropout,9.0,206.0,3.0,30.0,81.33333333333333
S00713,2026-02-20,COURSE_101,42,10,10,1,2026-03-17,completer,3.0,941.0,10.0,100.0,76.3
S00714,2026-03-05,COURSE_101,26,10,10,1,2026-03-23,completer,2.0,856.0,10.0,100.0,74.7
S00715,2026-02-12,COURSE_101,30,10,10,1,2026-03-04,completer,3.0,854.0,10.0,100.0,66.7
S00716,2026-05-15,COURSE_101,30,10,2,0,2026-05-18,explicit_dropout,2.0,26.0,2.0,20.0,58.0
S00717,2026-02-28,COURSE_101,42,10,7,0,2026-04-30,silent_dropout,15.0,438.0,7.0,70.0,72.14285714285714
S00718,2026-04-07,COURSE_101,26,10,1,0,2026-04-09,explicit_dropout,0.0,15.0,1.0,10.0,65.0
S00719,2026-01-31,COURSE_101,36,10,10,1,2026-02-22,completer,3.0,984.0,10.0,100.0,86.7
S00720,2026-02-02,COURSE_101,37,10,2,0,2026-03-02,silent_dropout,16.0,108.0,2.0,20.0,62.0
S00721,2026-05-23,COURSE_101,35,10,0,0,2026-05-23,explicit_dropout,0.0,0.0,0.0,0.0,0.0
S00722,2026-05-13,COURSE_101,30,10,10,1,2026-06-06,completer,3.0,850.0,10.0,100.0,92.9
S00723,2026-04-07,COURSE_101,41,10,10,1,2026-04-30,completer,2.0,925.0,10.0,100.0,69.6
S00724,2026-03-16,COURSE_101,36,10,5,0,2026-04-22,silent_dropout,10.0,243.0,5.0,50.0,77.2
S00725,2026-05-20,COURSE_101,34,10,8,0,2026-07-26,silent_dropout,11.0,493.0,8.0,80.0,58.0
S00726,2026-05-02,COURSE_101,31,10,2,0,2026-05-25,silent_dropout,15.0,97.0,2.0,20.0,69.0
S00727,2026-03-31,COURSE_101,26,10,10,1,2026-04-21,completer,3.0,870.0,10.0,100.0,91.4
S00728,2026-05-16,COURSE_101,37,10,4,0,2026-06-19,silent_dropout,14.0,241.0,4.0,40.0,80.0
S00729,2026-04-21,COURSE_101,21,10,10,1,2026-05-14,completer,3.0,949.0,10.0,100.0,86.1
S00730,2026-02-17,COURSE_101,27,10,10,1,2026-03-04,completer,2.0,889.0,10.0,100.0,72.8
S00731,2026-03-30,COURSE_101,42,10,10,1,2026-04-20,completer,2.0,953.0,10.0,100.0,79.4
S00732,2026-02-02,COURSE_101,32,10,2,0,2026-02-22,silent_dropout,12.0,86.0,2.0,20.0,75.5
S00733,2026-01-24,COURSE_101,27,10,8,0,2026-04-07,silent_dropout,14.0,468.0,8.0,80.0,70.875
S00734,2026-03-07,COURSE_101,19,10,10,1,2026-03-27,completer,3.0,845.0,10.0,100.0,77.7
S00735,2026-03-18,COURSE_101,41,10,10,1,2026-04-06,completer,2.0,1028.0,10.0,100.0,77.1
S00736,2026-01-28,COURSE_101,34,10,0,0,2026-01-28,explicit_dropout,0.0,0.0,0.0,0.0,0.0
S00737,2026-03-05,COURSE_101,25,10,10,1,2026-03-24,completer,3.0,805.0,10.0,100.0,70.9
S00738,2026-03-15,COURSE_101,26,10,3,0,2026-04-17,silent_dropout,12.0,196.0,3.0,30.0,70.0
S00739,2026-03-03,COURSE_101,18,10,10,1,2026-03-26,completer,3.0,916.0,10.0,100.0,77.4
S00740,2026-01-11,COURSE_101,37,10,10,1,2026-01-28,completer,2.0,1105.0,10.0,100.0,70.1
S00741,2026-03-19,COURSE_101,36,10,10,1,2026-04-07,completer,2.0,964.0,10.0,100.0,79.7
S00742,2026-01-27,COURSE_101,26,10,10,1,2026-02-17,completer,2.0,1072.0,10.0,100.0,79.2
S00743,2026-02-19,COURSE_101,35,10,3,0,2026-03-13,silent_dropout,8.0,292.0,3.0,30.0,58.666666666666664
S00744,2026-03-19,COURSE_101,30,10,10,1,2026-04-07,completer,2.0,1022.0,10.0,100.0,74.6
S00745,2026-05-30,COURSE_101,26,10,10,1,2026-06-22,completer,3.0,857.0,10.0,100.0,88.5
S00746,2026-05-17,COURSE_101,33,10,1,0,2026-05-18,explicit_dropout,0.0,9.0,1.0,10.0,58.0
S00747,2026-04-10,COURSE_101,28,10,10,1,2026-05-05,completer,3.0,1105.0,10.0,100.0,67.6
S00748,2026-05-15,COURSE_101,24,10,10,1,2026-06-08,completer,3.0,999.0,10.0,100.0,76.8
S00749,2026-04-24,COURSE_101,42,10,1,0,2026-04-26,explicit_dropout,0.0,17.0,1.0,10.0,51.0
S00750,2026-01-19,COURSE_101,21,10,6,0,2026-03-10,silent_dropout,11.0,337.0,6.0,60.0,72.66666666666667
S00751,2026-04-18,COURSE_101,29,10,10,1,2026-05-10,completer,2.0,1045.0,10.0,100.0,76.0
S00752,2026-01-11,COURSE_101,42,10,1,0,2026-01-12,explicit_dropout,0.0,13.0,1.0,10.0,55.0
S00753,2026-05-25,COURSE_101,43,10,5,0,2026-07-03,silent_dropout,8.0,356.0,5.0,50.0,73.2
S00754,2026-02-26,COURSE_101,32,10,10,1,2026-03-19,completer,2.0,875.0,10.0,100.0,75.7
S00755,2026-03-12,COURSE_101,33,10,10,1,2026-03-31,completer,3.0,837.0,10.0,100.0,69.7
S00756,2026-04-21,COURSE_101,33,10,3,0,2026-05-16,silent_dropout,10.0,165.0,3.0,30.0,69.33333333333333
S00757,2026-04-07,COURSE_101,41,10,2,0,2026-04-28,silent_dropout,10.0,128.0,2.0,20.0,74.0
S00758,2026-01-07,COURSE_101,31,10,10,1,2026-01-30,completer,2.0,997.0,10.0,100.0,86.0
S00759,2026-04-24,COURSE_101,44,10,2,0,2026-04-27,explicit_dropout,1.0,20.0,2.0,20.0,61.0
S00760,2026-02-27,COURSE_101,43,10,3,0,2026-03-31,silent_dropout,16.0,197.0,3.0,30.0,71.66666666666667
S00761,2026-05-07,COURSE_101,19,10,10,1,2026-05-29,completer,3.0,816.0,10.0,100.0,73.5
S00762,2026-04-21,COURSE_101,27,10,10,1,2026-05-12,completer,3.0,959.0,10.0,100.0,73.2
S00763,2026-03-10,COURSE_101,44,10,10,1,2026-03-30,completer,2.0,1034.0,10.0,100.0,88.2
S00764,2026-02-05,COURSE_101,27,10,4,0,2026-03-22,silent_dropout,16.0,241.0,4.0,40.0,75.5
S00765,2026-02-08,COURSE_101,43,10,10,1,2026-03-01,completer,2.0,1129.0,10.0,100.0,83.1
S00766,2026-03-06,COURSE_101,26,10,6,0,2026-04-16,silent_dropout,8.0,299.0,6.0,60.0,74.0
S00767,2026-02-22,COURSE_101,21,10,6,0,2026-04-15,silent_dropout,12.0,399.0,6.0,60.0,77.5
S00768,2026-01-16,COURSE_101,39,10,2,0,2026-01-20,explicit_dropout,2.0,22.0,2.0,20.0,65.5
S00769,2026-01-09,COURSE_101,19,10,10,1,2026-02-01,completer,3.0,1026.0,10.0,100.0,82.3
S00770,2026-04-30,COURSE_101,27,10,2,0,2026-05-14,silent_dropout,7.0,130.0,2.0,20.0,79.0
S00771,2026-03-20,COURSE_101,18,10,10,1,2026-04-10,completer,3.0,743.0,10.0,100.0,71.0
S00772,2026-01-28,COURSE_101,37,10,8,0,2026-04-15,silent_dropout,13.0,325.0,8.0,80.0,69.0
S00773,2026-02-06,COURSE_101,22,10,10,1,2026-02-28,completer,2.0,808.0,10.0,100.0,83.4
S00774,2026-05-13,COURSE_101,43,10,10,1,2026-06-05,completer,3.0,1012.0,10.0,100.0,91.7
S00775,2026-05-15,COURSE_101,29,10,2,0,2026-06-02,silent_dropout,7.0,187.0,2.0,20.0,80.0
S00776,2026-03-28,COURSE_101,21,10,10,1,2026-04-21,completer,3.0,1175.0,10.0,100.0,78.7
S00777,2026-03-11,COURSE_101,32,10,10,1,2026-03-29,completer,2.0,843.0,10.0,100.0,89.0
S00778,2026-05-13,COURSE_101,36,10,4,0,2026-06-18,silent_dropout,16.0,136.0,4.0,40.0,66.0
S00779,2026-04-03,COURSE_101,28,10,8,0,2026-06-05,silent_dropout,12.0,526.0,8.0,80.0,65.0
S00780,2026-04-27,COURSE_101,26,10,4,0,2026-06-14,silent_dropout,18.0,280.0,4.0,40.0,73.0
S00781,2026-01-15,COURSE_101,44,10,5,0,2026-02-27,silent_dropout,10.0,379.0,5.0,50.0,71.4
S00782,2026-01-05,COURSE_101,37,10,10,1,2026-01-24,completer,3.0,852.0,10.0,100.0,63.4
S00783,2026-04-20,COURSE_101,34,10,10,1,2026-05-05,completer,2.0,834.0,10.0,100.0,85.4
S00784,2026-04-11,COURSE_101,30,10,10,1,2026-05-05,completer,3.0,737.0,10.0,100.0,81.8
S00785,2026-02-25,COURSE_101,29,10,10,1,2026-03-20,completer,3.0,857.0,10.0,100.0,70.7
S00786,2026-03-25,COURSE_101,28,10,1,0,2026-03-26,explicit_dropout,0.0,10.0,1.0,10.0,65.0
S00787,2026-01-14,COURSE_101,38,10,4,0,2026-02-24,silent_dropout,14.0,374.0,4.0,40.0,61.5
S00788,2026-02-24,COURSE_101,33,10,10,1,2026-03-19,completer,3.0,740.0,10.0,100.0,70.6
S00789,2026-01-21,COURSE_101,20,10,10,1,2026-02-12,completer,3.0,791.0,10.0,100.0,74.5
S00790,2026-04-26,COURSE_101,27,10,2,0,2026-04-28,explicit_dropout,1.0,24.0,2.0,20.0,60.5
S00791,2026-05-10,COURSE_101,42,10,10,1,2026-05-29,completer,3.0,993.0,10.0,100.0,78.4
S00792,2026-03-19,COURSE_101,40,10,4,0,2026-05-01,silent_dropout,16.0,208.0,4.0,40.0,77.75
S00793,2026-01-03,COURSE_101,36,10,10,1,2026-01-23,completer,2.0,768.0,10.0,100.0,87.2
S00794,2026-01-28,COURSE_101,37,10,5,0,2026-03-16,silent_dropout,13.0,523.0,5.0,50.0,66.8
S00795,2026-03-06,COURSE_101,37,10,10,1,2026-03-26,completer,3.0,882.0,10.0,100.0,91.9
S00796,2026-01-06,COURSE_101,26,10,1,0,2026-01-07,explicit_dropout,0.0,11.0,1.0,10.0,71.0
S00797,2026-02-03,COURSE_101,44,10,1,0,2026-02-05,explicit_dropout,0.0,6.0,1.0,10.0,74.0
S00798,2026-03-06,COURSE_101,20,10,8,0,2026-05-03,silent_dropout,11.0,289.0,8.0,80.0,59.125
S00799,2026-02-13,COURSE_101,41,10,8,0,2026-04-16,silent_dropout,11.0,466.0,8.0,80.0,59.5
S00800,2026-04-22,COURSE_101,44,10,0,0,2026-04-22,explicit_dropout,0.0,0.0,0.0,0.0,0.0
S00801,2026-02-07,COURSE_101,44,10,6,0,2026-03-22,silent_dropout,9.0,343.0,6.0,60.0,66.16666666666667
S00802,2026-02-12,COURSE_101,44,10,10,1,2026-03-03,completer,2.0,868.0,10.0,100.0,70.3
S00803,2026-05-04,COURSE_101,35,10,5,0,2026-06-12,silent_dropout,10.0,404.0,5.0,50.0,77.8
S00804,2026-01-11,COURSE_101,42,10,4,0,2026-02-15,silent_dropout,11.0,212.0,4.0,40.0,74.0
S00805,2026-04-04,COURSE_101,30,10,10,1,2026-04-25,completer,3.0,970.0,10.0,100.0,71.2
S00806,2026-04-22,COURSE_101,35,10,8,0,2026-06-26,silent_dropout,10.0,491.0,8.0,80.0,52.875
S00807,2026-02-08,COURSE_101,18,10,2,0,2026-02-11,explicit_dropout,1.0,27.0,2.0,20.0,58.5
S00808,2026-01-02,COURSE_101,32,10,2,0,2026-01-05,explicit_dropout,1.0,30.0,2.0,20.0,45.5
S00809,2026-03-21,COURSE_101,40,10,10,1,2026-04-11,completer,2.0,1002.0,10.0,100.0,71.7
S00810,2026-05-11,COURSE_101,21,10,10,1,2026-05-28,completer,2.0,784.0,10.0,100.0,78.1
S00811,2026-02-12,COURSE_101,34,10,0,0,2026-02-12,explicit_dropout,0.0,0.0,0.0,0.0,0.0
S00812,2026-01-09,COURSE_101,33,10,6,0,2026-03-04,silent_dropout,15.0,376.0,6.0,60.0,72.16666666666667
S00813,2026-03-11,COURSE_101,21,10,10,1,2026-04-01,completer,3.0,922.0,10.0,100.0,77.7
S00814,2026-04-03,COURSE_101,19,10,0,0,2026-04-03,explicit_dropout,0.0,0.0,0.0,0.0,0.0
S00815,2026-01-11,COURSE_101,37,10,0,0,2026-01-11,explicit_dropout,0.0,0.0,0.0,0.0,0.0
S00816,2026-01-05,COURSE_101,21,10,10,1,2026-01-25,completer,3.0,892.0,10.0,100.0,90.5
S00817,2026-03-26,COURSE_101,30,10,7,0,2026-05-18,silent_dropout,12.0,312.0,7.0,70.0,59.285714285714285
S00818,2026-02-15,COURSE_101,35,10,10,1,2026-03-08,completer,3.0,1167.0,10.0,100.0,73.1
S00819,2026-03-09,COURSE_101,43,10,10,1,2026-03-24,completer,2.0,921.0,10.0,100.0,82.9
S00820,2026-04-01,COURSE_101,20,10,10,1,2026-04-23,completer,3.0,1080.0,10.0,100.0,84.9
S00821,2026-04-27,COURSE_101,35,10,8,0,2026-06-21,silent_dropout,10.0,330.0,8.0,80.0,68.25
S00822,2026-02-21,COURSE_101,26,10,10,1,2026-03-14,completer,2.0,1063.0,10.0,100.0,70.5
S00823,2026-01-26,COURSE_101,26,10,10,1,2026-02-17,completer,3.0,999.0,10.0,100.0,80.7
S00824,2026-02-01,COURSE_101,36,10,10,1,2026-02-19,completer,2.0,1238.0,10.0,100.0,89.3
S00825,2026-03-22,COURSE_101,19,10,10,1,2026-04-13,completer,3.0,916.0,10.0,100.0,71.9
S00826,2026-03-31,COURSE_101,23,10,0,0,2026-03-31,explicit_dropout,0.0,0.0,0.0,0.0,0.0
S00827,2026-05-10,COURSE_101,19,10,10,1,2026-06-01,completer,3.0,737.0,10.0,100.0,68.5
S00828,2026-05-20,COURSE_101,28,10,10,1,2026-06-10,completer,3.0,678.0,10.0,100.0,68.3
S00829,2026-05-16,COURSE_101,43,10,3,0,2026-06-11,silent_dropout,10.0,227.0,3.0,30.0,81.33333333333333
S00830,2026-04-22,COURSE_101,38,10,10,1,2026-05-13,completer,3.0,969.0,10.0,100.0,89.2
S00831,2026-02-09,COURSE_101,21,10,10,1,2026-03-05,completer,2.0,950.0,10.0,100.0,72.6
S00832,2026-02-21,COURSE_101,38,10,10,1,2026-03-14,completer,3.0,920.0,10.0,100.0,92.3
S00833,2026-01-22,COURSE_101,36,10,10,1,2026-02-16,completer,3.0,682.0,10.0,100.0,68.5
S00834,2026-02-13,COURSE_101,28,10,10,1,2026-03-06,completer,2.0,891.0,10.0,100.0,66.7
S00835,2026-01-26,COURSE_101,25,10,10,1,2026-02-16,completer,2.0,1019.0,10.0,100.0,77.8
S00836,2026-03-16,COURSE_101,42,10,10,1,2026-04-03,completer,3.0,960.0,10.0,100.0,87.7
S00837,2026-01-19,COURSE_101,19,10,1,0,2026-01-20,explicit_dropout,0.0,8.0,1.0,10.0,66.0
S00838,2026-04-16,COURSE_101,25,10,10,1,2026-05-05,completer,3.0,692.0,10.0,100.0,76.0
S00839,2026-04-07,COURSE_101,35,10,8,0,2026-06-13,silent_dropout,12.0,387.0,8.0,80.0,59.875
S00840,2026-01-25,COURSE_101,33,10,8,0,2026-03-28,silent_dropout,12.0,446.0,8.0,80.0,54.25
S00841,2026-03-06,COURSE_101,19,10,10,1,2026-03-27,completer,3.0,874.0,10.0,100.0,75.7
S00842,2026-02-16,COURSE_101,41,10,7,0,2026-04-14,silent_dropout,13.0,410.0,7.0,70.0,75.85714285714286
S00843,2026-05-11,COURSE_101,29,10,10,1,2026-05-30,completer,3.0,906.0,10.0,100.0,72.0
S00844,2026-02-11,COURSE_101,39,10,2,0,2026-02-14,explicit_dropout,1.0,30.0,2.0,20.0,56.5
S00845,2026-04-07,COURSE_101,25,10,10,1,2026-04-22,completer,2.0,841.0,10.0,100.0,67.9
S00846,2026-03-17,COURSE_101,43,10,10,1,2026-04-08,completer,2.0,945.0,10.0,100.0,92.7
S00847,2026-05-28,COURSE_101,30,10,10,1,2026-06-17,completer,2.0,806.0,10.0,100.0,88.2
S00848,2026-02-10,COURSE_101,20,10,0,0,2026-02-10,explicit_dropout,0.0,0.0,0.0,0.0,0.0
S00849,2026-03-27,COURSE_101,25,10,10,1,2026-04-17,completer,3.0,1044.0,10.0,100.0,73.9
S00850,2026-02-20,COURSE_101,34,10,2,0,2026-03-06,silent_dropout,10.0,36.0,2.0,20.0,71.0
S00851,2026-03-02,COURSE_101,31,10,10,1,2026-03-25,completer,3.0,937.0,10.0,100.0,71.9
S00852,2026-04-18,COURSE_101,37,10,3,0,2026-05-27,silent_dropout,18.0,141.0,3.0,30.0,70.66666666666667
S00853,2026-04-26,COURSE_101,43,10,10,1,2026-05-19,completer,3.0,958.0,10.0,100.0,67.6
S00854,2026-04-04,COURSE_101,40,10,1,0,2026-04-05,explicit_dropout,0.0,10.0,1.0,10.0,51.0
S00855,2026-04-27,COURSE_101,40,10,10,1,2026-05-21,completer,2.0,1221.0,10.0,100.0,88.6
S00856,2026-01-28,COURSE_101,37,10,10,1,2026-02-11,completer,2.0,990.0,10.0,100.0,85.2
S00857,2026-01-07,COURSE_101,32,10,10,1,2026-01-27,completer,3.0,1016.0,10.0,100.0,89.6
S00858,2026-01-06,COURSE_101,41,10,10,1,2026-01-27,completer,3.0,952.0,10.0,100.0,66.6
S00859,2026-04-17,COURSE_101,26,10,2,0,2026-05-03,silent_dropout,8.0,108.0,2.0,20.0,73.0
S00860,2026-01-06,COURSE_101,32,10,10,1,2026-01-29,completer,3.0,796.0,10.0,100.0,89.4
S00861,2026-04-18,COURSE_101,35,10,5,0,2026-06-03,silent_dropout,13.0,260.0,5.0,50.0,62.0
S00862,2026-05-11,COURSE_101,43,10,10,1,2026-06-01,completer,2.0,997.0,10.0,100.0,69.6
S00863,2026-04-22,COURSE_101,37,10,10,1,2026-05-08,completer,2.0,913.0,10.0,100.0,79.9
S00864,2026-05-13,COURSE_101,39,10,10,1,2026-06-04,completer,2.0,947.0,10.0,100.0,86.7
S00865,2026-04-03,COURSE_101,18,10,10,1,2026-04-22,completer,1.0,1143.0,10.0,100.0,81.6
S00866,2026-02-23,COURSE_101,20,10,5,0,2026-04-05,silent_dropout,10.0,213.0,5.0,50.0,80.2
S00867,2026-01-24,COURSE_101,40,10,10,1,2026-02-12,completer,3.0,771.0,10.0,100.0,90.6
S00868,2026-01-13,COURSE_101,37,10,10,1,2026-02-01,completer,3.0,682.0,10.0,100.0,68.2
S00869,2026-04-27,COURSE_101,39,10,1,0,2026-04-28,explicit_dropout,0.0,10.0,1.0,10.0,73.0
S00870,2026-03-14,COURSE_101,20,10,0,0,2026-03-14,explicit_dropout,0.0,0.0,0.0,0.0,0.0
S00871,2026-04-07,COURSE_101,36,10,10,1,2026-05-01,completer,3.0,974.0,10.0,100.0,68.3
S00872,2026-05-03,COURSE_101,38,10,10,1,2026-05-25,completer,3.0,995.0,10.0,100.0,82.4
S00873,2026-05-01,COURSE_101,25,10,8,0,2026-07-03,silent_dropout,11.0,520.0,8.0,80.0,65.25
S00874,2026-01-29,COURSE_101,41,10,10,1,2026-02-18,completer,2.0,1019.0,10.0,100.0,83.2
S00875,2026-04-07,COURSE_101,36,10,10,1,2026-04-30,completer,2.0,1068.0,10.0,100.0,88.4
S00876,2026-03-03,COURSE_101,36,10,10,1,2026-03-28,completer,3.0,501.0,10.0,100.0,80.3
S00877,2026-04-14,COURSE_101,22,10,6,0,2026-06-01,silent_dropout,11.0,527.0,6.0,60.0,67.0
S00878,2026-05-12,COURSE_101,31,10,4,0,2026-06-20,silent_dropout,17.0,286.0,4.0,40.0,75.75
S00879,2026-05-27,COURSE_101,33,10,10,1,2026-06-16,completer,2.0,1005.0,10.0,100.0,76.9
S00880,2026-05-05,COURSE_101,33,10,10,1,2026-05-25,completer,3.0,1320.0,10.0,100.0,83.0
S00881,2026-02-27,COURSE_101,40,10,10,1,2026-03-21,completer,3.0,1035.0,10.0,100.0,84.9
S00882,2026-02-10,COURSE_101,41,10,3,0,2026-03-07,silent_dropout,8.0,206.0,3.0,30.0,72.0
S00883,2026-01-13,COURSE_101,25,10,10,1,2026-02-03,completer,3.0,719.0,10.0,100.0,88.3
S00884,2026-05-19,COURSE_101,23,10,10,1,2026-06-10,completer,2.0,1027.0,10.0,100.0,81.0
S00885,2026-01-09,COURSE_101,31,10,5,0,2026-02-24,silent_dropout,13.0,443.0,5.0,50.0,75.0
S00886,2026-03-02,COURSE_101,27,10,10,1,2026-03-26,completer,3.0,946.0,10.0,100.0,87.4
S00887,2026-02-21,COURSE_101,33,10,3,0,2026-03-20,silent_dropout,8.0,203.0,3.0,30.0,73.0
S00888,2026-03-28,COURSE_101,23,10,10,1,2026-04-20,completer,3.0,865.0,10.0,100.0,76.9
S00889,2026-04-21,COURSE_101,29,10,10,1,2026-05-11,completer,1.0,1030.0,10.0,100.0,66.0
S00890,2026-03-20,COURSE_101,34,10,10,1,2026-04-11,completer,3.0,732.0,10.0,100.0,85.4
S00891,2026-04-09,COURSE_101,42,10,7,0,2026-06-13,silent_dropout,14.0,485.0,7.0,70.0,75.57142857142857
S00892,2026-04-29,COURSE_101,42,10,0,0,2026-04-29,explicit_dropout,0.0,0.0,0.0,0.0,0.0
S00893,2026-05-24,COURSE_101,41,10,6,0,2026-07-12,silent_dropout,9.0,257.0,6.0,60.0,76.66666666666667
S00894,2026-01-05,COURSE_101,38,10,10,1,2026-01-23,completer,3.0,1048.0,10.0,100.0,71.2
S00895,2026-05-18,COURSE_101,28,10,8,0,2026-07-28,silent_dropout,14.0,424.0,8.0,80.0,77.125
S00896,2026-05-15,COURSE_101,27,10,10,1,2026-06-04,completer,3.0,902.0,10.0,100.0,82.2
S00897,2026-01-10,COURSE_101,39,10,10,1,2026-02-01,completer,2.0,1023.0,10.0,100.0,77.0
S00898,2026-04-23,COURSE_101,21,10,2,0,2026-04-25,explicit_dropout,1.0,18.0,2.0,20.0,74.0
S00899,2026-04-23,COURSE_101,41,10,10,1,2026-05-09,completer,2.0,927.0,10.0,100.0,70.3
S00900,2026-01-02,COURSE_101,39,10,10,1,2026-01-20,completer,2.0,878.0,10.0,100.0,73.6
S00901,2026-02-03,COURSE_101,23,10,10,1,2026-02-22,completer,3.0,886.0,10.0,100.0,84.5
S00902,2026-01-13,COURSE_101,19,10,10,1,2026-02-04,completer,3.0,966.0,10.0,100.0,82.8
S00903,2026-01-26,COURSE_101,35,10,10,1,2026-02-17,completer,2.0,1126.0,10.0,100.0,69.3
S00904,2026-04-21,COURSE_101,26,10,4,0,2026-05-22,silent_dropout,11.0,217.0,4.0,40.0,63.0
S00905,2026-03-01,COURSE_101,35,10,10,1,2026-03-22,completer,2.0,903.0,10.0,100.0,91.2
S00906,2026-05-16,COURSE_101,41,10,2,0,2026-05-19,explicit_dropout,1.0,11.0,2.0,20.0,71.5
S00907,2026-01-16,COURSE_101,21,10,3,0,2026-02-12,silent_dropout,12.0,220.0,3.0,30.0,74.66666666666667
S00908,2026-01-26,COURSE_101,19,10,10,1,2026-02-17,completer,2.0,855.0,10.0,100.0,79.2
S00909,2026-03-22,COURSE_101,32,10,10,1,2026-04-14,completer,2.0,796.0,10.0,100.0,73.1
S00910,2026-02-08,COURSE_101,21,10,10,1,2026-02-28,completer,2.0,972.0,10.0,100.0,78.6
S00911,2026-05-18,COURSE_101,20,10,5,0,2026-07-01,silent_dropout,13.0,350.0,5.0,50.0,64.8
S00912,2026-04-21,COURSE_101,30,10,10,1,2026-05-17,completer,3.0,957.0,10.0,100.0,69.2
S00913,2026-01-20,COURSE_101,34,10,2,0,2026-02-04,silent_dropout,8.0,123.0,2.0,20.0,67.0
S00914,2026-05-26,COURSE_101,26,10,10,1,2026-06-13,completer,3.0,962.0,10.0,100.0,77.0
S00915,2026-05-23,COURSE_101,26,10,5,0,2026-07-12,silent_dropout,15.0,310.0,5.0,50.0,71.6
S00916,2026-02-17,COURSE_101,37,10,10,1,2026-03-12,completer,3.0,1025.0,10.0,100.0,78.2
S00917,2026-04-10,COURSE_101,24,10,10,1,2026-04-24,completer,1.0,997.0,10.0,100.0,64.2
S00918,2026-04-30,COURSE_101,24,10,0,0,2026-04-30,explicit_dropout,0.0,0.0,0.0,0.0,0.0
S00919,2026-04-12,COURSE_101,21,10,2,0,2026-05-12,silent_dropout,16.0,225.0,2.0,20.0,68.0
S00920,2026-01-08,COURSE_101,24,10,10,1,2026-01-25,completer,3.0,1071.0,10.0,100.0,72.7
S00921,2026-03-04,COURSE_101,42,10,0,0,2026-03-04,explicit_dropout,0.0,0.0,0.0,0.0,0.0
S00922,2026-03-18,COURSE_101,40,10,10,1,2026-04-11,completer,3.0,906.0,10.0,100.0,77.7
S00923,2026-01-18,COURSE_101,28,10,0,0,2026-01-18,explicit_dropout,0.0,0.0,0.0,0.0,0.0
S00924,2026-03-13,COURSE_101,33,10,4,0,2026-04-21,silent_dropout,13.0,190.0,4.0,40.0,56.25
S00925,2026-02-11,COURSE_101,30,10,10,1,2026-03-07,completer,3.0,900.0,10.0,100.0,76.3
S00926,2026-01-23,COURSE_101,36,10,10,1,2026-02-15,completer,2.0,1067.0,10.0,100.0,84.7
S00927,2026-01-19,COURSE_101,42,10,10,1,2026-02-10,completer,3.0,844.0,10.0,100.0,84.8
S00928,2026-02-14,COURSE_101,19,10,10,1,2026-03-07,completer,3.0,750.0,10.0,100.0,89.0
S00929,2026-05-20,COURSE_101,44,10,3,0,2026-06-19,silent_dropout,13.0,66.0,3.0,30.0,81.0
S00930,2026-02-21,COURSE_101,38,10,10,1,2026-03-17,completer,3.0,1085.0,10.0,100.0,71.7
S00931,2026-02-10,COURSE_101,42,10,10,1,2026-03-02,completer,2.0,1065.0,10.0,100.0,82.9
S00932,2026-04-07,COURSE_101,42,10,8,0,2026-06-10,silent_dropout,12.0,463.0,8.0,80.0,63.25
S00933,2026-01-04,COURSE_101,37,10,0,0,2026-01-04,explicit_dropout,0.0,0.0,0.0,0.0,0.0
S00934,2026-05-22,COURSE_101,43,10,10,1,2026-06-12,completer,3.0,1009.0,10.0,100.0,80.6
S00935,2026-03-10,COURSE_101,28,10,10,1,2026-03-26,completer,1.0,975.0,10.0,100.0,81.1
S00936,2026-03-26,COURSE_101,23,10,10,1,2026-04-11,completer,3.0,911.0,10.0,100.0,84.1
S00937,2026-03-05,COURSE_101,29,10,10,1,2026-03-23,completer,3.0,1094.0,10.0,100.0,71.5
S00938,2026-02-08,COURSE_101,31,10,0,0,2026-02-08,explicit_dropout,0.0,0.0,0.0,0.0,0.0
S00939,2026-02-05,COURSE_101,28,10,10,1,2026-02-28,completer,3.0,1123.0,10.0,100.0,83.0
S00940,2026-04-09,COURSE_101,24,10,8,0,2026-06-11,silent_dropout,15.0,371.0,8.0,80.0,60.25
S00941,2026-03-19,COURSE_101,31,10,10,1,2026-04-06,completer,3.0,824.0,10.0,100.0,75.0
S00942,2026-03-18,COURSE_101,40,10,6,0,2026-05-01,silent_dropout,14.0,299.0,6.0,60.0,74.0
S00943,2026-01-09,COURSE_101,40,10,4,0,2026-02-15,silent_dropout,14.0,287.0,4.0,40.0,61.25
S00944,2026-05-14,COURSE_101,26,10,4,0,2026-06-18,silent_dropout,11.0,274.0,4.0,40.0,68.0
S00945,2026-03-20,COURSE_101,39,10,10,1,2026-04-11,completer,3.0,1029.0,10.0,100.0,80.8
S00946,2026-03-12,COURSE_101,44,10,10,1,2026-03-28,completer,3.0,920.0,10.0,100.0,76.7
S00947,2026-04-26,COURSE_101,24,10,10,1,2026-05-17,completer,3.0,1096.0,10.0,100.0,72.1
S00948,2026-04-05,COURSE_101,21,10,2,0,2026-04-08,explicit_dropout,2.0,15.0,2.0,20.0,48.0
S00949,2026-04-08,COURSE_101,40,10,2,0,2026-04-11,explicit_dropout,2.0,23.0,2.0,20.0,61.0
S00950,2026-01-14,COURSE_101,25,10,2,0,2026-01-26,silent_dropout,5.0,151.0,2.0,20.0,76.5
S00951,2026-04-24,COURSE_101,20,10,5,0,2026-06-06,silent_dropout,10.0,196.0,5.0,50.0,59.2
S00952,2026-04-19,COURSE_101,28,10,8,0,2026-06-27,silent_dropout,11.0,595.0,8.0,80.0,59.375
S00953,2026-04-24,COURSE_101,40,10,10,1,2026-05-14,completer,2.0,1103.0,10.0,100.0,86.3
S00954,2026-01-19,COURSE_101,26,10,2,0,2026-01-23,explicit_dropout,2.0,25.0,2.0,20.0,50.0
S00955,2026-02-07,COURSE_101,23,10,10,1,2026-02-21,completer,1.0,1053.0,10.0,100.0,71.2
S00956,2026-05-02,COURSE_101,40,10,10,1,2026-05-27,completer,3.0,876.0,10.0,100.0,79.5
S00957,2026-05-15,COURSE_101,36,10,10,1,2026-06-05,completer,2.0,1041.0,10.0,100.0,81.5
S00958,2026-03-15,COURSE_101,43,10,10,1,2026-04-03,completer,2.0,998.0,10.0,100.0,71.2
S00959,2026-01-04,COURSE_101,19,10,10,1,2026-01-25,completer,3.0,803.0,10.0,100.0,84.7
S00960,2026-01-17,COURSE_101,34,10,7,0,2026-03-17,silent_dropout,14.0,309.0,7.0,70.0,71.0
S00961,2026-05-30,COURSE_101,23,10,10,1,2026-06-22,completer,3.0,1040.0,10.0,100.0,79.1
S00962,2026-03-06,COURSE_101,20,10,4,0,2026-04-07,silent_dropout,15.0,306.0,4.0,40.0,67.75
S00963,2026-02-06,COURSE_101,37,10,10,1,2026-02-24,completer,3.0,844.0,10.0,100.0,88.0
S00964,2026-05-09,COURSE_101,23,10,10,1,2026-05-29,completer,1.0,1176.0,10.0,100.0,87.1
S00965,2026-03-28,COURSE_101,38,10,10,1,2026-04-18,completer,3.0,922.0,10.0,100.0,90.2
S00966,2026-01-27,COURSE_101,22,10,10,1,2026-02-17,completer,3.0,900.0,10.0,100.0,82.8
S00967,2026-04-02,COURSE_101,31,10,8,0,2026-06-08,silent_dropout,13.0,530.0,8.0,80.0,59.875
S00968,2026-01-10,COURSE_101,41,10,10,1,2026-01-31,completer,3.0,835.0,10.0,100.0,88.7
S00969,2026-01-06,COURSE_101,40,10,5,0,2026-02-17,silent_dropout,16.0,265.0,5.0,50.0,73.4
S00970,2026-03-20,COURSE_101,20,10,10,1,2026-04-08,completer,2.0,1011.0,10.0,100.0,90.5
S00971,2026-05-05,COURSE_101,28,10,6,0,2026-06-28,silent_dropout,16.0,474.0,6.0,60.0,65.83333333333333
S00972,2026-05-25,COURSE_101,40,10,1,0,2026-05-27,explicit_dropout,0.0,5.0,1.0,10.0,71.0
S00973,2026-03-09,COURSE_101,26,10,2,0,2026-03-26,silent_dropout,9.0,88.0,2.0,20.0,68.0
S00974,2026-04-11,COURSE_101,22,10,10,1,2026-04-26,completer,2.0,966.0,10.0,100.0,77.4
S00975,2026-02-08,COURSE_101,33,10,10,1,2026-03-01,completer,2.0,682.0,10.0,100.0,76.4
S00976,2026-04-12,COURSE_101,26,10,10,1,2026-05-08,completer,3.0,1020.0,10.0,100.0,86.6
S00977,2026-02-10,COURSE_101,28,10,2,0,2026-02-27,silent_dropout,6.0,130.0,2.0,20.0,79.5
S00978,2026-02-13,COURSE_101,18,10,10,1,2026-03-05,completer,2.0,1067.0,10.0,100.0,85.6
S00979,2026-03-18,COURSE_101,29,10,10,1,2026-04-10,completer,3.0,963.0,10.0,100.0,64.3
S00980,2026-01-09,COURSE_101,33,10,5,0,2026-02-11,silent_dropout,7.0,391.0,5.0,50.0,81.2
S00981,2026-03-27,COURSE_101,18,10,10,1,2026-04-22,completer,3.0,1213.0,10.0,100.0,79.0
S00982,2026-05-20,COURSE_101,37,10,4,0,2026-06-21,silent_dropout,15.0,256.0,4.0,40.0,66.0
S00983,2026-02-17,COURSE_101,23,10,10,1,2026-03-10,completer,2.0,868.0,10.0,100.0,88.9
S00984,2026-01-04,COURSE_101,25,10,10,1,2026-01-24,completer,2.0,1182.0,10.0,100.0,92.5
S00985,2026-05-13,COURSE_101,23,10,6,0,2026-06-28,silent_dropout,9.0,387.0,6.0,60.0,63.5
S00986,2026-04-19,COURSE_101,30,10,10,1,2026-05-09,completer,3.0,943.0,10.0,100.0,84.7
S00987,2026-03-09,COURSE_101,37,10,6,0,2026-04-22,silent_dropout,12.0,439.0,6.0,60.0,59.333333333333336
S00988,2026-02-12,COURSE_101,34,10,10,1,2026-03-07,completer,2.0,975.0,10.0,100.0,82.2
S00989,2026-02-11,COURSE_101,20,10,10,1,2026-03-05,completer,3.0,829.0,10.0,100.0,72.9
S00990,2026-04-04,COURSE_101,36,10,7,0,2026-06-15,silent_dropout,16.0,529.0,7.0,70.0,74.28571428571429
S00991,2026-01-28,COURSE_101,33,10,3,0,2026-03-05,silent_dropout,16.0,157.0,3.0,30.0,82.33333333333333
S00992,2026-01-19,COURSE_101,34,10,7,0,2026-03-27,silent_dropout,16.0,345.0,7.0,70.0,63.42857142857143
S00993,2026-03-06,COURSE_101,38,10,10,1,2026-03-21,completer,2.0,961.0,10.0,100.0,89.2
S00994,2026-01-09,COURSE_101,39,10,7,0,2026-03-04,silent_dropout,11.0,238.0,7.0,70.0,57.714285714285715
S00995,2026-05-13,COURSE_101,30,10,10,1,2026-06-06,completer,3.0,916.0,10.0,100.0,77.5
S00996,2026-04-09,COURSE_101,44,10,10,1,2026-05-01,completer,3.0,741.0,10.0,100.0,76.4
S00997,2026-01-19,COURSE_101,33,10,2,0,2026-01-22,explicit_dropout,2.0,37.0,2.0,20.0,53.5
S00998,2026-01-09,COURSE_101,36,10,10,1,2026-02-01,completer,3.0,1163.0,10.0,100.0,81.3
S00999,2026-01-11,COURSE_101,24,10,2,0,2026-01-15,explicit_dropout,2.0,18.0,2.0,20.0,65.5
S01000,2026-05-17,COURSE_101,35,10,10,1,2026-06-13,completer,3.0,900.0,10.0,100.0,88.4
S01001,2026-03-23,COURSE_101,29,10,10,1,2026-04-13,completer,3.0,951.0,10.0,100.0,64.9
S01002,2026-04-04,COURSE_101,34,10,10,1,2026-04-26,completer,2.0,856.0,10.0,100.0,86.2
S01003,2026-04-20,COURSE_101,44,10,2,0,2026-04-23,explicit_dropout,2.0,22.0,2.0,20.0,59.5
S01004,2026-03-22,COURSE_101,39,10,4,0,2026-04-24,silent_dropout,11.0,241.0,4.0,40.0,73.25
S01005,2026-03-25,COURSE_101,38,10,5,0,2026-05-08,silent_dropout,15.0,254.0,5.0,50.0,71.6
S01006,2026-03-15,COURSE_101,39,10,8,0,2026-05-22,silent_dropout,15.0,694.0,8.0,80.0,65.625
S01007,2026-03-11,COURSE_101,22,10,2,0,2026-04-01,silent_dropout,11.0,115.0,2.0,20.0,77.5
S01008,2026-01-24,COURSE_101,21,10,2,0,2026-02-16,silent_dropout,13.0,127.0,2.0,20.0,80.5
S01009,2026-02-14,COURSE_101,43,10,10,1,2026-03-06,completer,2.0,1131.0,10.0,100.0,71.7
S01010,2026-05-20,COURSE_101,28,10,10,1,2026-06-12,completer,3.0,786.0,10.0,100.0,70.4
S01011,2026-05-18,COURSE_101,32,10,10,1,2026-06-12,completer,3.0,1138.0,10.0,100.0,68.1
S01012,2026-05-03,COURSE_101,27,10,2,0,2026-05-05,explicit_dropout,1.0,25.0,2.0,20.0,54.0
S01013,2026-02-18,COURSE_101,25,10,1,0,2026-02-20,explicit_dropout,0.0,6.0,1.0,10.0,60.0
S01014,2026-05-27,COURSE_101,19,10,10,1,2026-06-17,completer,3.0,714.0,10.0,100.0,90.5
S01015,2026-01-01,COURSE_101,42,10,3,0,2026-01-23,silent_dropout,7.0,159.0,3.0,30.0,80.33333333333333
S01016,2026-01-30,COURSE_101,32,10,1,0,2026-01-31,explicit_dropout,0.0,6.0,1.0,10.0,56.0
S01017,2026-04-06,COURSE_101,44,10,10,1,2026-04-27,completer,3.0,1075.0,10.0,100.0,84.2
S01018,2026-05-06,COURSE_101,43,10,7,0,2026-07-05,silent_dropout,15.0,283.0,7.0,70.0,74.28571428571429
S01019,2026-01-13,COURSE_101,26,10,1,0,2026-01-15,explicit_dropout,0.0,11.0,1.0,10.0,54.0
S01020,2026-02-06,COURSE_101,27,10,10,1,2026-02-23,completer,3.0,786.0,10.0,100.0,68.1
S01021,2026-05-05,COURSE_101,28,10,4,0,2026-06-05,silent_dropout,13.0,304.0,4.0,40.0,78.5
S01022,2026-04-01,COURSE_101,31,10,10,1,2026-04-22,completer,2.0,1222.0,10.0,100.0,87.9
S01023,2026-04-10,COURSE_101,36,10,2,0,2026-04-12,explicit_dropout,1.0,24.0,2.0,20.0,58.0
S01024,2026-04-20,COURSE_101,42,10,0,0,2026-04-20,explicit_dropout,0.0,0.0,0.0,0.0,0.0
S01025,2026-01-31,COURSE_101,26,10,1,0,2026-02-02,explicit_dropout,0.0,17.0,1.0,10.0,56.0
S01026,2026-05-02,COURSE_101,23,10,10,1,2026-05-20,completer,3.0,740.0,10.0,100.0,77.4
S01027,2026-04-29,COURSE_101,39,10,2,0,2026-05-03,explicit_dropout,2.0,25.0,2.0,20.0,65.5
S01028,2026-02-04,COURSE_101,37,10,5,0,2026-03-17,silent_dropout,12.0,290.0,5.0,50.0,73.2
S01029,2026-02-04,COURSE_101,37,10,10,1,2026-02-27,completer,2.0,1223.0,10.0,100.0,71.7
S01030,2026-01-13,COURSE_101,19,10,6,0,2026-03-08,silent_dropout,17.0,384.0,6.0,60.0,61.166666666666664
S01031,2026-05-07,COURSE_101,23,10,10,1,2026-05-28,completer,3.0,896.0,10.0,100.0,84.6
S01032,2026-01-07,COURSE_101,31,10,5,0,2026-02-24,silent_dropout,16.0,387.0,5.0,50.0,64.2
S01033,2026-04-04,COURSE_101,39,10,10,1,2026-04-21,completer,2.0,903.0,10.0,100.0,68.6
S01034,2026-03-19,COURSE_101,19,10,10,1,2026-04-07,completer,2.0,1045.0,10.0,100.0,86.4
S01035,2026-02-06,COURSE_101,38,10,10,1,2026-02-25,completer,3.0,722.0,10.0,100.0,86.8
S01036,2026-01-27,COURSE_101,40,10,2,0,2026-02-21,silent_dropout,16.0,114.0,2.0,20.0,62.5
S01037,2026-04-09,COURSE_101,27,10,10,1,2026-05-01,completer,2.0,923.0,10.0,100.0,90.8
S01038,2026-03-12,COURSE_101,37,10,7,0,2026-05-11,silent_dropout,12.0,477.0,7.0,70.0,77.28571428571429
S01039,2026-02-26,COURSE_101,40,10,10,1,2026-03-19,completer,3.0,838.0,10.0,100.0,81.7
S01040,2026-02-04,COURSE_101,34,10,10,1,2026-02-20,completer,2.0,954.0,10.0,100.0,80.1
S01041,2026-02-02,COURSE_101,25,10,10,1,2026-02-23,completer,2.0,1054.0,10.0,100.0,82.6
S01042,2026-05-06,COURSE_101,27,10,4,0,2026-06-18,silent_dropout,14.0,291.0,4.0,40.0,62.75
S01043,2026-02-13,COURSE_101,20,10,10,1,2026-03-06,completer,2.0,739.0,10.0,100.0,90.9
S01044,2026-03-06,COURSE_101,27,10,7,0,2026-05-01,silent_dropout,11.0,506.0,7.0,70.0,78.0
S01045,2026-04-08,COURSE_101,42,10,0,0,2026-04-08,explicit_dropout,0.0,0.0,0.0,0.0,0.0
S01046,2026-04-02,COURSE_101,39,10,6,0,2026-05-27,silent_dropout,16.0,466.0,6.0,60.0,70.0
S01047,2026-04-08,COURSE_101,39,10,10,1,2026-05-01,completer,3.0,1017.0,10.0,100.0,70.5
S01048,2026-04-16,COURSE_101,39,10,10,1,2026-05-08,completer,3.0,1167.0,10.0,100.0,70.3
S01049,2026-05-04,COURSE_101,18,10,2,0,2026-05-07,explicit_dropout,1.0,23.0,2.0,20.0,54.5
S01050,2026-05-21,COURSE_101,43,10,10,1,2026-06-13,completer,3.0,860.0,10.0,100.0,92.8
S01051,2026-01-01,COURSE_101,20,10,2,0,2026-01-03,explicit_dropout,1.0,13.0,2.0,20.0,47.5
S01052,2026-04-06,COURSE_101,18,10,10,1,2026-04-26,completer,2.0,946.0,10.0,100.0,77.8
S01053,2026-02-20,COURSE_101,29,10,1,0,2026-02-21,explicit_dropout,0.0,14.0,1.0,10.0,58.0
S01054,2026-03-04,COURSE_101,35,10,6,0,2026-04-19,silent_dropout,12.0,418.0,6.0,60.0,57.5
S01055,2026-02-19,COURSE_101,25,10,2,0,2026-02-22,explicit_dropout,2.0,22.0,2.0,20.0,53.5
S01056,2026-03-21,COURSE_101,36,10,10,1,2026-04-10,completer,2.0,1089.0,10.0,100.0,82.4
S01057,2026-04-18,COURSE_101,27,10,7,0,2026-06-20,silent_dropout,13.0,439.0,7.0,70.0,74.71428571428571
S01058,2026-02-10,COURSE_101,39,10,10,1,2026-02-28,completer,3.0,893.0,10.0,100.0,66.4
S01059,2026-01-29,COURSE_101,27,10,10,1,2026-02-22,completer,3.0,954.0,10.0,100.0,82.5
S01060,2026-05-15,COURSE_101,26,10,8,0,2026-07-24,silent_dropout,12.0,455.0,8.0,80.0,75.0
S01061,2026-04-25,COURSE_101,30,10,0,0,2026-04-25,explicit_dropout,0.0,0.0,0.0,0.0,0.0
S01062,2026-03-28,COURSE_101,28,10,2,0,2026-04-01,explicit_dropout,2.0,19.0,2.0,20.0,69.0
S01063,2026-04-08,COURSE_101,43,10,6,0,2026-05-24,silent_dropout,10.0,434.0,6.0,60.0,55.333333333333336
S01064,2026-01-10,COURSE_101,25,10,10,1,2026-01-30,completer,3.0,911.0,10.0,100.0,90.1
S01065,2026-04-17,COURSE_101,30,10,10,1,2026-05-04,completer,2.0,930.0,10.0,100.0,81.2
S01066,2026-01-17,COURSE_101,36,10,2,0,2026-02-03,silent_dropout,6.0,181.0,2.0,20.0,64.5
S01067,2026-03-24,COURSE_101,41,10,10,1,2026-04-10,completer,2.0,1051.0,10.0,100.0,85.8
S01068,2026-05-05,COURSE_101,23,10,10,1,2026-05-25,completer,2.0,852.0,10.0,100.0,71.0
S01069,2026-04-01,COURSE_101,25,10,10,1,2026-04-25,completer,3.0,963.0,10.0,100.0,86.2
S01070,2026-02-17,COURSE_101,27,10,10,1,2026-03-04,completer,1.0,909.0,10.0,100.0,80.4
S01071,2026-04-19,COURSE_101,26,10,10,1,2026-05-10,completer,3.0,938.0,10.0,100.0,87.9
S01072,2026-02-03,COURSE_101,44,10,10,1,2026-02-23,completer,3.0,885.0,10.0,100.0,88.1
S01073,2026-01-08,COURSE_101,41,10,10,1,2026-02-03,completer,3.0,859.0,10.0,100.0,91.1
S01074,2026-03-24,COURSE_101,31,10,10,1,2026-04-12,completer,3.0,710.0,10.0,100.0,86.2
S01075,2026-02-25,COURSE_101,23,10,1,0,2026-02-27,explicit_dropout,0.0,11.0,1.0,10.0,61.0
S01076,2026-02-12,COURSE_101,44,10,10,1,2026-03-06,completer,3.0,926.0,10.0,100.0,74.5
S01077,2026-01-25,COURSE_101,19,10,10,1,2026-02-20,completer,3.0,993.0,10.0,100.0,90.3
S01078,2026-05-16,COURSE_101,39,10,6,0,2026-07-14,silent_dropout,11.0,439.0,6.0,60.0,62.0
S01079,2026-01-02,COURSE_101,40,10,10,1,2026-01-22,completer,3.0,1017.0,10.0,100.0,72.2
S01080,2026-01-30,COURSE_101,41,10,2,0,2026-02-02,explicit_dropout,1.0,26.0,2.0,20.0,59.5
S01081,2026-05-28,COURSE_101,40,10,8,0,2026-07-27,silent_dropout,13.0,493.0,8.0,80.0,52.75
S01082,2026-03-25,COURSE_101,33,10,10,1,2026-04-17,completer,3.0,531.0,10.0,100.0,86.0
S01083,2026-01-28,COURSE_101,20,10,10,1,2026-02-21,completer,3.0,688.0,10.0,100.0,75.6
S01084,2026-05-28,COURSE_101,42,10,0,0,2026-05-28,explicit_dropout,0.0,0.0,0.0,0.0,0.0
S01085,2026-03-06,COURSE_101,18,10,1,0,2026-03-08,explicit_dropout,0.0,9.0,1.0,10.0,69.0
S01086,2026-01-13,COURSE_101,21,10,10,1,2026-01-26,completer,3.0,648.0,10.0,100.0,87.7
S01087,2026-01-31,COURSE_101,22,10,4,0,2026-03-12,silent_dropout,14.0,141.0,4.0,40.0,74.5
S01088,2026-01-19,COURSE_101,40,10,10,1,2026-02-14,completer,3.0,941.0,10.0,100.0,73.0
S01089,2026-02-27,COURSE_101,33,10,0,0,2026-02-27,explicit_dropout,0.0,0.0,0.0,0.0,0.0
S01090,2026-02-16,COURSE_101,25,10,10,1,2026-03-03,completer,2.0,822.0,10.0,100.0,75.5
S01091,2026-01-29,COURSE_101,19,10,1,0,2026-01-31,explicit_dropout,0.0,18.0,1.0,10.0,54.0
S01092,2026-03-12,COURSE_101,37,10,4,0,2026-04-24,silent_dropout,15.0,211.0,4.0,40.0,67.5
S01093,2026-05-03,COURSE_101,43,10,5,0,2026-06-12,silent_dropout,13.0,211.0,5.0,50.0,59.4
S01094,2026-05-29,COURSE_101,26,10,10,1,2026-06-23,completer,3.0,877.0,10.0,100.0,71.9
S01095,2026-01-15,COURSE_101,30,10,10,1,2026-02-03,completer,2.0,1158.0,10.0,100.0,70.6
S01096,2026-05-09,COURSE_101,22,10,10,1,2026-06-03,completer,3.0,1044.0,10.0,100.0,88.5
S01097,2026-03-22,COURSE_101,37,10,10,1,2026-04-11,completer,2.0,1009.0,10.0,100.0,69.5
S01098,2026-01-27,COURSE_101,34,10,10,1,2026-02-14,completer,2.0,865.0,10.0,100.0,86.7
S01099,2026-01-14,COURSE_101,41,10,6,0,2026-03-06,silent_dropout,11.0,313.0,6.0,60.0,70.5
S01100,2026-05-25,COURSE_101,44,10,10,1,2026-06-19,completer,3.0,992.0,10.0,100.0,81.6
S01101,2026-03-18,COURSE_101,39,10,10,1,2026-04-03,completer,2.0,1318.0,10.0,100.0,93.2
S01102,2026-04-10,COURSE_101,38,10,0,0,2026-04-10,explicit_dropout,0.0,0.0,0.0,0.0,0.0
S01103,2026-05-15,COURSE_101,19,10,1,0,2026-05-16,explicit_dropout,0.0,19.0,1.0,10.0,74.0
S01104,2026-04-03,COURSE_101,22,10,0,0,2026-04-03,explicit_dropout,0.0,0.0,0.0,0.0,0.0
S01105,2026-02-18,COURSE_101,19,10,0,0,2026-02-18,explicit_dropout,0.0,0.0,0.0,0.0,0.0
S01106,2026-04-12,COURSE_101,19,10,10,1,2026-05-02,completer,3.0,785.0,10.0,100.0,75.0
S01107,2026-02-15,COURSE_101,32,10,10,1,2026-03-05,completer,2.0,816.0,10.0,100.0,86.0
S01108,2026-04-02,COURSE_101,31,10,5,0,2026-05-07,silent_dropout,9.0,309.0,5.0,50.0,58.0
S01109,2026-02-14,COURSE_101,19,10,4,0,2026-03-19,silent_dropout,13.0,249.0,4.0,40.0,61.5
S01110,2026-04-07,COURSE_101,39,10,10,1,2026-04-27,completer,2.0,1241.0,10.0,100.0,88.1
S01111,2026-04-23,COURSE_101,28,10,5,0,2026-06-07,silent_dropout,14.0,383.0,5.0,50.0,63.4
S01112,2026-01-24,COURSE_101,35,10,10,1,2026-02-18,completer,3.0,810.0,10.0,100.0,88.9
S01113,2026-01-20,COURSE_101,38,10,10,1,2026-02-05,completer,3.0,1016.0,10.0,100.0,70.7
S01114,2026-03-10,COURSE_101,19,10,10,1,2026-04-03,completer,2.0,1051.0,10.0,100.0,69.8
S01115,2026-05-17,COURSE_101,19,10,5,0,2026-06-23,silent_dropout,8.0,388.0,5.0,50.0,76.2
S01116,2026-01-23,COURSE_101,40,10,8,0,2026-03-28,silent_dropout,12.0,453.0,8.0,80.0,57.125
S01117,2026-05-07,COURSE_101,25,10,10,1,2026-05-29,completer,3.0,991.0,10.0,100.0,70.0
S01118,2026-03-17,COURSE_101,25,10,1,0,2026-03-19,explicit_dropout,0.0,7.0,1.0,10.0,63.0
S01119,2026-03-26,COURSE_101,41,10,10,1,2026-04-18,completer,3.0,950.0,10.0,100.0,83.4
S01120,2026-02-04,COURSE_101,37,10,10,1,2026-02-27,completer,3.0,1100.0,10.0,100.0,72.7
S01121,2026-03-15,COURSE_101,24,10,1,0,2026-03-16,explicit_dropout,0.0,8.0,1.0,10.0,51.0
S01122,2026-01-07,COURSE_101,37,10,1,0,2026-01-08,explicit_dropout,0.0,12.0,1.0,10.0,68.0
S01123,2026-02-14,COURSE_101,31,10,1,0,2026-02-15,explicit_dropout,0.0,9.0,1.0,10.0,52.0
S01124,2026-05-03,COURSE_101,36,10,4,0,2026-06-04,silent_dropout,10.0,235.0,4.0,40.0,61.0
S01125,2026-01-07,COURSE_101,23,10,8,0,2026-03-12,silent_dropout,13.0,432.0,8.0,80.0,71.75
S01126,2026-03-22,COURSE_101,24,10,5,0,2026-05-07,silent_dropout,13.0,211.0,5.0,50.0,65.8
S01127,2026-03-22,COURSE_101,31,10,10,1,2026-04-13,completer,3.0,718.0,10.0,100.0,75.2
S01128,2026-05-14,COURSE_101,38,10,10,1,2026-05-30,completer,2.0,854.0,10.0,100.0,93.8
S01129,2026-04-25,COURSE_101,32,10,10,1,2026-05-14,completer,2.0,881.0,10.0,100.0,68.7
S01130,2026-03-21,COURSE_101,32,10,10,1,2026-04-10,completer,2.0,1134.0,10.0,100.0,85.9
S01131,2026-01-31,COURSE_101,36,10,8,0,2026-03-28,silent_dropout,10.0,412.0,8.0,80.0,54.875
S01132,2026-04-19,COURSE_101,32,10,10,1,2026-05-11,completer,2.0,1118.0,10.0,100.0,73.8
S01133,2026-02-09,COURSE_101,29,10,10,1,2026-03-02,completer,2.0,800.0,10.0,100.0,77.9
S01134,2026-04-10,COURSE_101,41,10,10,1,2026-05-02,completer,3.0,993.0,10.0,100.0,85.2
S01135,2026-04-17,COURSE_101,19,10,3,0,2026-05-15,silent_dropout,11.0,128.0,3.0,30.0,74.33333333333333
S01136,2026-04-21,COURSE_101,27,10,10,1,2026-05-14,completer,2.0,1114.0,10.0,100.0,89.2
S01137,2026-02-14,COURSE_101,24,10,2,0,2026-02-17,explicit_dropout,1.0,19.0,2.0,20.0,65.0
S01138,2026-05-12,COURSE_101,34,10,10,1,2026-05-30,completer,3.0,905.0,10.0,100.0,82.9
S01139,2026-04-02,COURSE_101,44,10,10,1,2026-04-25,completer,3.0,980.0,10.0,100.0,71.5
S01140,2026-02-12,COURSE_101,19,10,6,0,2026-04-04,silent_dropout,14.0,433.0,6.0,60.0,74.33333333333333
S01141,2026-03-13,COURSE_101,28,10,7,0,2026-05-11,silent_dropout,12.0,422.0,7.0,70.0,74.14285714285714
S01142,2026-03-23,COURSE_101,36,10,10,1,2026-04-16,completer,3.0,873.0,10.0,100.0,73.0
S01143,2026-01-06,COURSE_101,38,10,4,0,2026-02-11,silent_dropout,12.0,195.0,4.0,40.0,80.5
S01144,2026-04-28,COURSE_101,37,10,5,0,2026-06-02,silent_dropout,9.0,347.0,5.0,50.0,72.2
S01145,2026-05-09,COURSE_101,22,10,10,1,2026-06-02,completer,3.0,815.0,10.0,100.0,88.0
S01146,2026-01-14,COURSE_101,26,10,2,0,2026-01-17,explicit_dropout,1.0,18.0,2.0,20.0,68.5
S01147,2026-02-19,COURSE_101,39,10,2,0,2026-03-08,silent_dropout,11.0,46.0,2.0,20.0,67.0
S01148,2026-05-23,COURSE_101,34,10,4,0,2026-07-02,silent_dropout,12.0,361.0,4.0,40.0,56.25
S01149,2026-02-24,COURSE_101,31,10,0,0,2026-02-24,explicit_dropout,0.0,0.0,0.0,0.0,0.0
S01150,2026-03-14,COURSE_101,35,10,2,0,2026-03-17,explicit_dropout,1.0,27.0,2.0,20.0,64.5
S01151,2026-01-13,COURSE_101,19,10,2,0,2026-01-31,silent_dropout,8.0,64.0,2.0,20.0,65.0
S01152,2026-04-09,COURSE_101,29,10,6,0,2026-05-23,silent_dropout,11.0,452.0,6.0,60.0,69.83333333333333
S01153,2026-03-02,COURSE_101,21,10,8,0,2026-05-06,silent_dropout,14.0,410.0,8.0,80.0,69.375
S01154,2026-03-29,COURSE_101,24,10,2,0,2026-04-20,silent_dropout,12.0,122.0,2.0,20.0,65.0
S01155,2026-02-01,COURSE_101,29,10,4,0,2026-03-06,silent_dropout,11.0,245.0,4.0,40.0,58.0
S01156,2026-02-12,COURSE_101,26,10,3,0,2026-03-10,silent_dropout,9.0,202.0,3.0,30.0,80.0
S01157,2026-05-13,COURSE_101,40,10,10,1,2026-06-02,completer,3.0,997.0,10.0,100.0,84.3
S01158,2026-03-06,COURSE_101,29,10,1,0,2026-03-08,explicit_dropout,0.0,15.0,1.0,10.0,56.0
S01159,2026-05-19,COURSE_101,38,10,0,0,2026-05-19,explicit_dropout,0.0,0.0,0.0,0.0,0.0
S01160,2026-04-19,COURSE_101,27,10,10,1,2026-05-10,completer,3.0,958.0,10.0,100.0,75.9
S01161,2026-03-11,COURSE_101,28,10,7,0,2026-05-01,silent_dropout,12.0,417.0,7.0,70.0,67.42857142857143
S01162,2026-01-03,COURSE_101,27,10,10,1,2026-01-24,completer,2.0,1017.0,10.0,100.0,70.6
S01163,2026-03-25,COURSE_101,22,10,10,1,2026-04-18,completer,3.0,732.0,10.0,100.0,73.9
S01164,2026-02-18,COURSE_101,26,10,5,0,2026-04-04,silent_dropout,10.0,425.0,5.0,50.0,60.6
S01165,2026-02-28,COURSE_101,31,10,10,1,2026-03-18,completer,2.0,746.0,10.0,100.0,87.0
S01166,2026-03-08,COURSE_101,31,10,6,0,2026-04-29,silent_dropout,13.0,234.0,6.0,60.0,66.5
S01167,2026-05-24,COURSE_101,28,10,5,0,2026-07-04,silent_dropout,15.0,321.0,5.0,50.0,66.0
S01168,2026-01-03,COURSE_101,26,10,10,1,2026-01-28,completer,3.0,748.0,10.0,100.0,71.4
S01169,2026-01-20,COURSE_101,28,10,10,1,2026-02-08,completer,3.0,958.0,10.0,100.0,78.1
S01170,2026-02-21,COURSE_101,43,10,10,1,2026-03-15,completer,3.0,822.0,10.0,100.0,83.9
S01171,2026-02-09,COURSE_101,37,10,6,0,2026-03-27,silent_dropout,14.0,379.0,6.0,60.0,74.0
S01172,2026-03-06,COURSE_101,27,10,2,0,2026-03-09,explicit_dropout,2.0,33.0,2.0,20.0,71.5
S01173,2026-03-11,COURSE_101,35,10,8,0,2026-05-12,silent_dropout,11.0,445.0,8.0,80.0,66.25
S01174,2026-05-17,COURSE_101,27,10,10,1,2026-06-06,completer,3.0,715.0,10.0,100.0,72.2
S01175,2026-01-27,COURSE_101,32,10,3,0,2026-03-03,silent_dropout,16.0,221.0,3.0,30.0,72.66666666666667
S01176,2026-03-13,COURSE_101,37,10,10,1,2026-04-03,completer,2.0,1037.0,10.0,100.0,66.3
S01177,2026-05-28,COURSE_101,41,10,2,0,2026-06-21,silent_dropout,12.0,195.0,2.0,20.0,80.5
S01178,2026-04-21,COURSE_101,24,10,10,1,2026-05-11,completer,3.0,967.0,10.0,100.0,73.6
S01179,2026-04-17,COURSE_101,23,10,7,0,2026-06-09,silent_dropout,13.0,411.0,7.0,70.0,62.714285714285715
S01180,2026-01-06,COURSE_101,26,10,10,1,2026-01-27,completer,3.0,1047.0,10.0,100.0,86.0
S01181,2026-04-17,COURSE_101,31,10,1,0,2026-04-18,explicit_dropout,0.0,5.0,1.0,10.0,60.0
S01182,2026-05-29,COURSE_101,20,10,10,1,2026-06-19,completer,1.0,1199.0,10.0,100.0,82.0
S01183,2026-03-30,COURSE_101,25,10,5,0,2026-05-07,silent_dropout,8.0,324.0,5.0,50.0,80.0
S01184,2026-03-26,COURSE_101,37,10,0,0,2026-03-26,explicit_dropout,0.0,0.0,0.0,0.0,0.0
S01185,2026-05-29,COURSE_101,28,10,10,1,2026-06-19,completer,2.0,979.0,10.0,100.0,73.3
S01186,2026-01-31,COURSE_101,29,10,1,0,2026-02-02,explicit_dropout,0.0,11.0,1.0,10.0,74.0
S01187,2026-01-09,COURSE_101,37,10,6,0,2026-03-05,silent_dropout,16.0,468.0,6.0,60.0,76.5
S01188,2026-04-12,COURSE_101,35,10,10,1,2026-05-07,completer,3.0,876.0,10.0,100.0,84.7
S01189,2026-01-29,COURSE_101,29,10,10,1,2026-02-19,completer,2.0,921.0,10.0,100.0,79.0
S01190,2026-03-27,COURSE_101,28,10,6,0,2026-05-10,silent_dropout,8.0,373.0,6.0,60.0,71.5
S01191,2026-03-22,COURSE_101,21,10,10,1,2026-04-11,completer,3.0,845.0,10.0,100.0,69.7
S01192,2026-01-21,COURSE_101,26,10,6,0,2026-03-14,silent_dropout,16.0,376.0,6.0,60.0,55.0
S01193,2026-03-02,COURSE_101,28,10,10,1,2026-03-22,completer,2.0,932.0,10.0,100.0,72.4
S01194,2026-03-20,COURSE_101,38,10,6,0,2026-05-04,silent_dropout,12.0,292.0,6.0,60.0,74.66666666666667
S01195,2026-02-20,COURSE_101,25,10,10,1,2026-03-12,completer,3.0,893.0,10.0,100.0,80.6
S01196,2026-01-16,COURSE_101,18,10,2,0,2026-01-19,explicit_dropout,2.0,33.0,2.0,20.0,57.0
S01197,2026-03-28,COURSE_101,19,10,2,0,2026-03-30,explicit_dropout,1.0,23.0,2.0,20.0,59.5
S01198,2026-01-09,COURSE_101,38,10,2,0,2026-01-12,explicit_dropout,1.0,21.0,2.0,20.0,75.5
S01199,2026-03-11,COURSE_101,40,10,8,0,2026-05-19,silent_dropout,15.0,555.0,8.0,80.0,75.625
S01200,2026-01-29,COURSE_101,42,10,10,1,2026-02-18,completer,2.0,1073.0,10.0,100.0,89.1
S01201,2026-04-19,COURSE_101,23,10,5,0,2026-06-01,silent_dropout,14.0,419.0,5.0,50.0,75.6
S01202,2026-02-24,COURSE_101,34,10,10,1,2026-03-18,completer,3.0,708.0,10.0,100.0,69.6
S01203,2026-01-09,COURSE_101,18,10,10,1,2026-02-02,completer,3.0,891.0,10.0,100.0,88.4
S01204,2026-02-14,COURSE_101,25,10,10,1,2026-03-06,completer,3.0,918.0,10.0,100.0,89.0
S01205,2026-05-26,COURSE_101,36,10,10,1,2026-06-14,completer,3.0,717.0,10.0,100.0,73.6
S01206,2026-05-20,COURSE_101,39,10,3,0,2026-06-21,silent_dropout,15.0,252.0,3.0,30.0,62.666666666666664
S01207,2026-03-21,COURSE_101,19,10,3,0,2026-04-26,silent_dropout,17.0,199.0,3.0,30.0,75.33333333333333
S01208,2026-01-23,COURSE_101,42,10,10,1,2026-02-14,completer,3.0,1012.0,10.0,100.0,73.3
S01209,2026-03-13,COURSE_101,22,10,10,1,2026-04-03,completer,2.0,971.0,10.0,100.0,68.9
S01210,2026-04-05,COURSE_101,19,10,1,0,2026-04-07,explicit_dropout,0.0,18.0,1.0,10.0,54.0
S01211,2026-05-11,COURSE_101,24,10,10,1,2026-05-31,completer,3.0,834.0,10.0,100.0,69.5
S01212,2026-02-05,COURSE_101,25,10,10,1,2026-02-26,completer,3.0,1054.0,10.0,100.0,71.9
S01213,2026-03-15,COURSE_101,43,10,10,1,2026-04-05,completer,2.0,1096.0,10.0,100.0,73.6
S01214,2026-05-14,COURSE_101,26,10,8,0,2026-07-19,silent_dropout,13.0,417.0,8.0,80.0,67.75
S01215,2026-01-06,COURSE_101,31,10,2,0,2026-01-23,silent_dropout,9.0,71.0,2.0,20.0,82.0
S01216,2026-01-17,COURSE_101,21,10,10,1,2026-02-11,completer,3.0,888.0,10.0,100.0,65.5
S01217,2026-02-16,COURSE_101,23,10,10,1,2026-03-11,completer,3.0,1259.0,10.0,100.0,68.4
S01218,2026-03-13,COURSE_101,43,10,5,0,2026-04-24,silent_dropout,12.0,327.0,5.0,50.0,80.0
S01219,2026-04-03,COURSE_101,21,10,4,0,2026-05-12,silent_dropout,13.0,242.0,4.0,40.0,67.5
S01220,2026-01-01,COURSE_101,25,10,10,1,2026-01-20,completer,3.0,915.0,10.0,100.0,81.2
S01221,2026-02-08,COURSE_101,18,10,0,0,2026-02-08,explicit_dropout,0.0,0.0,0.0,0.0,0.0
S01222,2026-01-19,COURSE_101,28,10,10,1,2026-02-12,completer,3.0,911.0,10.0,100.0,79.2
S01223,2026-03-27,COURSE_101,21,10,10,1,2026-04-26,completer,3.0,1014.0,10.0,100.0,72.0
S01224,2026-04-23,COURSE_101,38,10,1,0,2026-04-24,explicit_dropout,0.0,11.0,1.0,10.0,66.0
S01225,2026-02-20,COURSE_101,42,10,10,1,2026-03-10,completer,3.0,852.0,10.0,100.0,81.7
S01226,2026-04-26,COURSE_101,24,10,8,0,2026-06-24,silent_dropout,11.0,303.0,8.0,80.0,75.75
S01227,2026-02-22,COURSE_101,40,10,10,1,2026-03-16,completer,3.0,1058.0,10.0,100.0,70.4
S01228,2026-01-11,COURSE_101,35,10,10,1,2026-01-27,completer,3.0,724.0,10.0,100.0,83.6
S01229,2026-02-16,COURSE_101,30,10,2,0,2026-02-19,explicit_dropout,1.0,25.0,2.0,20.0,65.0
S01230,2026-03-02,COURSE_101,38,10,10,1,2026-03-22,completer,2.0,986.0,10.0,100.0,81.7
S01231,2026-05-06,COURSE_101,35,10,2,0,2026-05-10,explicit_dropout,2.0,24.0,2.0,20.0,48.5
S01232,2026-05-27,COURSE_101,28,10,10,1,2026-06-21,completer,3.0,911.0,10.0,100.0,85.1
S01233,2026-03-03,COURSE_101,38,10,10,1,2026-03-23,completer,2.0,1070.0,10.0,100.0,89.1
S01234,2026-01-21,COURSE_101,25,10,10,1,2026-02-14,completer,3.0,1043.0,10.0,100.0,84.4
S01235,2026-05-08,COURSE_101,44,10,2,0,2026-06-03,silent_dropout,12.0,226.0,2.0,20.0,64.5
S01236,2026-02-07,COURSE_101,19,10,10,1,2026-02-28,completer,3.0,1133.0,10.0,100.0,83.5
S01237,2026-05-29,COURSE_101,22,10,0,0,2026-05-29,explicit_dropout,0.0,0.0,0.0,0.0,0.0
S01238,2026-05-26,COURSE_101,19,10,10,1,2026-06-16,completer,3.0,807.0,10.0,100.0,85.4
S01239,2026-01-27,COURSE_101,32,10,2,0,2026-01-30,explicit_dropout,2.0,14.0,2.0,20.0,59.0
S01240,2026-04-12,COURSE_101,21,10,10,1,2026-05-04,completer,2.0,1000.0,10.0,100.0,81.7
S01241,2026-05-12,COURSE_101,29,10,2,0,2026-05-16,explicit_dropout,2.0,36.0,2.0,20.0,59.0
S01242,2026-05-27,COURSE_101,18,10,6,0,2026-07-13,silent_dropout,13.0,266.0,6.0,60.0,65.66666666666667
S01243,2026-02-09,COURSE_101,35,10,7,0,2026-04-12,silent_dropout,13.0,377.0,7.0,70.0,67.0
S01244,2026-04-02,COURSE_101,23,10,7,0,2026-06-05,silent_dropout,13.0,477.0,7.0,70.0,67.57142857142857
S01245,2026-03-14,COURSE_101,36,10,4,0,2026-04-18,silent_dropout,9.0,231.0,4.0,40.0,68.25
S01246,2026-02-10,COURSE_101,42,10,3,0,2026-03-11,silent_dropout,11.0,244.0,3.0,30.0,77.66666666666667
S01247,2026-03-07,COURSE_101,43,10,10,1,2026-03-24,completer,2.0,750.0,10.0,100.0,77.2
S01248,2026-01-07,COURSE_101,25,10,10,1,2026-01-23,completer,2.0,813.0,10.0,100.0,90.3
S01249,2026-04-03,COURSE_101,39,10,1,0,2026-04-04,explicit_dropout,0.0,15.0,1.0,10.0,57.0
S01250,2026-04-05,COURSE_101,41,10,7,0,2026-06-06,silent_dropout,14.0,398.0,7.0,70.0,74.42857142857143
S01251,2026-01-20,COURSE_101,42,10,6,0,2026-03-11,silent_dropout,13.0,309.0,6.0,60.0,60.666666666666664
S01252,2026-04-16,COURSE_101,21,10,10,1,2026-05-10,completer,2.0,1111.0,10.0,100.0,87.2
S01253,2026-03-18,COURSE_101,19,10,10,1,2026-04-10,completer,3.0,1090.0,10.0,100.0,74.6
S01254,2026-03-06,COURSE_101,42,10,10,1,2026-03-24,completer,3.0,783.0,10.0,100.0,64.8
S01255,2026-02-08,COURSE_101,30,10,2,0,2026-03-01,silent_dropout,13.0,115.0,2.0,20.0,60.5
S01256,2026-05-25,COURSE_101,30,10,10,1,2026-06-17,completer,3.0,933.0,10.0,100.0,69.2
S01257,2026-01-05,COURSE_101,18,10,10,1,2026-01-22,completer,1.0,1119.0,10.0,100.0,79.5
S01258,2026-01-07,COURSE_101,28,10,10,1,2026-01-25,completer,3.0,661.0,10.0,100.0,74.7
S01259,2026-04-17,COURSE_101,25,10,10,1,2026-05-03,completer,2.0,892.0,10.0,100.0,83.2
S01260,2026-05-04,COURSE_101,32,10,4,0,2026-06-02,silent_dropout,8.0,261.0,4.0,40.0,64.5
S01261,2026-02-09,COURSE_101,28,10,10,1,2026-03-05,completer,3.0,865.0,10.0,100.0,78.4
S01262,2026-05-05,COURSE_101,29,10,8,0,2026-07-02,silent_dropout,10.0,460.0,8.0,80.0,56.875
S01263,2026-05-11,COURSE_101,32,10,10,1,2026-05-31,completer,2.0,862.0,10.0,100.0,78.6
S01264,2026-01-05,COURSE_101,23,10,10,1,2026-01-24,completer,3.0,615.0,10.0,100.0,71.3
S01265,2026-03-25,COURSE_101,40,10,10,1,2026-04-21,completer,3.0,1193.0,10.0,100.0,66.7
S01266,2026-02-14,COURSE_101,40,10,10,1,2026-02-27,completer,2.0,951.0,10.0,100.0,84.3
S01267,2026-05-13,COURSE_101,24,10,10,1,2026-06-05,completer,1.0,1330.0,10.0,100.0,85.8
S01268,2026-01-28,COURSE_101,30,10,10,1,2026-02-21,completer,3.0,944.0,10.0,100.0,70.0
S01269,2026-04-14,COURSE_101,25,10,8,0,2026-06-16,silent_dropout,13.0,431.0,8.0,80.0,70.75
S01270,2026-05-15,COURSE_101,25,10,10,1,2026-06-06,completer,3.0,986.0,10.0,100.0,81.3
S01271,2026-03-07,COURSE_101,33,10,8,0,2026-05-21,silent_dropout,15.0,384.0,8.0,80.0,58.875
S01272,2026-05-16,COURSE_101,44,10,2,0,2026-05-19,explicit_dropout,1.0,26.0,2.0,20.0,58.5
S01273,2026-04-23,COURSE_101,32,10,5,0,2026-06-07,silent_dropout,11.0,372.0,5.0,50.0,79.6
S01274,2026-05-08,COURSE_101,20,10,10,1,2026-06-01,completer,3.0,938.0,10.0,100.0,86.5
S01275,2026-05-03,COURSE_101,32,10,10,1,2026-05-24,completer,3.0,831.0,10.0,100.0,71.6
S01276,2026-04-27,COURSE_101,38,10,10,1,2026-05-21,completer,2.0,951.0,10.0,100.0,90.9
S01277,2026-03-09,COURSE_101,39,10,10,1,2026-03-28,completer,3.0,880.0,10.0,100.0,77.2
S01278,2026-04-12,COURSE_101,31,10,2,0,2026-04-14,explicit_dropout,1.0,21.0,2.0,20.0,68.5
S01279,2026-04-07,COURSE_101,43,10,10,1,2026-04-29,completer,2.0,1025.0,10.0,100.0,94.2
S01280,2026-03-22,COURSE_101,22,10,10,1,2026-04-15,completer,3.0,999.0,10.0,100.0,88.7
S01281,2026-03-26,COURSE_101,21,10,3,0,2026-04-23,silent_dropout,11.0,173.0,3.0,30.0,59.0
S01282,2026-04-20,COURSE_101,34,10,5,0,2026-06-06,silent_dropout,11.0,366.0,5.0,50.0,68.4
S01283,2026-02-01,COURSE_101,20,10,4,0,2026-03-06,silent_dropout,11.0,264.0,4.0,40.0,75.75
S01284,2026-03-19,COURSE_101,34,10,10,1,2026-04-12,completer,3.0,928.0,10.0,100.0,80.1
S01285,2026-04-27,COURSE_101,42,10,10,1,2026-05-20,completer,3.0,933.0,10.0,100.0,90.6
S01286,2026-03-13,COURSE_101,28,10,10,1,2026-04-04,completer,2.0,1188.0,10.0,100.0,80.7
S01287,2026-05-11,COURSE_101,40,10,10,1,2026-05-28,completer,2.0,994.0,10.0,100.0,68.0
S01288,2026-04-14,COURSE_101,19,10,10,1,2026-05-10,completer,3.0,735.0,10.0,100.0,69.0
S01289,2026-01-08,COURSE_101,31,10,10,1,2026-02-01,completer,3.0,1221.0,10.0,100.0,79.4
S01290,2026-01-28,COURSE_101,35,10,10,1,2026-02-18,completer,3.0,896.0,10.0,100.0,89.0
S01291,2026-05-30,COURSE_101,42,10,10,1,2026-06-22,completer,3.0,661.0,10.0,100.0,74.9
S01292,2026-05-18,COURSE_101,31,10,10,1,2026-06-07,completer,1.0,1144.0,10.0,100.0,75.8
S01293,2026-01-15,COURSE_101,23,10,2,0,2026-02-02,silent_dropout,8.0,178.0,2.0,20.0,87.5
S01294,2026-02-01,COURSE_101,39,10,6,0,2026-03-23,silent_dropout,10.0,323.0,6.0,60.0,62.333333333333336
S01295,2026-05-22,COURSE_101,24,10,7,0,2026-07-17,silent_dropout,11.0,356.0,7.0,70.0,71.85714285714286
S01296,2026-03-15,COURSE_101,23,10,10,1,2026-03-30,completer,3.0,1084.0,10.0,100.0,74.5
S01297,2026-05-25,COURSE_101,42,10,10,1,2026-06-19,completer,2.0,1290.0,10.0,100.0,90.4
S01298,2026-04-16,COURSE_101,18,10,10,1,2026-05-04,completer,3.0,1036.0,10.0,100.0,73.8
S01299,2026-01-13,COURSE_101,24,10,3,0,2026-02-11,silent_dropout,14.0,245.0,3.0,30.0,60.666666666666664
S01300,2026-01-20,COURSE_101,18,10,2,0,2026-02-13,silent_dropout,13.0,87.0,2.0,20.0,82.0
S01301,2026-02-12,COURSE_101,22,10,10,1,2026-03-03,completer,3.0,879.0,10.0,100.0,76.8
S01302,2026-04-08,COURSE_101,22,10,0,0,2026-04-08,explicit_dropout,0.0,0.0,0.0,0.0,0.0
S01303,2026-04-23,COURSE_101,31,10,10,1,2026-05-12,completer,3.0,788.0,10.0,100.0,85.1
S01304,2026-01-18,COURSE_101,28,10,10,1,2026-02-08,completer,3.0,828.0,10.0,100.0,81.4
S01305,2026-01-19,COURSE_101,40,10,8,0,2026-03-25,silent_dropout,12.0,453.0,8.0,80.0,63.375
S01306,2026-05-06,COURSE_101,38,10,1,0,2026-05-07,explicit_dropout,0.0,16.0,1.0,10.0,53.0
S01307,2026-01-12,COURSE_101,36,10,6,0,2026-03-01,silent_dropout,14.0,462.0,6.0,60.0,75.5
S01308,2026-03-31,COURSE_101,35,10,2,0,2026-04-13,silent_dropout,9.0,88.0,2.0,20.0,84.0
S01309,2026-04-11,COURSE_101,38,10,10,1,2026-05-06,completer,3.0,654.0,10.0,100.0,81.8
S01310,2026-04-17,COURSE_101,36,10,7,0,2026-06-09,silent_dropout,10.0,253.0,7.0,70.0,56.142857142857146
S01311,2026-03-04,COURSE_101,37,10,10,1,2026-03-31,completer,3.0,1118.0,10.0,100.0,68.5
S01312,2026-01-03,COURSE_101,39,10,0,0,2026-01-03,explicit_dropout,0.0,0.0,0.0,0.0,0.0
S01313,2026-02-13,COURSE_101,20,10,10,1,2026-03-02,completer,2.0,1140.0,10.0,100.0,81.2
S01314,2026-02-07,COURSE_101,26,10,3,0,2026-03-03,silent_dropout,9.0,216.0,3.0,30.0,75.66666666666667
S01315,2026-04-13,COURSE_101,25,10,10,1,2026-05-03,completer,2.0,949.0,10.0,100.0,81.9
S01316,2026-01-28,COURSE_101,20,10,8,0,2026-04-04,silent_dropout,14.0,316.0,8.0,80.0,56.375
S01317,2026-03-30,COURSE_101,29,10,10,1,2026-04-16,completer,3.0,860.0,10.0,100.0,66.0
S01318,2026-03-30,COURSE_101,36,10,3,0,2026-05-05,silent_dropout,14.0,199.0,3.0,30.0,72.0
S01319,2026-01-06,COURSE_101,37,10,10,1,2026-01-26,completer,3.0,986.0,10.0,100.0,84.9
S01320,2026-01-27,COURSE_101,32,10,10,1,2026-02-15,completer,3.0,999.0,10.0,100.0,88.2
S01321,2026-05-16,COURSE_101,30,10,10,1,2026-06-09,completer,2.0,943.0,10.0,100.0,77.9
S01322,2026-04-30,COURSE_101,18,10,10,1,2026-05-21,completer,3.0,802.0,10.0,100.0,78.6
S01323,2026-01-09,COURSE_101,31,10,1,0,2026-01-10,explicit_dropout,0.0,14.0,1.0,10.0,44.0
S01324,2026-05-20,COURSE_101,35,10,10,1,2026-06-10,completer,3.0,867.0,10.0,100.0,85.8
S01325,2026-04-24,COURSE_101,23,10,0,0,2026-04-24,explicit_dropout,0.0,0.0,0.0,0.0,0.0
S01326,2026-05-06,COURSE_101,23,10,10,1,2026-06-01,completer,3.0,836.0,10.0,100.0,70.4
S01327,2026-01-01,COURSE_101,31,10,10,1,2026-01-21,completer,3.0,969.0,10.0,100.0,88.6
S01328,2026-03-20,COURSE_101,39,10,3,0,2026-04-14,silent_dropout,8.0,229.0,3.0,30.0,77.0
S01329,2026-01-19,COURSE_101,19,10,6,0,2026-03-11,silent_dropout,14.0,542.0,6.0,60.0,65.16666666666667
S01330,2026-03-14,COURSE_101,26,10,10,1,2026-04-01,completer,2.0,1048.0,10.0,100.0,74.7
S01331,2026-03-11,COURSE_101,40,10,5,0,2026-04-14,silent_dropout,7.0,464.0,5.0,50.0,59.2
S01332,2026-01-02,COURSE_101,35,10,5,0,2026-02-13,silent_dropout,10.0,349.0,5.0,50.0,66.2
S01333,2026-03-23,COURSE_101,23,10,10,1,2026-04-08,completer,2.0,887.0,10.0,100.0,76.7
S01334,2026-04-28,COURSE_101,37,10,2,0,2026-05-01,explicit_dropout,1.0,24.0,2.0,20.0,52.5
S01335,2026-02-14,COURSE_101,32,10,0,0,2026-02-14,explicit_dropout,0.0,0.0,0.0,0.0,0.0
S01336,2026-05-17,COURSE_101,30,10,3,0,2026-06-19,silent_dropout,13.0,330.0,3.0,30.0,70.0
S01337,2026-02-22,COURSE_101,44,10,10,1,2026-03-16,completer,2.0,950.0,10.0,100.0,72.1
S01338,2026-03-04,COURSE_101,27,10,3,0,2026-03-30,silent_dropout,16.0,81.0,3.0,30.0,78.0
S01339,2026-03-23,COURSE_101,35,10,10,1,2026-04-17,completer,3.0,997.0,10.0,100.0,83.8
S01340,2026-02-27,COURSE_101,25,10,10,1,2026-03-21,completer,3.0,912.0,10.0,100.0,70.1
S01341,2026-01-28,COURSE_101,24,10,10,1,2026-02-20,completer,3.0,815.0,10.0,100.0,88.0
S01342,2026-05-29,COURSE_101,43,10,10,1,2026-06-18,completer,3.0,745.0,10.0,100.0,88.7
S01343,2026-05-27,COURSE_101,19,10,0,0,2026-05-27,explicit_dropout,0.0,0.0,0.0,0.0,0.0
S01344,2026-01-29,COURSE_101,23,10,7,0,2026-03-22,silent_dropout,13.0,416.0,7.0,70.0,68.71428571428571
S01345,2026-05-24,COURSE_101,29,10,8,0,2026-07-14,silent_dropout,9.0,327.0,7.0,70.0,66.14285714285714
S01346,2026-03-17,COURSE_101,20,10,10,1,2026-04-03,completer,2.0,861.0,10.0,100.0,65.0
S01347,2026-03-22,COURSE_101,40,10,10,1,2026-04-13,completer,3.0,822.0,10.0,100.0,68.3
S01348,2026-01-22,COURSE_101,31,10,10,1,2026-02-14,completer,3.0,516.0,10.0,100.0,86.6
S01349,2026-03-23,COURSE_101,38,10,1,0,2026-03-24,explicit_dropout,0.0,8.0,1.0,10.0,68.0
S01350,2026-04-28,COURSE_101,33,10,10,1,2026-05-18,completer,3.0,1013.0,10.0,100.0,69.4
S01351,2026-01-22,COURSE_101,31,10,0,0,2026-01-22,explicit_dropout,0.0,0.0,0.0,0.0,0.0
S01352,2026-04-04,COURSE_101,36,10,2,0,2026-04-28,silent_dropout,10.0,128.0,2.0,20.0,63.5
S01353,2026-03-09,COURSE_101,25,10,10,1,2026-03-25,completer,2.0,888.0,10.0,100.0,79.6
S01354,2026-05-30,COURSE_101,25,10,8,0,2026-07-27,silent_dropout,9.0,445.0,8.0,80.0,73.75
S01355,2026-03-11,COURSE_101,40,10,10,1,2026-03-30,completer,2.0,1047.0,10.0,100.0,70.5
S01356,2026-01-15,COURSE_101,21,10,0,0,2026-01-15,explicit_dropout,0.0,0.0,0.0,0.0,0.0
S01357,2026-04-19,COURSE_101,29,10,1,0,2026-04-21,explicit_dropout,0.0,6.0,1.0,10.0,54.0
S01358,2026-04-27,COURSE_101,41,10,10,1,2026-05-15,completer,1.0,1211.0,10.0,100.0,71.7
S01359,2026-04-29,COURSE_101,21,10,10,1,2026-05-21,completer,3.0,794.0,10.0,100.0,76.8
S01360,2026-04-11,COURSE_101,40,10,3,0,2026-05-14,silent_dropout,16.0,250.0,3.0,30.0,67.66666666666667
S01361,2026-03-18,COURSE_101,31,10,2,0,2026-03-20,explicit_dropout,1.0,33.0,2.0,20.0,62.0
S01362,2026-03-11,COURSE_101,19,10,10,1,2026-03-30,completer,2.0,969.0,10.0,100.0,68.3
S01363,2026-03-21,COURSE_101,18,10,5,0,2026-04-29,silent_dropout,15.0,284.0,5.0,50.0,72.8
S01364,2026-02-18,COURSE_101,29,10,2,0,2026-03-09,silent_dropout,9.0,153.0,2.0,20.0,80.0
S01365,2026-04-10,COURSE_101,37,10,8,0,2026-06-21,silent_dropout,16.0,439.0,8.0,80.0,58.5
S01366,2026-01-02,COURSE_101,42,10,10,1,2026-01-26,completer,3.0,813.0,10.0,100.0,84.6
S01367,2026-01-31,COURSE_101,20,10,3,0,2026-03-10,silent_dropout,16.0,158.0,3.0,30.0,61.0
S01368,2026-04-08,COURSE_101,26,10,1,0,2026-04-10,explicit_dropout,0.0,15.0,1.0,10.0,67.0
S01369,2026-04-15,COURSE_101,41,10,10,1,2026-05-07,completer,2.0,906.0,10.0,100.0,80.1
S01370,2026-03-29,COURSE_101,28,10,10,1,2026-04-20,completer,3.0,979.0,10.0,100.0,81.8
S01371,2026-03-02,COURSE_101,42,10,0,0,2026-03-02,explicit_dropout,0.0,0.0,0.0,0.0,0.0
S01372,2026-01-28,COURSE_101,22,10,10,1,2026-02-20,completer,2.0,882.0,10.0,100.0,76.6
S01373,2026-04-16,COURSE_101,38,10,1,0,2026-04-18,explicit_dropout,0.0,16.0,1.0,10.0,63.0
S01374,2026-05-10,COURSE_101,19,10,10,1,2026-05-31,completer,3.0,891.0,10.0,100.0,73.7
S01375,2026-04-05,COURSE_101,21,10,10,1,2026-04-23,completer,3.0,802.0,10.0,100.0,82.7
S01376,2026-03-23,COURSE_101,34,10,1,0,2026-03-25,explicit_dropout,0.0,19.0,1.0,10.0,59.0
S01377,2026-05-10,COURSE_101,28,10,10,1,2026-06-03,completer,3.0,828.0,10.0,100.0,68.0
S01378,2026-02-09,COURSE_101,23,10,10,1,2026-02-27,completer,3.0,862.0,10.0,100.0,69.9
S01379,2026-02-24,COURSE_101,18,10,10,1,2026-03-15,completer,3.0,804.0,10.0,100.0,76.2
S01380,2026-05-22,COURSE_101,21,10,5,0,2026-07-02,silent_dropout,11.0,311.0,5.0,50.0,67.8
S01381,2026-01-23,COURSE_101,41,10,10,1,2026-02-13,completer,3.0,902.0,10.0,100.0,75.8
S01382,2026-02-24,COURSE_101,18,10,10,1,2026-03-19,completer,3.0,742.0,10.0,100.0,75.4
S01383,2026-04-25,COURSE_101,27,10,1,0,2026-04-27,explicit_dropout,0.0,7.0,1.0,10.0,58.0
S01384,2026-03-21,COURSE_101,21,10,10,1,2026-04-14,completer,2.0,676.0,10.0,100.0,82.5
S01385,2026-05-26,COURSE_101,25,10,2,0,2026-06-11,silent_dropout,6.0,80.0,2.0,20.0,70.0
S01386,2026-05-06,COURSE_101,37,10,10,1,2026-05-21,completer,1.0,1215.0,10.0,100.0,77.2
S01387,2026-01-08,COURSE_101,37,10,6,0,2026-03-08,silent_dropout,15.0,205.0,6.0,60.0,61.333333333333336
S01388,2026-01-05,COURSE_101,31,10,10,1,2026-01-28,completer,3.0,649.0,10.0,100.0,68.4
S01389,2026-04-10,COURSE_101,30,10,1,0,2026-04-12,explicit_dropout,0.0,6.0,1.0,10.0,56.0
S01390,2026-02-26,COURSE_101,36,10,10,1,2026-03-21,completer,3.0,952.0,10.0,100.0,70.9
S01391,2026-01-11,COURSE_101,28,10,10,1,2026-02-03,completer,3.0,915.0,10.0,100.0,77.4
S01392,2026-03-18,COURSE_101,23,10,10,1,2026-04-10,completer,3.0,767.0,10.0,100.0,85.4
S01393,2026-01-28,COURSE_101,39,10,10,1,2026-02-23,completer,3.0,876.0,10.0,100.0,69.1
S01394,2026-05-08,COURSE_101,44,10,10,1,2026-05-27,completer,2.0,877.0,10.0,100.0,70.3
S01395,2026-01-25,COURSE_101,19,10,10,1,2026-02-09,completer,2.0,824.0,10.0,100.0,70.3
S01396,2026-01-22,COURSE_101,21,10,3,0,2026-02-12,silent_dropout,9.0,112.0,3.0,30.0,64.0
S01397,2026-02-24,COURSE_101,24,10,10,1,2026-03-18,completer,3.0,908.0,10.0,100.0,85.6
S01398,2026-03-09,COURSE_101,39,10,10,1,2026-03-29,completer,2.0,1205.0,10.0,100.0,71.0
S01399,2026-05-17,COURSE_101,31,10,7,0,2026-07-14,silent_dropout,11.0,421.0,7.0,70.0,66.57142857142857
S01400,2026-01-14,COURSE_101,42,10,4,0,2026-02-13,silent_dropout,9.0,255.0,4.0,40.0,60.25
S01401,2026-01-24,COURSE_101,39,10,10,1,2026-02-13,completer,3.0,907.0,10.0,100.0,87.0
S01402,2026-05-15,COURSE_101,24,10,10,1,2026-06-07,completer,3.0,688.0,10.0,100.0,85.5
S01403,2026-02-25,COURSE_101,21,10,10,1,2026-03-16,completer,3.0,936.0,10.0,100.0,77.6
S01404,2026-05-25,COURSE_101,33,10,3,0,2026-06-25,silent_dropout,16.0,152.0,3.0,30.0,72.0
S01405,2026-04-02,COURSE_101,28,10,5,0,2026-05-12,silent_dropout,11.0,373.0,5.0,50.0,65.6
S01406,2026-02-26,COURSE_101,18,10,10,1,2026-03-16,completer,3.0,861.0,10.0,100.0,78.6
S01407,2026-03-08,COURSE_101,43,10,3,0,2026-04-09,silent_dropout,14.0,261.0,3.0,30.0,70.33333333333333
S01408,2026-01-17,COURSE_101,19,10,6,0,2026-03-10,silent_dropout,13.0,330.0,6.0,60.0,59.166666666666664
S01409,2026-03-08,COURSE_101,43,10,5,0,2026-04-19,silent_dropout,13.0,269.0,5.0,50.0,62.8
S01410,2026-03-31,COURSE_101,44,10,2,0,2026-04-02,explicit_dropout,1.0,17.0,2.0,20.0,74.5
S01411,2026-01-13,COURSE_101,28,10,10,1,2026-02-02,completer,3.0,1056.0,10.0,100.0,85.9
S01412,2026-05-17,COURSE_101,36,10,10,1,2026-06-06,completer,2.0,967.0,10.0,100.0,79.6
S01413,2026-01-24,COURSE_101,25,10,10,1,2026-02-15,completer,3.0,829.0,10.0,100.0,86.4
S01414,2026-03-24,COURSE_101,31,10,10,1,2026-04-15,completer,3.0,989.0,10.0,100.0,73.2
S01415,2026-05-12,COURSE_101,26,10,10,1,2026-05-29,completer,2.0,820.0,10.0,100.0,77.1
S01416,2026-05-22,COURSE_101,31,10,1,0,2026-05-24,explicit_dropout,0.0,17.0,1.0,10.0,50.0
S01417,2026-01-09,COURSE_101,43,10,10,1,2026-01-30,completer,3.0,709.0,10.0,100.0,79.8
S01418,2026-03-02,COURSE_101,37,10,10,1,2026-03-26,completer,3.0,905.0,10.0,100.0,75.6
S01419,2026-02-02,COURSE_101,32,10,10,1,2026-02-25,completer,3.0,977.0,10.0,100.0,85.4
S01420,2026-02-05,COURSE_101,22,10,2,0,2026-02-08,explicit_dropout,2.0,18.0,2.0,20.0,63.5
S01421,2026-01-17,COURSE_101,33,10,10,1,2026-02-05,completer,3.0,953.0,10.0,100.0,66.3
S01422,2026-03-15,COURSE_101,19,10,10,1,2026-04-08,completer,3.0,1163.0,10.0,100.0,83.0
S01423,2026-03-06,COURSE_101,20,10,10,1,2026-03-30,completer,3.0,693.0,10.0,100.0,79.3
S01424,2026-04-29,COURSE_101,31,10,10,1,2026-05-22,completer,3.0,964.0,10.0,100.0,88.3
S01425,2026-01-24,COURSE_101,27,10,1,0,2026-01-25,explicit_dropout,0.0,10.0,1.0,10.0,66.0
S01426,2026-04-15,COURSE_101,28,10,1,0,2026-04-17,explicit_dropout,0.0,11.0,1.0,10.0,52.0
S01427,2026-04-01,COURSE_101,42,10,10,1,2026-04-24,completer,3.0,849.0,10.0,100.0,71.7
S01428,2026-01-03,COURSE_101,21,10,2,0,2026-01-07,explicit_dropout,2.0,23.0,2.0,20.0,66.0
S01429,2026-04-15,COURSE_101,44,10,7,0,2026-06-03,silent_dropout,9.0,463.0,7.0,70.0,72.85714285714286
S01430,2026-01-29,COURSE_101,23,10,2,0,2026-01-31,explicit_dropout,1.0,26.0,2.0,20.0,67.5
S01431,2026-02-09,COURSE_101,23,10,10,1,2026-03-03,completer,3.0,890.0,10.0,100.0,69.9
S01432,2026-04-07,COURSE_101,37,10,10,1,2026-05-02,completer,3.0,909.0,10.0,100.0,74.5
S01433,2026-05-18,COURSE_101,23,10,10,1,2026-06-07,completer,2.0,881.0,10.0,100.0,86.7
S01434,2026-05-04,COURSE_101,37,10,8,0,2026-06-27,silent_dropout,14.0,383.0,8.0,80.0,58.25
S01435,2026-03-31,COURSE_101,23,10,10,1,2026-04-22,completer,3.0,842.0,10.0,100.0,71.3
S01436,2026-05-03,COURSE_101,23,10,10,1,2026-05-20,completer,2.0,1007.0,10.0,100.0,82.8
S01437,2026-04-06,COURSE_101,39,10,10,1,2026-04-21,completer,3.0,654.0,10.0,100.0,76.4
S01438,2026-01-03,COURSE_101,43,10,7,0,2026-02-28,silent_dropout,12.0,558.0,7.0,70.0,61.714285714285715
S01439,2026-03-23,COURSE_101,38,10,10,1,2026-04-13,completer,2.0,1075.0,10.0,100.0,89.9
S01440,2026-02-22,COURSE_101,42,10,7,0,2026-04-25,silent_dropout,10.0,628.0,7.0,70.0,77.57142857142857
S01441,2026-04-30,COURSE_101,43,10,2,0,2026-05-03,explicit_dropout,1.0,11.0,2.0,20.0,57.0
S01442,2026-01-22,COURSE_101,28,10,10,1,2026-02-13,completer,3.0,923.0,10.0,100.0,91.8
S01443,2026-05-21,COURSE_101,36,10,6,0,2026-07-11,silent_dropout,10.0,428.0,6.0,60.0,76.33333333333333
S01444,2026-04-29,COURSE_101,24,10,10,1,2026-05-18,completer,3.0,924.0,10.0,100.0,88.7
S01445,2026-05-01,COURSE_101,34,10,0,0,2026-05-01,explicit_dropout,0.0,0.0,0.0,0.0,0.0
S01446,2026-04-18,COURSE_101,28,10,10,1,2026-05-06,completer,3.0,967.0,10.0,100.0,84.5
S01447,2026-02-09,COURSE_101,30,10,5,0,2026-03-22,silent_dropout,13.0,324.0,5.0,50.0,70.8
S01448,2026-04-07,COURSE_101,34,10,3,0,2026-05-02,silent_dropout,9.0,300.0,3.0,30.0,72.66666666666667
S01449,2026-05-16,COURSE_101,30,10,0,0,2026-05-16,explicit_dropout,0.0,0.0,0.0,0.0,0.0
S01450,2026-01-12,COURSE_101,34,10,8,0,2026-03-26,silent_dropout,17.0,446.0,8.0,80.0,64.875
S01451,2026-02-20,COURSE_101,38,10,10,1,2026-03-15,completer,3.0,754.0,10.0,100.0,78.9
S01452,2026-02-17,COURSE_101,41,10,7,0,2026-04-12,silent_dropout,10.0,347.0,7.0,70.0,70.28571428571429
S01453,2026-04-21,COURSE_101,35,10,1,0,2026-04-22,explicit_dropout,0.0,7.0,1.0,10.0,51.0
S01454,2026-03-01,COURSE_101,21,10,8,0,2026-05-06,silent_dropout,13.0,403.0,8.0,80.0,64.5
S01455,2026-01-03,COURSE_101,40,10,10,1,2026-01-22,completer,3.0,862.0,10.0,100.0,86.2
S01456,2026-05-19,COURSE_101,23,10,2,0,2026-05-23,explicit_dropout,2.0,33.0,2.0,20.0,55.5
S01457,2026-01-31,COURSE_101,31,10,4,0,2026-03-06,silent_dropout,10.0,253.0,4.0,40.0,70.0
S01458,2026-04-14,COURSE_101,43,10,4,0,2026-05-12,silent_dropout,10.0,188.0,4.0,40.0,79.5
S01459,2026-02-14,COURSE_101,21,10,10,1,2026-03-03,completer,2.0,856.0,10.0,100.0,72.9
S01460,2026-04-14,COURSE_101,22,10,7,0,2026-06-03,silent_dropout,10.0,345.0,7.0,70.0,65.42857142857143
S01461,2026-04-03,COURSE_101,26,10,10,1,2026-04-20,completer,2.0,974.0,10.0,100.0,75.6
S01462,2026-03-29,COURSE_101,40,10,6,0,2026-05-23,silent_dropout,12.0,354.0,6.0,60.0,65.83333333333333
S01463,2026-05-25,COURSE_101,38,10,10,1,2026-06-13,completer,3.0,751.0,10.0,100.0,86.6
S01464,2026-05-07,COURSE_101,42,10,7,0,2026-07-01,silent_dropout,10.0,589.0,7.0,70.0,77.14285714285714
S01465,2026-02-19,COURSE_101,29,10,1,0,2026-02-21,explicit_dropout,0.0,10.0,1.0,10.0,56.0
S01466,2026-02-28,COURSE_101,35,10,10,1,2026-03-22,completer,2.0,1069.0,10.0,100.0,80.6
S01467,2026-05-30,COURSE_101,43,10,0,0,2026-05-30,explicit_dropout,0.0,0.0,0.0,0.0,0.0
S01468,2026-05-25,COURSE_101,40,10,10,1,2026-06-10,completer,1.0,1049.0,10.0,100.0,86.5
S01469,2026-05-19,COURSE_101,24,10,0,0,2026-05-19,explicit_dropout,0.0,0.0,0.0,0.0,0.0
S01470,2026-04-03,COURSE_101,40,10,7,0,2026-05-24,silent_dropout,9.0,319.0,7.0,70.0,62.42857142857143
S01471,2026-03-24,COURSE_101,22,10,3,0,2026-04-21,silent_dropout,11.0,295.0,3.0,30.0,82.0
S01472,2026-04-27,COURSE_101,21,10,6,0,2026-06-18,silent_dropout,14.0,360.0,6.0,60.0,77.83333333333333
S01473,2026-01-04,COURSE_101,44,10,0,0,2026-01-04,explicit_dropout,0.0,0.0,0.0,0.0,0.0
S01474,2026-01-03,COURSE_101,26,10,10,1,2026-01-24,completer,3.0,827.0,10.0,100.0,74.8
S01475,2026-04-09,COURSE_101,24,10,10,1,2026-05-05,completer,3.0,1059.0,10.0,100.0,66.5
S01476,2026-05-29,COURSE_101,34,10,2,0,2026-06-14,silent_dropout,7.0,190.0,2.0,20.0,81.5
S01477,2026-01-02,COURSE_101,33,10,7,0,2026-02-27,silent_dropout,11.0,463.0,7.0,70.0,60.0
S01478,2026-02-21,COURSE_101,21,10,3,0,2026-03-23,silent_dropout,11.0,214.0,3.0,30.0,74.66666666666667
S01479,2026-03-20,COURSE_101,20,10,4,0,2026-04-29,silent_dropout,13.0,218.0,4.0,40.0,60.75
S01480,2026-05-18,COURSE_101,40,10,10,1,2026-06-08,completer,3.0,720.0,10.0,100.0,71.2
S01481,2026-02-17,COURSE_101,44,10,3,0,2026-03-08,silent_dropout,5.0,186.0,3.0,30.0,80.33333333333333
S01482,2026-05-03,COURSE_101,29,10,10,1,2026-05-23,completer,3.0,977.0,10.0,100.0,86.3
S01483,2026-04-05,COURSE_101,18,10,10,1,2026-04-26,completer,2.0,1092.0,10.0,100.0,73.4
S01484,2026-05-26,COURSE_101,31,10,10,1,2026-06-14,completer,3.0,759.0,10.0,100.0,69.3
S01485,2026-01-19,COURSE_101,29,10,10,1,2026-02-07,completer,3.0,1019.0,10.0,100.0,80.2
S01486,2026-04-11,COURSE_101,44,10,10,1,2026-05-04,completer,3.0,930.0,10.0,100.0,80.4
S01487,2026-04-05,COURSE_101,27,10,10,1,2026-04-28,completer,3.0,852.0,10.0,100.0,68.2
S01488,2026-03-14,COURSE_101,21,10,8,0,2026-05-14,silent_dropout,14.0,433.0,8.0,80.0,69.25
S01489,2026-01-03,COURSE_101,38,10,10,1,2026-01-26,completer,3.0,784.0,10.0,100.0,78.1
S01490,2026-03-03,COURSE_101,27,10,10,1,2026-03-22,completer,2.0,1019.0,10.0,100.0,84.5
S01491,2026-05-26,COURSE_101,44,10,10,1,2026-06-17,completer,3.0,911.0,10.0,100.0,85.2
S01492,2026-04-27,COURSE_101,25,10,10,1,2026-05-19,completer,3.0,918.0,10.0,100.0,74.4
S01493,2026-05-03,COURSE_101,31,10,10,1,2026-05-26,completer,2.0,1096.0,10.0,100.0,83.2
S01494,2026-05-21,COURSE_101,32,10,10,1,2026-06-11,completer,3.0,893.0,10.0,100.0,70.9
S01495,2026-01-26,COURSE_101,29,10,8,0,2026-04-02,silent_dropout,12.0,355.0,8.0,80.0,65.625
S01496,2026-01-31,COURSE_101,29,10,4,0,2026-03-08,silent_dropout,11.0,242.0,4.0,40.0,60.5
S01497,2026-01-08,COURSE_101,19,10,4,0,2026-02-07,silent_dropout,8.0,304.0,4.0,40.0,56.5
S01498,2026-04-25,COURSE_101,31,10,10,1,2026-05-21,completer,2.0,1222.0,10.0,100.0,79.7
S01499,2026-05-12,COURSE_101,20,10,10,1,2026-06-01,completer,3.0,641.0,10.0,100.0,67.0
S01500,2026-04-17,COURSE_101,20,10,1,0,2026-04-18,explicit_dropout,0.0,18.0,1.0,10.0,61.0
