quiz_id,student_id,module_number,score,attempts,quiz_date
Q000001,S00001,1,69,1,2026-02-19
Q000002,S00001,2,69,2,2026-02-21
Q000003,S00001,3,71,2,2026-02-24
Q000004,S00001,4,68,1,2026-02-27
Q000005,S00001,5,61,1,2026-03-02
Q000006,S00001,6,76,2,2026-03-05
Q000007,S00001,7,73,1,2026-03-07
Q000008,S00001,8,60,2,2026-03-09
Q000009,S00001,9,74,1,2026-03-11
Q000010,S00001,10,68,1,2026-03-13
Q000011,S00002,1,66,1,2026-03-16
Q000012,S00002,2,61,1,2026-03-18
Q000013,S00003,1,70,3,2026-02-10
Q000014,S00003,2,66,1,2026-02-18
Q000015,S00003,3,53,2,2026-03-02
Q000016,S00003,4,56,2,2026-03-13
Q000017,S00003,5,55,3,2026-03-21
Q000018,S00004,1,60,3,2026-04-25
Q000019,S00004,2,62,2,2026-05-08
Q000020,S00004,3,58,1,2026-05-16
Q000021,S00005,1,76,1,2026-01-27
Q000022,S00005,2,73,1,2026-01-29
Q000023,S00005,3,78,1,2026-01-30
Q000024,S00005,4,74,2,2026-01-31
Q000025,S00005,5,75,2,2026-02-03
Q000026,S00005,6,75,2,2026-02-05
Q000027,S00005,7,72,2,2026-02-08
Q000028,S00005,8,81,2,2026-02-11
Q000029,S00005,9,84,1,2026-02-12
Q000030,S00005,10,85,2,2026-02-15
Q000031,S00006,1,86,2,2026-05-27
Q000032,S00006,2,75,2,2026-05-29
Q000033,S00006,3,87,2,2026-05-30
Q000034,S00006,4,68,1,2026-06-01
Q000035,S00006,5,68,1,2026-06-03
Q000036,S00006,6,76,1,2026-06-05
Q000037,S00006,7,70,2,2026-06-07
Q000038,S00006,8,73,1,2026-06-09
Q000039,S00006,9,87,2,2026-06-11
Q000040,S00006,10,73,2,2026-06-14
Q000041,S00007,1,82,2,2026-02-06
Q000042,S00007,2,82,2,2026-02-09
Q000043,S00007,3,93,2,2026-02-12
Q000044,S00007,4,80,2,2026-02-14
Q000045,S00007,5,95,2,2026-02-17
Q000046,S00007,6,82,1,2026-02-19
Q000047,S00007,7,81,2,2026-02-20
Q000048,S00007,8,94,2,2026-02-21
Q000049,S00007,9,93,2,2026-02-22
Q000050,S00007,10,90,2,2026-02-24
Q000051,S00008,1,62,1,2026-03-02
Q000052,S00008,2,67,1,2026-03-03
Q000053,S00009,1,72,1,2026-05-14
Q000054,S00009,2,70,1,2026-05-19
Q000055,S00009,3,68,2,2026-05-25
Q000056,S00009,4,66,1,2026-06-03
Q000057,S00009,5,65,2,2026-06-12
Q000058,S00009,6,57,2,2026-06-22
Q000059,S00009,7,61,1,2026-07-04
Q000060,S00010,1,78,3,2026-05-24
Q000061,S00010,2,84,1,2026-05-28
Q000062,S00010,3,70,1,2026-06-03
Q000063,S00010,4,73,2,2026-06-12
Q000064,S00010,5,69,1,2026-06-22
Q000065,S00010,6,69,1,2026-07-02
Q000066,S00010,7,68,1,2026-07-10
Q000067,S00010,8,64,3,2026-07-24
Q000068,S00011,1,82,2,2026-01-31
Q000069,S00011,2,90,2,2026-02-02
Q000070,S00011,3,83,2,2026-02-03
Q000071,S00011,4,78,2,2026-02-06
Q000072,S00011,5,92,2,2026-02-08
Q000073,S00011,6,87,1,2026-02-09
Q000074,S00011,7,89,1,2026-02-12
Q000075,S00011,8,88,2,2026-02-14
Q000076,S00011,9,94,2,2026-02-16
Q000077,S00011,10,77,2,2026-02-17
Q000078,S00013,1,75,3,2026-01-22
Q000079,S00013,2,69,2,2026-01-28
Q000080,S00013,3,71,1,2026-02-03
Q000081,S00013,4,66,3,2026-02-12
Q000082,S00013,5,66,1,2026-02-25
Q000083,S00013,6,70,2,2026-03-06
Q000084,S00014,1,85,2,2026-01-12
Q000085,S00014,2,80,2,2026-01-13
Q000086,S00014,3,93,2,2026-01-15
Q000087,S00014,4,96,1,2026-01-17
Q000088,S00014,5,81,2,2026-01-20
Q000089,S00014,6,96,2,2026-01-23
Q000090,S00014,7,84,1,2026-01-25
Q000091,S00014,8,80,2,2026-01-26
Q000092,S00014,9,93,1,2026-01-27
Q000093,S00014,10,79,2,2026-01-30
Q000094,S00015,1,97,1,2026-03-23
Q000095,S00015,2,97,2,2026-03-26
Q000096,S00015,3,82,2,2026-03-27
Q000097,S00015,4,95,1,2026-03-30
Q000098,S00015,5,93,1,2026-03-31
Q000099,S00015,6,95,2,2026-04-01
Q000100,S00015,7,92,2,2026-04-04
Q000101,S00015,8,83,1,2026-04-07
Q000102,S00015,9,91,1,2026-04-08
Q000103,S00015,10,84,1,2026-04-09
Q000104,S00016,1,93,1,2026-04-20
Q000105,S00016,2,91,1,2026-04-21
Q000106,S00016,3,80,2,2026-04-23
Q000107,S00016,4,75,2,2026-04-25
Q000108,S00016,5,88,2,2026-04-26
Q000109,S00016,6,78,1,2026-04-27
Q000110,S00016,7,81,1,2026-04-29
Q000111,S00016,8,90,2,2026-05-02
Q000112,S00016,9,80,2,2026-05-05
Q000113,S00016,10,85,2,2026-05-06
Q000114,S00017,1,87,2,2026-04-18
Q000115,S00017,2,100,2,2026-04-21
Q000116,S00017,3,92,2,2026-04-24
Q000117,S00017,4,98,1,2026-04-26
Q000118,S00017,5,97,1,2026-04-29
Q000119,S00017,6,92,1,2026-05-02
Q000120,S00017,7,98,1,2026-05-03
Q000121,S00017,8,81,1,2026-05-06
Q000122,S00017,9,91,1,2026-05-07
Q000123,S00017,10,82,2,2026-05-10
Q000124,S00018,1,58,2,2026-04-10
Q000125,S00018,2,72,2,2026-04-11
Q000126,S00018,3,68,2,2026-04-14
Q000127,S00018,4,75,1,2026-04-17
Q000128,S00018,5,60,2,2026-04-18
Q000129,S00018,6,76,2,2026-04-20
Q000130,S00018,7,73,1,2026-04-22
Q000131,S00018,8,64,2,2026-04-24
Q000132,S00018,9,62,1,2026-04-25
Q000133,S00018,10,67,1,2026-04-28
Q000134,S00019,1,71,1,2026-02-22
Q000135,S00019,2,81,2,2026-02-25
Q000136,S00019,3,72,2,2026-02-27
Q000137,S00019,4,69,1,2026-03-01
Q000138,S00019,5,67,1,2026-03-03
Q000139,S00019,6,72,2,2026-03-04
Q000140,S00019,7,77,2,2026-03-06
Q000141,S00019,8,79,2,2026-03-09
Q000142,S00019,9,71,1,2026-03-11
Q000143,S00019,10,86,2,2026-03-14
Q000144,S00020,1,69,2,2026-05-09
Q000145,S00020,2,72,1,2026-05-11
Q000146,S00020,3,72,1,2026-05-14
Q000147,S00020,4,72,2,2026-05-15
Q000148,S00020,5,61,1,2026-05-17
Q000149,S00020,6,75,2,2026-05-20
Q000150,S00020,7,77,1,2026-05-22
Q000151,S00020,8,63,1,2026-05-25
Q000152,S00020,9,68,2,2026-05-26
Q000153,S00020,10,61,2,2026-05-29
Q000154,S00021,1,64,1,2026-04-01
Q000155,S00021,2,66,3,2026-04-06
Q000156,S00021,3,55,2,2026-04-10
Q000157,S00021,4,56,2,2026-04-17
Q000158,S00021,5,59,2,2026-04-26
Q000159,S00021,6,43,2,2026-05-07
Q000160,S00021,7,50,3,2026-05-22
Q000161,S00021,8,56,1,2026-06-08
Q000162,S00022,1,94,2,2026-02-23
Q000163,S00022,2,82,1,2026-02-24
Q000164,S00022,3,96,1,2026-02-25
Q000165,S00022,4,92,1,2026-02-27
Q000166,S00022,5,85,2,2026-03-02
Q000167,S00022,6,89,1,2026-03-03
Q000168,S00022,7,81,2,2026-03-04
Q000169,S00022,8,92,2,2026-03-05
Q000170,S00022,9,100,1,2026-03-08
Q000171,S00022,10,86,2,2026-03-10
Q000172,S00023,1,81,2,2026-05-15
Q000173,S00023,2,87,1,2026-05-17
Q000174,S00023,3,96,1,2026-05-20
Q000175,S00023,4,86,1,2026-05-21
Q000176,S00023,5,91,1,2026-05-23
Q000177,S00023,6,91,2,2026-05-26
Q000178,S00023,7,95,2,2026-05-27
Q000179,S00023,8,98,2,2026-05-28
Q000180,S00023,9,95,2,2026-05-29
Q000181,S00023,10,87,1,2026-05-31
Q000182,S00024,1,91,1,2026-02-07
Q000183,S00024,2,83,2,2026-02-10
Q000184,S00024,3,73,2,2026-02-13
Q000185,S00024,4,85,2,2026-02-16
Q000186,S00024,5,79,2,2026-02-17
Q000187,S00024,6,86,1,2026-02-19
Q000188,S00024,7,89,1,2026-02-21
Q000189,S00024,8,73,1,2026-02-23
Q000190,S00024,9,87,2,2026-02-25
Q000191,S00024,10,91,1,2026-02-26
Q000192,S00025,1,77,2,2026-01-04
Q000193,S00025,2,73,1,2026-01-06
Q000194,S00025,3,66,1,2026-01-09
Q000195,S00025,4,66,1,2026-01-11
Q000196,S00025,5,75,1,2026-01-12
Q000197,S00025,6,69,1,2026-01-15
Q000198,S00025,7,70,2,2026-01-17
Q000199,S00025,8,68,1,2026-01-18
Q000200,S00025,9,76,2,2026-01-19
Q000201,S00025,10,73,1,2026-01-22
Q000202,S00026,1,73,1,2026-04-20
Q000203,S00026,2,73,3,2026-04-28
Q000204,S00026,3,68,1,2026-05-10
Q000205,S00026,4,68,1,2026-05-22
Q000206,S00027,1,93,2,2026-03-13
Q000207,S00027,2,85,1,2026-03-16
Q000208,S00027,3,84,2,2026-03-17
Q000209,S00027,4,84,1,2026-03-18
Q000210,S00027,5,88,1,2026-03-21
Q000211,S00027,6,99,1,2026-03-22
Q000212,S00027,7,84,1,2026-03-23
Q000213,S00027,8,92,2,2026-03-24
Q000214,S00027,9,89,2,2026-03-25
Q000215,S00027,10,91,1,2026-03-26
Q000216,S00028,1,65,1,2026-05-22
Q000217,S00028,2,81,1,2026-05-25
Q000218,S00028,3,81,1,2026-05-26
Q000219,S00028,4,67,1,2026-05-29
Q000220,S00028,5,64,1,2026-05-30
Q000221,S00028,6,74,2,2026-06-01
Q000222,S00028,7,67,1,2026-06-02
Q000223,S00028,8,79,1,2026-06-03
Q000224,S00028,9,74,2,2026-06-06
Q000225,S00028,10,73,1,2026-06-08
Q000226,S00029,1,69,3,2026-05-26
Q000227,S00029,2,66,1,2026-06-03
Q000228,S00029,3,68,2,2026-06-08
Q000229,S00029,4,62,2,2026-06-21
Q000230,S00030,1,94,1,2026-02-06
Q000231,S00030,2,96,2,2026-02-09
Q000232,S00030,3,80,2,2026-02-12
Q000233,S00030,4,94,1,2026-02-13
Q000234,S00030,5,80,2,2026-02-14
Q000235,S00030,6,88,2,2026-02-17
Q000236,S00030,7,85,1,2026-02-19
Q000237,S00030,8,81,1,2026-02-22
Q000238,S00030,9,87,1,2026-02-23
Q000239,S00030,10,85,2,2026-02-26
Q000240,S00031,1,64,1,2026-01-17
Q000241,S00031,2,59,1,2026-01-22
Q000242,S00031,3,62,2,2026-01-27
Q000243,S00031,4,53,1,2026-02-02
Q000244,S00031,5,51,2,2026-02-12
Q000245,S00031,6,50,2,2026-02-25
Q000246,S00031,7,46,2,2026-03-11
Q000247,S00031,8,45,1,2026-03-23
Q000248,S00032,1,68,2,2026-05-30
Q000249,S00032,2,70,2,2026-06-02
Q000250,S00032,3,65,2,2026-06-05
Q000251,S00032,4,74,1,2026-06-08
Q000252,S00032,5,75,1,2026-06-11
Q000253,S00032,6,76,1,2026-06-12
Q000254,S00032,7,84,1,2026-06-13
Q000255,S00032,8,81,1,2026-06-16
Q000256,S00032,9,79,2,2026-06-18
Q000257,S00032,10,73,2,2026-06-20
Q000258,S00033,1,75,2,2026-01-14
Q000259,S00033,2,84,2,2026-01-15
Q000260,S00033,3,86,1,2026-01-17
Q000261,S00033,4,82,2,2026-01-18
Q000262,S00033,5,79,2,2026-01-21
Q000263,S00033,6,77,1,2026-01-22
Q000264,S00033,7,83,1,2026-01-25
Q000265,S00033,8,87,1,2026-01-28
Q000266,S00033,9,90,2,2026-01-29
Q000267,S00033,10,76,1,2026-01-31
Q000268,S00034,1,69,1,2026-01-19
Q000269,S00035,1,51,1,2026-05-03
Q000270,S00036,1,75,2,2026-04-20
Q000271,S00036,2,73,3,2026-04-26
Q000272,S00036,3,63,1,2026-05-03
Q000273,S00036,4,65,1,2026-05-16
Q000274,S00036,5,67,2,2026-05-27
Q000275,S00037,1,81,1,2026-04-01
Q000276,S00037,2,75,1,2026-04-04
Q000277,S00037,3,73,1,2026-04-06
Q000278,S00037,4,71,2,2026-04-07
Q000279,S00037,5,64,1,2026-04-10
Q000280,S00037,6,78,1,2026-04-13
Q000281,S00037,7,80,2,2026-04-14
Q000282,S00037,8,64,2,2026-04-15
Q000283,S00037,9,77,1,2026-04-17
Q000284,S00037,10,77,2,2026-04-19
Q000285,S00038,1,70,1,2026-05-23
Q000286,S00038,2,74,1,2026-05-26
Q000287,S00038,3,70,2,2026-05-27
Q000288,S00038,4,69,1,2026-05-28
Q000289,S00038,5,64,2,2026-05-29
Q000290,S00038,6,70,1,2026-05-31
Q000291,S00038,7,69,1,2026-06-01
Q000292,S00038,8,71,2,2026-06-03
Q000293,S00038,9,65,1,2026-06-05
Q000294,S00038,10,70,1,2026-06-08
Q000295,S00039,1,66,1,2026-03-19
Q000296,S00039,2,66,1,2026-03-28
Q000297,S00039,3,65,1,2026-04-07
Q000298,S00039,4,50,3,2026-04-17
Q000299,S00039,5,49,1,2026-05-05
Q000300,S00040,1,72,2,2026-03-24
Q000301,S00040,2,68,1,2026-03-27
Q000302,S00040,3,61,2,2026-03-29
Q000303,S00040,4,63,1,2026-03-30
Q000304,S00040,5,78,1,2026-04-02
Q000305,S00040,6,67,1,2026-04-03
Q000306,S00040,7,69,2,2026-04-04
Q000307,S00040,8,67,1,2026-04-07
Q000308,S00040,9,63,2,2026-04-10
Q000309,S00040,10,74,2,2026-04-13
Q000310,S00041,1,69,2,2026-02-11
Q000311,S00041,2,79,1,2026-02-14
Q000312,S00041,3,68,1,2026-02-15
Q000313,S00041,4,65,1,2026-02-16
Q000314,S00041,5,66,2,2026-02-17
Q000315,S00041,6,62,2,2026-02-18
Q000316,S00041,7,71,2,2026-02-21
Q000317,S00041,8,64,1,2026-02-24
Q000318,S00041,9,64,1,2026-02-27
Q000319,S00041,10,63,1,2026-03-02
Q000320,S00042,1,93,2,2026-01-24
Q000321,S00042,2,78,1,2026-01-27
Q000322,S00042,3,87,2,2026-01-29
Q000323,S00042,4,92,2,2026-01-31
Q000324,S00042,5,81,2,2026-02-03
Q000325,S00042,6,95,2,2026-02-04
Q000326,S00042,7,78,2,2026-02-05
Q000327,S00042,8,83,1,2026-02-08
Q000328,S00042,9,78,1,2026-02-10
Q000329,S00042,10,89,2,2026-02-11
Q000330,S00043,1,91,1,2026-03-26
Q000331,S00043,2,90,2,2026-03-27
Q000332,S00043,3,86,2,2026-03-29
Q000333,S00043,4,77,1,2026-04-01
Q000334,S00043,5,76,1,2026-04-04
Q000335,S00043,6,80,1,2026-04-07
Q000336,S00043,7,78,1,2026-04-09
Q000337,S00043,8,79,2,2026-04-12
Q000338,S00043,9,80,2,2026-04-15
Q000339,S00043,10,93,2,2026-04-18
Q000340,S00044,1,68,1,2026-03-26
Q000341,S00044,2,68,1,2026-03-27
Q000342,S00045,1,61,1,2026-03-19
Q000343,S00045,2,61,2,2026-03-20
Q000344,S00045,3,65,1,2026-03-22
Q000345,S00045,4,64,1,2026-03-24
Q000346,S00045,5,74,1,2026-03-25
Q000347,S00045,6,78,1,2026-03-28
Q000348,S00045,7,70,1,2026-03-30
Q000349,S00045,8,69,1,2026-04-01
Q000350,S00045,9,77,1,2026-04-03
Q000351,S00045,10,63,2,2026-04-04
Q000352,S00046,1,64,3,2026-05-11
Q000353,S00046,2,61,2,2026-05-19
Q000354,S00046,3,61,1,2026-06-02
Q000355,S00047,1,67,1,2026-04-11
Q000356,S00047,2,61,2,2026-04-14
Q000357,S00047,3,58,1,2026-04-16
Q000358,S00047,4,76,1,2026-04-17
Q000359,S00047,5,71,2,2026-04-19
Q000360,S00047,6,75,1,2026-04-21
Q000361,S00047,7,72,1,2026-04-23
Q000362,S00047,8,76,2,2026-04-24
Q000363,S00047,9,77,1,2026-04-25
Q000364,S00047,10,72,2,2026-04-28
Q000365,S00048,1,72,2,2026-02-17
Q000366,S00048,2,59,2,2026-02-20
Q000367,S00048,3,72,2,2026-02-22
Q000368,S00048,4,75,2,2026-02-24
Q000369,S00048,5,66,2,2026-02-27
Q000370,S00048,6,75,2,2026-02-28
Q000371,S00048,7,62,1,2026-03-02
Q000372,S00048,8,61,1,2026-03-03
Q000373,S00048,9,62,2,2026-03-05
Q000374,S00048,10,74,2,2026-03-07
Q000375,S00049,1,84,2,2026-05-20
Q000376,S00049,2,83,2,2026-05-23
Q000377,S00049,3,86,1,2026-05-25
Q000378,S00049,4,90,2,2026-05-26
Q000379,S00049,5,93,1,2026-05-27
Q000380,S00049,6,84,2,2026-05-30
Q000381,S00049,7,100,2,2026-06-02
Q000382,S00049,8,94,2,2026-06-03
Q000383,S00049,9,94,2,2026-06-06
Q000384,S00049,10,81,1,2026-06-07
Q000385,S00050,1,73,2,2026-03-04
Q000386,S00050,2,76,1,2026-03-05
Q000387,S00050,3,79,1,2026-03-08
Q000388,S00050,4,78,2,2026-03-11
Q000389,S00050,5,72,1,2026-03-14
Q000390,S00050,6,76,2,2026-03-16
Q000391,S00050,7,81,2,2026-03-18
Q000392,S00050,8,74,1,2026-03-21
Q000393,S00050,9,75,2,2026-03-24
Q000394,S00050,10,79,2,2026-03-27
Q000395,S00051,1,61,1,2026-03-14
Q000396,S00051,2,50,1,2026-03-15
Q000397,S00052,1,73,1,2026-04-12
Q000398,S00052,2,77,1,2026-04-19
Q000399,S00052,3,67,3,2026-05-01
Q000400,S00052,4,68,2,2026-05-10
Q000401,S00055,1,67,2,2026-05-04
Q000402,S00055,2,67,3,2026-05-20
Q000403,S00056,1,71,1,2026-04-15
Q000404,S00056,2,71,1,2026-04-17
Q000405,S00057,1,94,1,2026-03-21
Q000406,S00057,2,79,1,2026-03-23
Q000407,S00057,3,86,2,2026-03-26
Q000408,S00057,4,77,1,2026-03-28
Q000409,S00057,5,83,1,2026-03-31
Q000410,S00057,6,88,2,2026-04-02
Q000411,S00057,7,78,1,2026-04-05
Q000412,S00057,8,84,1,2026-04-08
Q000413,S00057,9,91,1,2026-04-10
Q000414,S00057,10,85,1,2026-04-13
Q000415,S00058,1,76,2,2026-03-05
Q000416,S00058,2,78,1,2026-03-08
Q000417,S00058,3,75,2,2026-03-10
Q000418,S00058,4,67,2,2026-03-13
Q000419,S00058,5,82,2,2026-03-16
Q000420,S00058,6,71,1,2026-03-18
Q000421,S00058,7,78,2,2026-03-20
Q000422,S00058,8,69,1,2026-03-21
Q000423,S00058,9,80,1,2026-03-23
Q000424,S00058,10,70,2,2026-03-26
Q000425,S00059,1,69,1,2026-01-29
Q000426,S00059,2,81,2,2026-01-30
Q000427,S00059,3,71,1,2026-02-01
Q000428,S00059,4,81,2,2026-02-02
Q000429,S00059,5,69,2,2026-02-05
Q000430,S00059,6,73,1,2026-02-08
Q000431,S00059,7,79,1,2026-02-09
Q000432,S00059,8,83,1,2026-02-10
Q000433,S00059,9,74,2,2026-02-13
Q000434,S00059,10,69,1,2026-02-16
Q000435,S00060,1,88,1,2026-04-27
Q000436,S00060,2,91,1,2026-04-28
Q000437,S00060,3,83,2,2026-04-29
Q000438,S00060,4,92,2,2026-05-01
Q000439,S00060,5,74,1,2026-05-04
Q000440,S00060,6,84,2,2026-05-05
Q000441,S00060,7,92,2,2026-05-07
Q000442,S00060,8,83,1,2026-05-08
Q000443,S00060,9,83,1,2026-05-10
Q000444,S00060,10,82,2,2026-05-11
Q000445,S00061,1,80,1,2026-03-07
Q000446,S00061,2,76,2,2026-03-08
Q000447,S00061,3,73,1,2026-03-10
Q000448,S00061,4,75,1,2026-03-12
Q000449,S00061,5,68,2,2026-03-14
Q000450,S00061,6,74,2,2026-03-16
Q000451,S00061,7,70,2,2026-03-19
Q000452,S00061,8,82,1,2026-03-21
Q000453,S00061,9,78,1,2026-03-23
Q000454,S00061,10,71,1,2026-03-26
Q000455,S00062,1,80,1,2026-02-07
Q000456,S00062,2,72,1,2026-02-08
Q000457,S00062,3,75,2,2026-02-11
Q000458,S00062,4,83,1,2026-02-12
Q000459,S00062,5,71,2,2026-02-14
Q000460,S00062,6,70,2,2026-02-16
Q000461,S00062,7,73,1,2026-02-17
Q000462,S00062,8,82,2,2026-02-19
Q000463,S00062,9,69,1,2026-02-20
Q000464,S00062,10,83,2,2026-02-22
Q000465,S00063,1,84,2,2026-05-12
Q000466,S00063,2,85,1,2026-05-18
Q000467,S00063,3,77,1,2026-05-24
Q000468,S00063,4,80,3,2026-06-02
Q000469,S00063,5,69,2,2026-06-12
Q000470,S00063,6,71,3,2026-06-22
Q000471,S00063,7,74,2,2026-07-07
Q000472,S00063,8,70,2,2026-07-14
Q000473,S00064,1,83,1,2026-04-08
Q000474,S00064,2,80,2,2026-04-10
Q000475,S00064,3,79,2,2026-04-13
Q000476,S00064,4,85,1,2026-04-15
Q000477,S00064,5,91,2,2026-04-17
Q000478,S00064,6,94,1,2026-04-20
Q000479,S00064,7,97,1,2026-04-23
Q000480,S00064,8,97,1,2026-04-26
Q000481,S00064,9,90,1,2026-04-29
Q000482,S00064,10,97,1,2026-05-01
Q000483,S00065,1,78,2,2026-05-10
Q000484,S00065,2,84,2,2026-05-13
Q000485,S00065,3,77,1,2026-05-16
Q000486,S00065,4,72,2,2026-05-17
Q000487,S00065,5,83,2,2026-05-19
Q000488,S00065,6,88,1,2026-05-21
Q000489,S00065,7,86,1,2026-05-24
Q000490,S00065,8,90,2,2026-05-25
Q000491,S00065,9,90,2,2026-05-28
Q000492,S00065,10,79,2,2026-05-29
Q000493,S00066,1,82,2,2026-01-04
Q000494,S00066,2,75,2,2026-01-05
Q000495,S00066,3,78,2,2026-01-08
Q000496,S00066,4,74,1,2026-01-10
Q000497,S00066,5,75,1,2026-01-13
Q000498,S00066,6,72,1,2026-01-15
Q000499,S00066,7,84,1,2026-01-18
Q000500,S00066,8,86,2,2026-01-21
Q000501,S00066,9,73,1,2026-01-24
Q000502,S00066,10,72,1,2026-01-26
Q000503,S00067,1,81,2,2026-03-11
Q000504,S00067,2,86,2,2026-03-12
Q000505,S00067,3,91,2,2026-03-15
Q000506,S00067,4,95,2,2026-03-18
Q000507,S00067,5,93,2,2026-03-19
Q000508,S00067,6,89,1,2026-03-21
Q000509,S00067,7,79,1,2026-03-24
Q000510,S00067,8,86,2,2026-03-26
Q000511,S00067,9,80,2,2026-03-28
Q000512,S00067,10,80,2,2026-03-31
Q000513,S00068,1,77,1,2026-02-19
Q000514,S00068,2,77,1,2026-03-02
Q000515,S00068,3,74,2,2026-03-14
Q000516,S00069,1,86,1,2026-02-16
Q000517,S00069,2,98,1,2026-02-19
Q000518,S00069,3,83,2,2026-02-22
Q000519,S00069,4,97,2,2026-02-24
Q000520,S00069,5,85,2,2026-02-27
Q000521,S00069,6,85,1,2026-03-02
Q000522,S00069,7,99,2,2026-03-05
Q000523,S00069,8,89,1,2026-03-08
Q000524,S00069,9,82,1,2026-03-11
Q000525,S00069,10,81,1,2026-03-14
Q000526,S00071,1,70,3,2026-03-16
Q000527,S00071,2,63,2,2026-03-30
Q000528,S00072,1,76,1,2026-03-21
Q000529,S00072,2,85,1,2026-03-24
Q000530,S00072,3,85,1,2026-03-25
Q000531,S00072,4,73,2,2026-03-26
Q000532,S00072,5,72,1,2026-03-28
Q000533,S00072,6,75,2,2026-03-29
Q000534,S00072,7,80,1,2026-04-01
Q000535,S00072,8,71,2,2026-04-02
Q000536,S00072,9,75,1,2026-04-04
Q000537,S00072,10,72,1,2026-04-06
Q000538,S00073,1,85,2,2026-02-28
Q000539,S00073,2,82,2,2026-03-02
Q000540,S00073,3,84,1,2026-03-05
Q000541,S00073,4,82,2,2026-03-08
Q000542,S00073,5,72,2,2026-03-11
Q000543,S00073,6,74,1,2026-03-13
Q000544,S00073,7,74,2,2026-03-14
Q000545,S00073,8,73,1,2026-03-16
Q000546,S00073,9,87,1,2026-03-19
Q000547,S00073,10,79,2,2026-03-21
Q000548,S00074,1,65,2,2026-04-26
Q000549,S00074,2,63,3,2026-05-05
Q000550,S00074,3,55,1,2026-05-17
Q000551,S00074,4,59,3,2026-06-03
Q000552,S00075,1,67,2,2026-02-07
Q000553,S00075,2,58,2,2026-02-24
Q000554,S00076,1,79,2,2026-01-15
Q000555,S00076,2,81,3,2026-01-20
Q000556,S00076,3,70,2,2026-01-31
Q000557,S00076,4,67,3,2026-02-12
Q000558,S00076,5,66,2,2026-02-18
Q000559,S00076,6,73,1,2026-03-01
Q000560,S00077,1,65,3,2026-05-07
Q000561,S00077,2,61,2,2026-05-13
Q000562,S00077,3,57,3,2026-05-19
Q000563,S00077,4,53,3,2026-05-28
Q000564,S00077,5,55,1,2026-06-08
Q000565,S00077,6,51,2,2026-06-17
Q000566,S00078,1,76,2,2026-03-11
Q000567,S00078,2,70,1,2026-03-14
Q000568,S00078,3,86,1,2026-03-15
Q000569,S00078,4,69,2,2026-03-16
Q000570,S00078,5,78,2,2026-03-17
Q000571,S00078,6,74,2,2026-03-18
Q000572,S00078,7,84,1,2026-03-21
Q000573,S00078,8,77,1,2026-03-24
Q000574,S00078,9,79,1,2026-03-26
Q000575,S00078,10,78,1,2026-03-28
Q000576,S00079,1,75,2,2026-01-14
Q000577,S00079,2,64,2,2026-01-16
Q000578,S00079,3,68,2,2026-01-17
Q000579,S00079,4,68,1,2026-01-18
Q000580,S00079,5,78,2,2026-01-19
Q000581,S00079,6,60,2,2026-01-22
Q000582,S00079,7,60,2,2026-01-23
Q000583,S00079,8,62,2,2026-01-26
Q000584,S00079,9,60,1,2026-01-28
Q000585,S00079,10,78,1,2026-01-31
Q000586,S00080,1,94,2,2026-01-26
Q000587,S00080,2,82,2,2026-01-28
Q000588,S00080,3,80,2,2026-01-29
Q000589,S00080,4,80,2,2026-01-30
Q000590,S00080,5,89,1,2026-02-01
Q000591,S00080,6,84,1,2026-02-04
Q000592,S00080,7,88,2,2026-02-06
Q000593,S00080,8,90,1,2026-02-07
Q000594,S00080,9,88,1,2026-02-10
Q000595,S00080,10,78,1,2026-02-11
Q000596,S00081,1,60,1,2026-01-29
Q000597,S00081,2,47,1,2026-01-30
Q000598,S00082,1,75,3,2026-02-06
Q000599,S00082,2,74,2,2026-02-14
Q000600,S00082,3,75,3,2026-02-22
Q000601,S00082,4,64,1,2026-03-08
Q000602,S00083,1,62,2,2026-04-22
Q000603,S00083,2,61,1,2026-04-23
Q000604,S00083,3,60,1,2026-04-24
Q000605,S00083,4,67,1,2026-04-26
Q000606,S00083,5,76,1,2026-04-27
Q000607,S00083,6,67,1,2026-04-28
Q000608,S00083,7,67,1,2026-04-30
Q000609,S00083,8,68,1,2026-05-01
Q000610,S00083,9,66,1,2026-05-04
Q000611,S00083,10,75,2,2026-05-07
Q000612,S00084,1,64,2,2026-04-27
Q000613,S00084,2,72,1,2026-04-30
Q000614,S00084,3,67,2,2026-05-01
Q000615,S00084,4,77,1,2026-05-04
Q000616,S00084,5,81,2,2026-05-05
Q000617,S00084,6,75,2,2026-05-08
Q000618,S00084,7,74,1,2026-05-11
Q000619,S00084,8,80,1,2026-05-13
Q000620,S00084,9,78,1,2026-05-15
Q000621,S00084,10,74,1,2026-05-17
Q000622,S00085,1,71,2,2026-04-15
Q000623,S00085,2,72,2,2026-04-18
Q000624,S00085,3,75,2,2026-04-19
Q000625,S00085,4,85,1,2026-04-20
Q000626,S00085,5,69,1,2026-04-21
Q000627,S00085,6,66,1,2026-04-24
Q000628,S00085,7,73,1,2026-04-26
Q000629,S00085,8,79,1,2026-04-29
Q000630,S00085,9,68,1,2026-05-01
Q000631,S00085,10,82,1,2026-05-04
Q000632,S00086,1,66,2,2026-02-10
Q000633,S00086,2,71,1,2026-02-12
Q000634,S00086,3,77,2,2026-02-13
Q000635,S00086,4,82,1,2026-02-15
Q000636,S00086,5,74,1,2026-02-17
Q000637,S00086,6,71,1,2026-02-19
Q000638,S00086,7,65,1,2026-02-21
Q000639,S00086,8,66,2,2026-02-23
Q000640,S00086,9,82,1,2026-02-26
Q000641,S00086,10,69,2,2026-03-01
Q000642,S00087,1,71,2,2026-04-23
Q000643,S00087,2,71,3,2026-05-02
Q000644,S00087,3,64,3,2026-05-09
Q000645,S00087,4,63,2,2026-05-25
Q000646,S00088,1,64,1,2026-05-08
Q000647,S00088,2,59,1,2026-05-11
Q000648,S00088,3,56,1,2026-05-19
Q000649,S00088,4,48,1,2026-05-28
Q000650,S00088,5,53,1,2026-06-07
Q000651,S00088,6,45,3,2026-06-19
Q000652,S00088,7,44,3,2026-06-26
Q000653,S00088,8,46,1,2026-07-13
Q000654,S00090,1,68,1,2026-03-10
Q000655,S00090,2,65,2,2026-03-12
Q000656,S00090,3,78,1,2026-03-15
Q000657,S00090,4,78,1,2026-03-18
Q000658,S00090,5,77,2,2026-03-21
Q000659,S00090,6,72,1,2026-03-23
Q000660,S00090,7,82,2,2026-03-26
Q000661,S00090,8,83,1,2026-03-29
Q000662,S00090,9,66,2,2026-03-31
Q000663,S00090,10,76,2,2026-04-03
Q000664,S00091,1,85,2,2026-02-26
Q000665,S00091,2,85,1,2026-03-01
Q000666,S00091,3,83,1,2026-03-02
Q000667,S00091,4,90,1,2026-03-05
Q000668,S00091,5,84,1,2026-03-07
Q000669,S00091,6,95,2,2026-03-10
Q000670,S00091,7,84,2,2026-03-13
Q000671,S00091,8,90,1,2026-03-16
Q000672,S00091,9,85,2,2026-03-19
Q000673,S00091,10,97,1,2026-03-20
Q000674,S00092,1,81,1,2026-04-30
Q000675,S00092,2,77,3,2026-05-07
Q000676,S00092,3,67,1,2026-05-16
Q000677,S00092,4,67,2,2026-05-23
Q000678,S00092,5,64,3,2026-06-02
Q000679,S00093,1,82,3,2026-01-27
Q000680,S00093,2,81,2,2026-01-31
Q000681,S00093,3,70,1,2026-02-06
Q000682,S00093,4,68,1,2026-02-12
Q000683,S00093,5,68,3,2026-02-21
Q000684,S00093,6,77,1,2026-03-01
Q000685,S00093,7,73,1,2026-03-18
Q000686,S00094,1,75,3,2026-05-04
Q000687,S00094,2,68,1,2026-05-12
Q000688,S00094,3,73,1,2026-05-22
Q000689,S00094,4,63,3,2026-06-01
Q000690,S00094,5,61,2,2026-06-10
Q000691,S00094,6,58,3,2026-06-26
Q000692,S00095,1,79,3,2026-01-21
Q000693,S00095,2,80,2,2026-02-01
Q000694,S00096,1,96,2,2026-01-08
Q000695,S00096,2,82,1,2026-01-11
Q000696,S00096,3,98,2,2026-01-13
Q000697,S00096,4,87,1,2026-01-14
Q000698,S00096,5,80,1,2026-01-16
Q000699,S00096,6,82,2,2026-01-19
Q000700,S00096,7,95,2,2026-01-20
Q000701,S00096,8,80,2,2026-01-23
Q000702,S00096,9,96,1,2026-01-26
Q000703,S00096,10,99,2,2026-01-27
Q000704,S00097,1,86,2,2026-03-05
Q000705,S00097,2,90,2,2026-03-08
Q000706,S00097,3,81,2,2026-03-11
Q000707,S00097,4,85,1,2026-03-12
Q000708,S00097,5,86,1,2026-03-14
Q000709,S00097,6,79,1,2026-03-15
Q000710,S00097,7,80,1,2026-03-18
Q000711,S00097,8,86,1,2026-03-20
Q000712,S00097,9,75,1,2026-03-22
Q000713,S00097,10,89,2,2026-03-24
Q000714,S00098,1,76,1,2026-05-11
Q000715,S00098,2,79,2,2026-05-12
Q000716,S00098,3,67,1,2026-05-15
Q000717,S00098,4,70,2,2026-05-16
Q000718,S00098,5,65,1,2026-05-18
Q000719,S00098,6,66,1,2026-05-20
Q000720,S00098,7,63,2,2026-05-23
Q000721,S00098,8,60,2,2026-05-24
Q000722,S00098,9,63,2,2026-05-26
Q000723,S00098,10,77,2,2026-05-28
Q000724,S00099,1,89,1,2026-02-26
Q000725,S00099,2,90,1,2026-03-01
Q000726,S00099,3,75,1,2026-03-03
Q000727,S00099,4,78,2,2026-03-05
Q000728,S00099,5,86,1,2026-03-07
Q000729,S00099,6,86,1,2026-03-09
Q000730,S00099,7,91,2,2026-03-12
Q000731,S00099,8,89,1,2026-03-15
Q000732,S00099,9,75,2,2026-03-18
Q000733,S00099,10,83,2,2026-03-20
Q000734,S00100,1,74,2,2026-02-12
Q000735,S00100,2,60,2,2026-02-14
Q000736,S00100,3,75,1,2026-02-17
Q000737,S00100,4,63,1,2026-02-18
Q000738,S00100,5,73,2,2026-02-19
Q000739,S00100,6,65,2,2026-02-22
Q000740,S00100,7,64,2,2026-02-23
Q000741,S00100,8,71,1,2026-02-24
Q000742,S00100,9,76,2,2026-02-26
Q000743,S00100,10,69,2,2026-02-28
Q000744,S00101,1,70,1,2026-02-02
Q000745,S00101,2,77,1,2026-02-04
Q000746,S00101,3,68,1,2026-02-07
Q000747,S00101,4,65,2,2026-02-10
Q000748,S00101,5,78,1,2026-02-13
Q000749,S00101,6,66,1,2026-02-15
Q000750,S00101,7,71,1,2026-02-16
Q000751,S00101,8,73,1,2026-02-18
Q000752,S00101,9,70,1,2026-02-19
Q000753,S00101,10,68,1,2026-02-21
Q000754,S00102,1,75,2,2026-04-15
Q000755,S00102,2,80,3,2026-04-23
Q000756,S00102,3,77,3,2026-05-10
Q000757,S00103,1,73,1,2026-02-12
Q000758,S00103,2,77,2,2026-02-14
Q000759,S00103,3,86,2,2026-02-15
Q000760,S00103,4,86,1,2026-02-17
Q000761,S00103,5,86,2,2026-02-18
Q000762,S00103,6,85,1,2026-02-19
Q000763,S00103,7,72,2,2026-02-21
Q000764,S00103,8,81,1,2026-02-24
Q000765,S00103,9,87,2,2026-02-27
Q000766,S00103,10,82,2,2026-03-01
Q000767,S00104,1,95,1,2026-03-26
Q000768,S00104,2,87,1,2026-03-27
Q000769,S00104,3,96,2,2026-03-30
Q000770,S00104,4,90,2,2026-03-31
Q000771,S00104,5,86,2,2026-04-01
Q000772,S00104,6,82,2,2026-04-03
Q000773,S00104,7,87,2,2026-04-06
Q000774,S00104,8,89,2,2026-04-08
Q000775,S00104,9,87,2,2026-04-11
Q000776,S00104,10,88,1,2026-04-13
Q000777,S00105,1,45,1,2026-03-21
Q000778,S00106,1,82,2,2026-03-08
Q000779,S00106,2,77,2,2026-03-10
Q000780,S00106,3,67,2,2026-03-12
Q000781,S00106,4,69,2,2026-03-13
Q000782,S00106,5,84,2,2026-03-15
Q000783,S00106,6,76,1,2026-03-18
Q000784,S00106,7,68,2,2026-03-21
Q000785,S00106,8,80,1,2026-03-22
Q000786,S00106,9,73,1,2026-03-23
Q000787,S00106,10,68,1,2026-03-24
Q000788,S00107,1,75,2,2026-01-16
Q000789,S00107,2,84,1,2026-01-17
Q000790,S00107,3,75,1,2026-01-20
Q000791,S00107,4,83,1,2026-01-22
Q000792,S00107,5,75,2,2026-01-25
Q000793,S00107,6,76,1,2026-01-27
Q000794,S00107,7,73,2,2026-01-28
Q000795,S00107,8,75,1,2026-01-31
Q000796,S00107,9,81,2,2026-02-01
Q000797,S00107,10,77,2,2026-02-03
Q000798,S00108,1,69,2,2026-01-22
Q000799,S00108,2,70,1,2026-01-29
Q000800,S00108,3,59,1,2026-02-04
Q000801,S00108,4,60,3,2026-02-14
Q000802,S00108,5,56,1,2026-02-21
Q000803,S00108,6,58,3,2026-02-27
Q000804,S00108,7,58,2,2026-03-10
Q000805,S00108,8,49,1,2026-03-22
Q000806,S00109,1,68,2,2026-01-14
Q000807,S00109,2,79,1,2026-01-17
Q000808,S00109,3,81,1,2026-01-19
Q000809,S00109,4,76,1,2026-01-20
Q000810,S00109,5,65,1,2026-01-21
Q000811,S00109,6,75,2,2026-01-23
Q000812,S00109,7,75,2,2026-01-26
Q000813,S00109,8,78,1,2026-01-29
Q000814,S00109,9,73,2,2026-01-30
Q000815,S00109,10,77,2,2026-01-31
Q000816,S00110,1,82,1,2026-04-19
Q000817,S00110,2,80,2,2026-04-22
Q000818,S00110,3,95,1,2026-04-25
Q000819,S00110,4,86,2,2026-04-26
Q000820,S00110,5,87,2,2026-04-27
Q000821,S00110,6,91,2,2026-04-30
Q000822,S00110,7,80,2,2026-05-02
Q000823,S00110,8,99,2,2026-05-03
Q000824,S00110,9,93,2,2026-05-06
Q000825,S00110,10,93,1,2026-05-07
Q000826,S00111,1,95,2,2026-03-10
Q000827,S00111,2,82,1,2026-03-13
Q000828,S00111,3,95,2,2026-03-14
Q000829,S00111,4,80,1,2026-03-16
Q000830,S00111,5,79,1,2026-03-19
Q000831,S00111,6,87,1,2026-03-20
Q000832,S00111,7,90,2,2026-03-22
Q000833,S00111,8,94,1,2026-03-23
Q000834,S00111,9,86,1,2026-03-25
Q000835,S00111,10,79,2,2026-03-28
Q000836,S00112,1,76,1,2026-04-02
Q000837,S00112,2,79,1,2026-04-05
Q000838,S00112,3,80,1,2026-04-07
Q000839,S00112,4,80,2,2026-04-09
Q000840,S00112,5,89,2,2026-04-12
Q000841,S00112,6,85,1,2026-04-14
Q000842,S00112,7,76,1,2026-04-17
Q000843,S00112,8,90,1,2026-04-19
Q000844,S00112,9,76,1,2026-04-21
Q000845,S00112,10,92,1,2026-04-24
Q000846,S00114,1,65,3,2026-05-29
Q000847,S00114,2,61,2,2026-06-07
Q000848,S00114,3,63,1,2026-06-20
Q000849,S00115,1,63,3,2026-05-24
Q000850,S00115,2,70,1,2026-06-02
Q000851,S00115,3,59,2,2026-06-13
Q000852,S00116,1,75,1,2026-05-22
Q000853,S00117,1,71,3,2026-02-11
Q000854,S00117,2,70,2,2026-02-21
Q000855,S00117,3,61,1,2026-03-07
Q000856,S00118,1,78,2,2026-05-12
Q000857,S00118,2,78,2,2026-05-13
Q000858,S00118,3,84,1,2026-05-14
Q000859,S00118,4,74,1,2026-05-15
Q000860,S00118,5,72,2,2026-05-16
Q000861,S00118,6,74,1,2026-05-19
Q000862,S00118,7,82,1,2026-05-22
Q000863,S00118,8,72,1,2026-05-25
Q000864,S00118,9,71,1,2026-05-28
Q000865,S00118,10,74,2,2026-05-29
Q000866,S00120,1,85,1,2026-02-28
Q000867,S00120,2,89,2,2026-03-03
Q000868,S00120,3,93,1,2026-03-04
Q000869,S00120,4,87,1,2026-03-05
Q000870,S00120,5,92,2,2026-03-07
Q000871,S00120,6,91,1,2026-03-09
Q000872,S00120,7,81,2,2026-03-11
Q000873,S00120,8,88,2,2026-03-13
Q000874,S00120,9,88,2,2026-03-16
Q000875,S00120,10,86,2,2026-03-18
Q000876,S00121,1,86,1,2026-06-02
Q000877,S00121,2,83,3,2026-06-09
Q000878,S00121,3,73,3,2026-06-14
Q000879,S00121,4,81,3,2026-06-23
Q000880,S00121,5,71,3,2026-06-29
Q000881,S00121,6,67,3,2026-07-09
Q000882,S00121,7,67,2,2026-07-21
Q000883,S00122,1,59,1,2026-05-18
Q000884,S00122,2,59,1,2026-05-20
Q000885,S00123,1,75,2,2026-01-04
Q000886,S00123,2,72,2,2026-01-07
Q000887,S00123,3,65,1,2026-01-09
Q000888,S00123,4,72,2,2026-01-10
Q000889,S00123,5,70,1,2026-01-12
Q000890,S00123,6,79,1,2026-01-15
Q000891,S00123,7,72,2,2026-01-18
Q000892,S00123,8,75,2,2026-01-19
Q000893,S00123,9,70,2,2026-01-20
Q000894,S00123,10,69,2,2026-01-23
Q000895,S00124,1,65,2,2026-03-11
Q000896,S00124,2,81,2,2026-03-12
Q000897,S00124,3,74,2,2026-03-13
Q000898,S00124,4,69,2,2026-03-14
Q000899,S00124,5,80,1,2026-03-16
Q000900,S00124,6,64,2,2026-03-17
Q000901,S00124,7,69,2,2026-03-19
Q000902,S00124,8,82,1,2026-03-20
Q000903,S00124,9,81,1,2026-03-22
Q000904,S00124,10,65,2,2026-03-23
Q000905,S00125,1,75,1,2026-04-05
Q000906,S00125,2,75,2,2026-04-06
Q000907,S00125,3,73,1,2026-04-09
Q000908,S00125,4,84,1,2026-04-11
Q000909,S00125,5,87,1,2026-04-14
Q000910,S00125,6,69,2,2026-04-16
Q000911,S00125,7,75,1,2026-04-18
Q000912,S00125,8,72,1,2026-04-20
Q000913,S00125,9,71,1,2026-04-23
Q000914,S00125,10,79,2,2026-04-26
Q000915,S00126,1,62,1,2026-02-22
Q000916,S00126,2,67,2,2026-02-24
Q000917,S00126,3,72,2,2026-02-26
Q000918,S00126,4,70,2,2026-02-27
Q000919,S00126,5,62,2,2026-03-01
Q000920,S00126,6,62,1,2026-03-04
Q000921,S00126,7,68,1,2026-03-07
Q000922,S00126,8,63,2,2026-03-09
Q000923,S00126,9,64,2,2026-03-10
Q000924,S00126,10,76,2,2026-03-12
Q000925,S00127,1,79,2,2026-01-26
Q000926,S00127,2,75,1,2026-02-03
Q000927,S00127,3,70,1,2026-02-15
Q000928,S00129,1,85,2,2026-03-14
Q000929,S00129,2,87,1,2026-03-15
Q000930,S00129,3,88,2,2026-03-18
Q000931,S00129,4,84,1,2026-03-19
Q000932,S00129,5,80,2,2026-03-21
Q000933,S00129,6,85,2,2026-03-23
Q000934,S00129,7,79,1,2026-03-24
Q000935,S00129,8,81,2,2026-03-25
Q000936,S00129,9,91,2,2026-03-28
Q000937,S00129,10,88,1,2026-03-29
Q000938,S00130,1,74,2,2026-01-31
Q000939,S00130,2,70,1,2026-02-03
Q000940,S00130,3,70,1,2026-02-06
Q000941,S00130,4,70,2,2026-02-09
Q000942,S00130,5,66,1,2026-02-11
Q000943,S00130,6,60,1,2026-02-14
Q000944,S00130,7,63,2,2026-02-17
Q000945,S00130,8,72,1,2026-02-19
Q000946,S00130,9,75,2,2026-02-22
Q000947,S00130,10,78,2,2026-02-25
Q000948,S00131,1,72,2,2026-04-18
Q000949,S00131,2,77,2,2026-04-19
Q000950,S00131,3,80,1,2026-04-21
Q000951,S00131,4,85,2,2026-04-24
Q000952,S00131,5,85,1,2026-04-27
Q000953,S00131,6,71,2,2026-04-29
Q000954,S00131,7,88,2,2026-05-02
Q000955,S00131,8,73,2,2026-05-05
Q000956,S00131,9,71,1,2026-05-06
Q000957,S00131,10,78,1,2026-05-07
Q000958,S00132,1,69,2,2026-03-12
Q000959,S00132,2,86,2,2026-03-14
Q000960,S00132,3,83,1,2026-03-15
Q000961,S00132,4,75,2,2026-03-17
Q000962,S00132,5,86,2,2026-03-20
Q000963,S00132,6,86,2,2026-03-22
Q000964,S00132,7,74,1,2026-03-25
Q000965,S00132,8,88,1,2026-03-28
Q000966,S00132,9,73,1,2026-03-30
Q000967,S00132,10,69,2,2026-03-31
Q000968,S00133,1,75,2,2026-01-31
Q000969,S00133,2,92,1,2026-02-03
Q000970,S00133,3,75,1,2026-02-06
Q000971,S00133,4,85,1,2026-02-08
Q000972,S00133,5,78,2,2026-02-10
Q000973,S00133,6,75,1,2026-02-12
Q000974,S00133,7,76,1,2026-02-14
Q000975,S00133,8,79,1,2026-02-17
Q000976,S00133,9,85,1,2026-02-19
Q000977,S00133,10,91,1,2026-02-21
Q000978,S00134,1,93,1,2026-04-16
Q000979,S00134,2,83,2,2026-04-19
Q000980,S00134,3,83,1,2026-04-20
Q000981,S00134,4,90,2,2026-04-23
Q000982,S00134,5,94,2,2026-04-26
Q000983,S00134,6,84,1,2026-04-28
Q000984,S00134,7,76,1,2026-05-01
Q000985,S00134,8,83,1,2026-05-04
Q000986,S00134,9,92,2,2026-05-06
Q000987,S00134,10,76,1,2026-05-07
Q000988,S00135,1,70,1,2026-04-09
Q000989,S00135,2,63,1,2026-04-11
Q000990,S00136,1,82,2,2026-05-12
Q000991,S00136,2,82,1,2026-05-14
Q000992,S00136,3,86,2,2026-05-17
Q000993,S00136,4,84,1,2026-05-19
Q000994,S00136,5,88,1,2026-05-21
Q000995,S00136,6,81,2,2026-05-23
Q000996,S00136,7,74,1,2026-05-24
Q000997,S00136,8,75,2,2026-05-25
Q000998,S00136,9,88,2,2026-05-28
Q000999,S00136,10,81,2,2026-05-29
Q001000,S00137,1,62,1,2026-05-16
Q001001,S00137,2,70,1,2026-05-17
Q001002,S00137,3,74,2,2026-05-18
Q001003,S00137,4,72,1,2026-05-21
Q001004,S00137,5,68,1,2026-05-24
Q001005,S00137,6,77,2,2026-05-27
Q001006,S00137,7,77,2,2026-05-30
Q001007,S00137,8,72,2,2026-06-01
Q001008,S00137,9,61,2,2026-06-02
Q001009,S00137,10,59,1,2026-06-04
Q001010,S00138,1,68,2,2026-04-22
Q001011,S00138,2,66,1,2026-05-01
Q001012,S00138,3,60,2,2026-05-11
Q001013,S00138,4,58,1,2026-05-23
Q001014,S00139,1,82,1,2026-01-03
Q001015,S00139,2,68,2,2026-01-04
Q001016,S00139,3,68,1,2026-01-06
Q001017,S00139,4,67,1,2026-01-07
Q001018,S00139,5,65,2,2026-01-10
Q001019,S00139,6,69,1,2026-01-12
Q001020,S00139,7,82,1,2026-01-13
Q001021,S00139,8,80,2,2026-01-14
Q001022,S00139,9,72,1,2026-01-16
Q001023,S00139,10,78,1,2026-01-17
Q001024,S00140,1,74,1,2026-05-19
Q001025,S00142,1,86,2,2026-03-17
Q001026,S00142,2,95,1,2026-03-19
Q001027,S00142,3,93,1,2026-03-21
Q001028,S00142,4,96,1,2026-03-22
Q001029,S00142,5,99,2,2026-03-23
Q001030,S00142,6,92,2,2026-03-26
Q001031,S00142,7,86,2,2026-03-29
Q001032,S00142,8,96,1,2026-03-31
Q001033,S00142,9,81,2,2026-04-03
Q001034,S00142,10,90,1,2026-04-04
Q001035,S00143,1,75,1,2026-05-10
Q001036,S00143,2,88,1,2026-05-11
Q001037,S00143,3,92,1,2026-05-12
Q001038,S00143,4,78,1,2026-05-14
Q001039,S00143,5,77,2,2026-05-16
Q001040,S00143,6,85,2,2026-05-17
Q001041,S00143,7,86,1,2026-05-18
Q001042,S00143,8,82,2,2026-05-20
Q001043,S00143,9,88,2,2026-05-21
Q001044,S00143,10,92,2,2026-05-22
Q001045,S00144,1,68,2,2026-05-28
Q001046,S00144,2,63,1,2026-05-30
Q001047,S00144,3,67,2,2026-06-02
Q001048,S00144,4,71,1,2026-06-04
Q001049,S00144,5,72,2,2026-06-05
Q001050,S00144,6,79,1,2026-06-08
Q001051,S00144,7,65,2,2026-06-10
Q001052,S00144,8,70,1,2026-06-13
Q001053,S00144,9,63,1,2026-06-14
Q001054,S00144,10,67,1,2026-06-17
Q001055,S00145,1,86,2,2026-05-21
Q001056,S00145,2,80,2,2026-05-23
Q001057,S00145,3,69,1,2026-05-24
Q001058,S00145,4,74,1,2026-05-25
Q001059,S00145,5,68,2,2026-05-26
Q001060,S00145,6,70,2,2026-05-28
Q001061,S00145,7,83,2,2026-05-29
Q001062,S00145,8,78,2,2026-06-01
Q001063,S00145,9,72,1,2026-06-02
Q001064,S00145,10,72,2,2026-06-04
Q001065,S00146,1,71,2,2026-02-19
Q001066,S00146,2,72,1,2026-02-20
Q001067,S00146,3,80,2,2026-02-22
Q001068,S00146,4,78,2,2026-02-25
Q001069,S00146,5,78,2,2026-02-27
Q001070,S00146,6,87,2,2026-03-02
Q001071,S00146,7,72,1,2026-03-04
Q001072,S00146,8,88,2,2026-03-07
Q001073,S00146,9,77,2,2026-03-09
Q001074,S00146,10,80,2,2026-03-10
Q001075,S00147,1,76,1,2026-03-30
Q001076,S00147,2,66,2,2026-04-05
Q001077,S00147,3,68,3,2026-04-11
Q001078,S00147,4,65,3,2026-04-22
Q001079,S00147,5,66,3,2026-05-07
Q001080,S00148,1,67,2,2026-05-04
Q001081,S00148,2,58,1,2026-05-07
Q001082,S00148,3,58,1,2026-05-09
Q001083,S00148,4,62,1,2026-05-10
Q001084,S00148,5,59,1,2026-05-12
Q001085,S00148,6,77,2,2026-05-15
Q001086,S00148,7,59,2,2026-05-16
Q001087,S00148,8,68,1,2026-05-18
Q001088,S00148,9,62,1,2026-05-19
Q001089,S00148,10,72,2,2026-05-21
Q001090,S00149,1,88,1,2026-04-29
Q001091,S00149,2,76,2,2026-04-30
Q001092,S00149,3,86,2,2026-05-02
Q001093,S00149,4,80,1,2026-05-04
Q001094,S00149,5,88,1,2026-05-07
Q001095,S00149,6,78,1,2026-05-10
Q001096,S00149,7,72,2,2026-05-12
Q001097,S00149,8,83,2,2026-05-14
Q001098,S00149,9,77,1,2026-05-17
Q001099,S00149,10,72,2,2026-05-20
Q001100,S00150,1,83,2,2026-04-16
Q001101,S00150,2,80,1,2026-04-17
Q001102,S00150,3,79,1,2026-04-20
Q001103,S00150,4,85,2,2026-04-22
Q001104,S00150,5,68,2,2026-04-25
Q001105,S00150,6,75,2,2026-04-27
Q001106,S00150,7,80,1,2026-04-29
Q001107,S00150,8,72,1,2026-04-30
Q001108,S00150,9,70,1,2026-05-03
Q001109,S00150,10,80,1,2026-05-06
Q001110,S00151,1,61,1,2026-05-01
Q001111,S00152,1,68,2,2026-04-03
Q001112,S00152,2,64,1,2026-04-05
Q001113,S00152,3,74,2,2026-04-07
Q001114,S00152,4,65,2,2026-04-08
Q001115,S00152,5,73,1,2026-04-10
Q001116,S00152,6,63,2,2026-04-11
Q001117,S00152,7,76,1,2026-04-14
Q001118,S00152,8,74,2,2026-04-16
Q001119,S00152,9,67,2,2026-04-17
Q001120,S00152,10,62,1,2026-04-18
Q001121,S00153,1,92,2,2026-05-14
Q001122,S00153,2,96,2,2026-05-17
Q001123,S00153,3,90,2,2026-05-20
Q001124,S00153,4,92,2,2026-05-22
Q001125,S00153,5,84,2,2026-05-25
Q001126,S00153,6,90,2,2026-05-27
Q001127,S00153,7,96,1,2026-05-28
Q001128,S00153,8,88,1,2026-05-31
Q001129,S00153,9,80,2,2026-06-02
Q001130,S00153,10,86,2,2026-06-03
Q001131,S00154,1,93,1,2026-02-12
Q001132,S00154,2,85,1,2026-02-14
Q001133,S00154,3,87,2,2026-02-15
Q001134,S00154,4,91,2,2026-02-18
Q001135,S00154,5,81,1,2026-02-19
Q001136,S00154,6,81,1,2026-02-21
Q001137,S00154,7,83,2,2026-02-24
Q001138,S00154,8,87,1,2026-02-27
Q001139,S00154,9,90,1,2026-03-02
Q001140,S00154,10,87,1,2026-03-04
Q001141,S00155,1,70,1,2026-04-14
Q001142,S00155,2,76,1,2026-04-16
Q001143,S00156,1,74,2,2026-01-17
Q001144,S00156,2,67,2,2026-01-20
Q001145,S00156,3,68,1,2026-01-21
Q001146,S00156,4,73,1,2026-01-23
Q001147,S00156,5,68,1,2026-01-26
Q001148,S00156,6,69,1,2026-01-27
Q001149,S00156,7,81,2,2026-01-28
Q001150,S00156,8,63,1,2026-01-30
Q001151,S00156,9,63,2,2026-01-31
Q001152,S00156,10,79,1,2026-02-03
Q001153,S00157,1,62,3,2026-04-07
Q001154,S00157,2,64,1,2026-04-13
Q001155,S00157,3,58,1,2026-04-22
Q001156,S00157,4,52,1,2026-05-04
Q001157,S00157,5,56,2,2026-05-13
Q001158,S00158,1,76,3,2026-04-27
Q001159,S00158,2,68,1,2026-05-04
Q001160,S00158,3,71,3,2026-05-15
Q001161,S00158,4,61,2,2026-05-30
Q001162,S00159,1,96,2,2026-03-30
Q001163,S00159,2,90,1,2026-03-31
Q001164,S00159,3,91,2,2026-04-02
Q001165,S00159,4,91,2,2026-04-04
Q001166,S00159,5,98,1,2026-04-07
Q001167,S00159,6,89,2,2026-04-09
Q001168,S00159,7,91,1,2026-04-11
Q001169,S00159,8,100,2,2026-04-13
Q001170,S00159,9,98,1,2026-04-15
Q001171,S00159,10,89,2,2026-04-18
Q001172,S00160,1,58,2,2026-04-20
Q001173,S00160,2,58,3,2026-04-24
Q001174,S00160,3,61,2,2026-05-01
Q001175,S00160,4,55,2,2026-05-12
Q001176,S00160,5,48,1,2026-05-25
Q001177,S00161,1,65,2,2026-02-25
Q001178,S00161,2,77,2,2026-02-27
Q001179,S00161,3,81,1,2026-03-01
Q001180,S00161,4,79,2,2026-03-02
Q001181,S00161,5,64,2,2026-03-05
Q001182,S00161,6,82,1,2026-03-06
Q001183,S00161,7,71,1,2026-03-09
Q001184,S00161,8,73,1,2026-03-11
Q001185,S00161,9,77,1,2026-03-12
Q001186,S00161,10,67,1,2026-03-13
Q001187,S00162,1,80,2,2026-05-14
Q001188,S00162,2,83,1,2026-05-31
Q001189,S00163,1,80,1,2026-04-04
Q001190,S00163,2,72,1,2026-04-13
Q001191,S00163,3,75,1,2026-04-26
Q001192,S00164,1,62,1,2026-04-18
Q001193,S00164,2,63,1,2026-04-20
Q001194,S00164,3,65,2,2026-04-22
Q001195,S00164,4,77,1,2026-04-23
Q001196,S00164,5,80,2,2026-04-25
Q001197,S00164,6,79,2,2026-04-27
Q001198,S00164,7,62,1,2026-04-29
Q001199,S00164,8,63,2,2026-04-30
Q001200,S00164,9,68,1,2026-05-02
Q001201,S00164,10,74,1,2026-05-04
Q001202,S00165,1,81,1,2026-03-22
Q001203,S00165,2,81,2,2026-03-23
Q001204,S00165,3,79,2,2026-03-25
Q001205,S00165,4,75,2,2026-03-26
Q001206,S00165,5,86,1,2026-03-28
Q001207,S00165,6,74,2,2026-03-30
Q001208,S00165,7,79,2,2026-04-01
Q001209,S00165,8,80,2,2026-04-04
Q001210,S00165,9,72,2,2026-04-06
Q001211,S00165,10,78,2,2026-04-08
Q001212,S00166,1,81,3,2026-05-25
Q001213,S00166,2,82,2,2026-05-28
Q001214,S00166,3,76,1,2026-06-06
Q001215,S00166,4,79,3,2026-06-13
Q001216,S00166,5,73,1,2026-06-25
Q001217,S00166,6,71,1,2026-07-08
Q001218,S00166,7,66,2,2026-07-17
Q001219,S00167,1,59,2,2026-04-16
Q001220,S00167,2,68,1,2026-04-18
Q001221,S00167,3,59,1,2026-04-19
Q001222,S00167,4,64,2,2026-04-21
Q001223,S00167,5,75,2,2026-04-23
Q001224,S00167,6,73,2,2026-04-26
Q001225,S00167,7,68,1,2026-04-27
Q001226,S00167,8,67,2,2026-04-30
Q001227,S00167,9,68,2,2026-05-03
Q001228,S00167,10,76,2,2026-05-06
Q001229,S00168,1,80,1,2026-05-20
Q001230,S00168,2,81,1,2026-05-21
Q001231,S00168,3,81,1,2026-05-23
Q001232,S00168,4,78,2,2026-05-25
Q001233,S00168,5,69,2,2026-05-27
Q001234,S00168,6,81,2,2026-05-28
Q001235,S00168,7,85,2,2026-05-31
Q001236,S00168,8,82,2,2026-06-03
Q001237,S00168,9,79,1,2026-06-06
Q001238,S00168,10,80,1,2026-06-09
Q001239,S00169,1,93,1,2026-04-04
Q001240,S00169,2,92,2,2026-04-07
Q001241,S00169,3,98,2,2026-04-08
Q001242,S00169,4,79,2,2026-04-09
Q001243,S00169,5,83,1,2026-04-10
Q001244,S00169,6,94,2,2026-04-11
Q001245,S00169,7,79,2,2026-04-12
Q001246,S00169,8,82,2,2026-04-15
Q001247,S00169,9,81,2,2026-04-18
Q001248,S00169,10,89,1,2026-04-19
Q001249,S00170,1,84,1,2026-03-15
Q001250,S00170,2,82,1,2026-03-24
Q001251,S00170,3,76,3,2026-03-31
Q001252,S00170,4,77,1,2026-04-17
Q001253,S00171,1,66,2,2026-05-17
Q001254,S00171,2,71,2,2026-05-27
Q001255,S00172,1,66,1,2026-03-31
Q001256,S00172,2,77,1,2026-04-01
Q001257,S00172,3,74,1,2026-04-02
Q001258,S00172,4,74,1,2026-04-04
Q001259,S00172,5,73,1,2026-04-06
Q001260,S00172,6,68,1,2026-04-09
Q001261,S00172,7,62,2,2026-04-12
Q001262,S00172,8,59,2,2026-04-15
Q001263,S00172,9,75,1,2026-04-18
Q001264,S00172,10,71,2,2026-04-21
Q001265,S00173,1,66,1,2026-01-16
Q001266,S00173,2,83,1,2026-01-19
Q001267,S00173,3,77,1,2026-01-21
Q001268,S00173,4,80,1,2026-01-23
Q001269,S00173,5,75,2,2026-01-26
Q001270,S00173,6,68,2,2026-01-27
Q001271,S00173,7,77,2,2026-01-30
Q001272,S00173,8,75,1,2026-02-02
Q001273,S00173,9,84,2,2026-02-05
Q001274,S00173,10,82,1,2026-02-07
Q001275,S00174,1,79,2,2026-04-20
Q001276,S00174,2,84,1,2026-04-23
Q001277,S00174,3,80,1,2026-04-24
Q001278,S00174,4,74,1,2026-04-25
Q001279,S00174,5,88,2,2026-04-28
Q001280,S00174,6,74,2,2026-04-30
Q001281,S00174,7,75,2,2026-05-03
Q001282,S00174,8,88,2,2026-05-06
Q001283,S00174,9,75,2,2026-05-07
Q001284,S00174,10,92,1,2026-05-09
Q001285,S00175,1,63,3,2026-02-28
Q001286,S00175,2,65,2,2026-03-09
Q001287,S00175,3,65,3,2026-03-15
Q001288,S00175,4,63,3,2026-03-25
Q001289,S00176,1,80,1,2026-04-01
Q001290,S00176,2,92,1,2026-04-04
Q001291,S00176,3,80,2,2026-04-06
Q001292,S00176,4,92,2,2026-04-08
Q001293,S00176,5,93,2,2026-04-09
Q001294,S00176,6,86,2,2026-04-12
Q001295,S00176,7,84,1,2026-04-14
Q001296,S00176,8,80,1,2026-04-15
Q001297,S00176,9,87,1,2026-04-18
Q001298,S00176,10,82,2,2026-04-21
Q001299,S00177,1,89,3,2026-04-26
Q001300,S00177,2,82,2,2026-05-03
Q001301,S00177,3,84,1,2026-05-10
Q001302,S00177,4,79,3,2026-05-19
Q001303,S00177,5,72,1,2026-05-25
Q001304,S00177,6,69,1,2026-06-05
Q001305,S00177,7,76,2,2026-06-15
Q001306,S00178,1,91,1,2026-03-23
Q001307,S00178,2,89,1,2026-03-25
Q001308,S00178,3,93,2,2026-03-26
Q001309,S00178,4,82,1,2026-03-27
Q001310,S00178,5,86,2,2026-03-28
Q001311,S00178,6,87,1,2026-03-31
Q001312,S00178,7,90,2,2026-04-02
Q001313,S00178,8,88,2,2026-04-03
Q001314,S00178,9,93,2,2026-04-05
Q001315,S00178,10,77,2,2026-04-06
Q001316,S00179,1,76,1,2026-05-29
Q001317,S00180,1,94,2,2026-03-07
Q001318,S00180,2,91,2,2026-03-10
Q001319,S00180,3,82,1,2026-03-13
Q001320,S00180,4,95,1,2026-03-14
Q001321,S00180,5,95,2,2026-03-17
Q001322,S00180,6,92,1,2026-03-19
Q001323,S00180,7,90,2,2026-03-21
Q001324,S00180,8,82,2,2026-03-24
Q001325,S00180,9,96,1,2026-03-25
Q001326,S00180,10,80,2,2026-03-27
Q001327,S00181,1,85,1,2026-03-09
Q001328,S00181,2,80,1,2026-03-10
Q001329,S00181,3,79,2,2026-03-12
Q001330,S00181,4,91,1,2026-03-15
Q001331,S00181,5,90,1,2026-03-16
Q001332,S00181,6,83,1,2026-03-19
Q001333,S00181,7,73,2,2026-03-20
Q001334,S00181,8,86,2,2026-03-23
Q001335,S00181,9,78,1,2026-03-24
Q001336,S00181,10,89,1,2026-03-25
Q001337,S00182,1,81,1,2026-01-25
Q001338,S00182,2,94,1,2026-01-28
Q001339,S00182,3,96,1,2026-01-30
Q001340,S00182,4,89,2,2026-02-01
Q001341,S00182,5,97,1,2026-02-03
Q001342,S00182,6,87,1,2026-02-04
Q001343,S00182,7,89,1,2026-02-06
Q001344,S00182,8,78,2,2026-02-09
Q001345,S00182,9,81,1,2026-02-10
Q001346,S00182,10,93,1,2026-02-12
Q001347,S00185,1,73,1,2026-01-28
Q001348,S00185,2,83,2,2026-01-31
Q001349,S00185,3,78,2,2026-02-01
Q001350,S00185,4,81,2,2026-02-02
Q001351,S00185,5,65,1,2026-02-05
Q001352,S00185,6,80,2,2026-02-06
Q001353,S00185,7,74,2,2026-02-07
Q001354,S00185,8,77,1,2026-02-09
Q001355,S00185,9,81,2,2026-02-12
Q001356,S00185,10,65,2,2026-02-15
Q001357,S00186,1,64,1,2026-03-16
Q001358,S00186,2,62,2,2026-03-22
Q001359,S00186,3,65,2,2026-03-27
Q001360,S00186,4,62,1,2026-04-06
Q001361,S00187,1,80,3,2026-05-12
Q001362,S00187,2,77,2,2026-05-23
Q001363,S00187,3,78,3,2026-05-31
Q001364,S00188,1,74,1,2026-02-19
Q001365,S00188,2,71,1,2026-02-22
Q001366,S00188,3,65,2,2026-02-28
Q001367,S00188,4,62,2,2026-03-07
Q001368,S00188,5,61,3,2026-03-18
Q001369,S00188,6,53,3,2026-04-01
Q001370,S00188,7,54,1,2026-04-09
Q001371,S00189,1,85,1,2026-01-21
Q001372,S00189,2,84,2,2026-01-22
Q001373,S00189,3,77,2,2026-01-24
Q001374,S00189,4,81,1,2026-01-26
Q001375,S00189,5,77,1,2026-01-28
Q001376,S00189,6,79,2,2026-01-30
Q001377,S00189,7,84,1,2026-01-31
Q001378,S00189,8,77,1,2026-02-02
Q001379,S00189,9,92,1,2026-02-04
Q001380,S00189,10,90,1,2026-02-07
Q001381,S00190,1,91,1,2026-03-05
Q001382,S00190,2,84,2,2026-03-06
Q001383,S00190,3,74,1,2026-03-07
Q001384,S00190,4,80,1,2026-03-08
Q001385,S00190,5,75,1,2026-03-10
Q001386,S00190,6,76,2,2026-03-11
Q001387,S00190,7,84,1,2026-03-14
Q001388,S00190,8,84,2,2026-03-17
Q001389,S00190,9,88,1,2026-03-18
Q001390,S00190,10,91,2,2026-03-20
Q001391,S00191,1,78,1,2026-05-06
Q001392,S00191,2,86,1,2026-05-07
Q001393,S00191,3,82,1,2026-05-09
Q001394,S00191,4,96,2,2026-05-11
Q001395,S00191,5,82,1,2026-05-12
Q001396,S00191,6,90,1,2026-05-13
Q001397,S00191,7,87,1,2026-05-15
Q001398,S00191,8,90,1,2026-05-16
Q001399,S00191,9,80,1,2026-05-19
Q001400,S00191,10,84,2,2026-05-22
Q001401,S00192,1,56,1,2026-03-02
Q001402,S00193,1,43,1,2026-05-28
Q001403,S00193,2,45,1,2026-05-29
Q001404,S00194,1,64,2,2026-04-03
Q001405,S00194,2,64,1,2026-04-10
Q001406,S00194,3,54,2,2026-04-18
Q001407,S00194,4,58,1,2026-04-26
Q001408,S00194,5,50,2,2026-05-11
Q001409,S00195,1,69,1,2026-03-17
Q001410,S00195,2,71,2,2026-03-18
Q001411,S00195,3,81,1,2026-03-19
Q001412,S00195,4,75,1,2026-03-21
Q001413,S00195,5,75,1,2026-03-23
Q001414,S00195,6,73,1,2026-03-24
Q001415,S00195,7,69,2,2026-03-26
Q001416,S00195,8,74,2,2026-03-29
Q001417,S00195,9,80,2,2026-03-30
Q001418,S00195,10,64,1,2026-04-01
Q001419,S00196,1,65,2,2026-01-08
Q001420,S00196,2,68,2,2026-01-11
Q001421,S00196,3,73,2,2026-01-13
Q001422,S00196,4,72,2,2026-01-16
Q001423,S00196,5,59,1,2026-01-17
Q001424,S00196,6,62,2,2026-01-20
Q001425,S00196,7,64,2,2026-01-23
Q001426,S00196,8,59,2,2026-01-26
Q001427,S00196,9,68,1,2026-01-29
Q001428,S00196,10,76,2,2026-02-01
Q001429,S00197,1,86,3,2026-04-14
Q001430,S00197,2,78,3,2026-04-20
Q001431,S00197,3,81,1,2026-05-08
Q001432,S00198,1,47,1,2026-03-27
Q001433,S00199,1,44,1,2026-01-03
Q001434,S00199,2,52,1,2026-01-05
Q001435,S00200,1,71,1,2026-01-19
Q001436,S00200,2,70,3,2026-01-29
Q001437,S00200,3,67,2,2026-02-08
Q001438,S00200,4,69,2,2026-02-26
Q001439,S00201,1,65,3,2026-03-13
Q001440,S00201,2,73,1,2026-03-17
Q001441,S00201,3,61,2,2026-03-24
Q001442,S00201,4,60,1,2026-04-01
Q001443,S00201,5,57,3,2026-04-10
Q001444,S00201,6,64,2,2026-04-21
Q001445,S00201,7,56,1,2026-05-01
Q001446,S00201,8,50,1,2026-05-15
Q001447,S00202,1,78,2,2026-05-23
Q001448,S00202,2,85,1,2026-05-26
Q001449,S00202,3,90,2,2026-05-28
Q001450,S00202,4,96,1,2026-05-31
Q001451,S00202,5,92,2,2026-06-01
Q001452,S00202,6,86,1,2026-06-04
Q001453,S00202,7,90,2,2026-06-05
Q001454,S00202,8,79,2,2026-06-07
Q001455,S00202,9,83,1,2026-06-10
Q001456,S00202,10,84,2,2026-06-12
Q001457,S00203,1,80,1,2026-01-27
Q001458,S00203,2,94,2,2026-01-28
Q001459,S00203,3,78,1,2026-01-29
Q001460,S00203,4,84,2,2026-01-31
Q001461,S00203,5,78,1,2026-02-01
Q001462,S00203,6,78,1,2026-02-04
Q001463,S00203,7,84,2,2026-02-06
Q001464,S00203,8,86,2,2026-02-08
Q001465,S00203,9,77,1,2026-02-10
Q001466,S00203,10,93,2,2026-02-13
Q001467,S00204,1,70,1,2026-01-18
Q001468,S00205,1,72,3,2026-02-22
Q001469,S00205,2,71,2,2026-03-01
Q001470,S00205,3,68,3,2026-03-10
Q001471,S00205,4,71,3,2026-03-17
Q001472,S00205,5,58,2,2026-03-26
Q001473,S00206,1,62,2,2026-04-23
Q001474,S00206,2,80,2,2026-04-25
Q001475,S00206,3,64,1,2026-04-26
Q001476,S00206,4,73,1,2026-04-29
Q001477,S00206,5,67,2,2026-04-30
Q001478,S00206,6,68,1,2026-05-01
Q001479,S00206,7,63,1,2026-05-03
Q001480,S00206,8,78,2,2026-05-06
Q001481,S00206,9,62,2,2026-05-08
Q001482,S00206,10,70,2,2026-05-10
Q001483,S00207,1,87,2,2026-04-10
Q001484,S00207,2,86,2,2026-04-11
Q001485,S00207,3,76,2,2026-04-14
Q001486,S00207,4,90,2,2026-04-16
Q001487,S00207,5,73,2,2026-04-17
Q001488,S00207,6,90,1,2026-04-19
Q001489,S00207,7,78,1,2026-04-21
Q001490,S00207,8,72,2,2026-04-24
Q001491,S00207,9,81,2,2026-04-25
Q001492,S00207,10,89,2,2026-04-26
Q001493,S00208,1,84,1,2026-03-19
Q001494,S00208,2,82,2,2026-03-28
Q001495,S00208,3,76,1,2026-04-05
Q001496,S00208,4,70,2,2026-04-15
Q001497,S00208,5,74,3,2026-04-23
Q001498,S00209,1,82,1,2026-04-01
Q001499,S00209,2,80,1,2026-04-04
Q001500,S00209,3,91,1,2026-04-06
Q001501,S00209,4,93,2,2026-04-07
Q001502,S00209,5,78,2,2026-04-10
Q001503,S00209,6,80,1,2026-04-12
Q001504,S00209,7,89,1,2026-04-13
Q001505,S00209,8,84,2,2026-04-14
Q001506,S00209,9,80,1,2026-04-15
Q001507,S00209,10,91,2,2026-04-17
Q001508,S00210,1,71,1,2026-03-23
Q001509,S00210,2,80,1,2026-03-25
Q001510,S00210,3,76,2,2026-03-26
Q001511,S00210,4,78,1,2026-03-29
Q001512,S00210,5,76,1,2026-03-31
Q001513,S00210,6,68,1,2026-04-02
Q001514,S00210,7,69,1,2026-04-03
Q001515,S00210,8,86,1,2026-04-05
Q001516,S00210,9,71,2,2026-04-06
Q001517,S00210,10,84,2,2026-04-08
Q001518,S00211,1,62,1,2026-01-25
Q001519,S00211,2,60,1,2026-01-26
Q001520,S00211,3,77,2,2026-01-29
Q001521,S00211,4,74,2,2026-01-30
Q001522,S00211,5,69,2,2026-02-02
Q001523,S00211,6,77,1,2026-02-05
Q001524,S00211,7,68,1,2026-02-06
Q001525,S00211,8,61,2,2026-02-07
Q001526,S00211,9,70,1,2026-02-09
Q001527,S00211,10,66,1,2026-02-11
Q001528,S00212,1,65,2,2026-01-22
Q001529,S00212,2,67,3,2026-01-27
Q001530,S00212,3,69,1,2026-02-02
Q001531,S00212,4,62,3,2026-02-10
Q001532,S00212,5,60,2,2026-02-18
Q001533,S00212,6,56,3,2026-03-04
Q001534,S00212,7,55,1,2026-03-16
Q001535,S00212,8,59,2,2026-03-26
Q001536,S00213,1,78,2,2026-03-18
Q001537,S00213,2,75,2,2026-03-22
Q001538,S00213,3,73,3,2026-04-01
Q001539,S00213,4,77,1,2026-04-18
Q001540,S00214,1,79,2,2026-05-26
Q001541,S00214,2,92,2,2026-05-28
Q001542,S00214,3,95,1,2026-05-31
Q001543,S00214,4,93,1,2026-06-02
Q001544,S00214,5,86,1,2026-06-04
Q001545,S00214,6,88,1,2026-06-07
Q001546,S00214,7,87,2,2026-06-10
Q001547,S00214,8,94,2,2026-06-11
Q001548,S00214,9,94,1,2026-06-14
Q001549,S00214,10,79,2,2026-06-17
Q001550,S00215,1,64,2,2026-02-20
Q001551,S00215,2,63,3,2026-02-26
Q001552,S00215,3,63,3,2026-03-03
Q001553,S00215,4,64,3,2026-03-13
Q001554,S00215,5,52,3,2026-03-24
Q001555,S00215,6,51,3,2026-04-04
Q001556,S00215,7,52,2,2026-04-15
Q001557,S00215,8,47,2,2026-04-22
Q001558,S00216,1,87,1,2026-04-01
Q001559,S00216,2,80,1,2026-04-03
Q001560,S00216,3,80,1,2026-04-06
Q001561,S00216,4,79,1,2026-04-08
Q001562,S00216,5,73,2,2026-04-11
Q001563,S00216,6,73,2,2026-04-13
Q001564,S00216,7,85,1,2026-04-14
Q001565,S00216,8,84,1,2026-04-15
Q001566,S00216,9,86,2,2026-04-18
Q001567,S00216,10,73,2,2026-04-19
Q001568,S00217,1,80,1,2026-03-10
Q001569,S00217,2,95,2,2026-03-13
Q001570,S00217,3,96,1,2026-03-15
Q001571,S00217,4,98,2,2026-03-17
Q001572,S00217,5,91,2,2026-03-20
Q001573,S00217,6,97,1,2026-03-21
Q001574,S00217,7,98,2,2026-03-24
Q001575,S00217,8,86,2,2026-03-26
Q001576,S00217,9,83,1,2026-03-28
Q001577,S00217,10,86,1,2026-03-31
Q001578,S00218,1,61,1,2026-02-21
Q001579,S00218,2,61,2,2026-03-05
Q001580,S00219,1,79,3,2026-02-25
Q001581,S00219,2,77,1,2026-03-03
Q001582,S00219,3,69,3,2026-03-09
Q001583,S00219,4,65,2,2026-03-19
Q001584,S00219,5,59,1,2026-03-26
Q001585,S00219,6,63,3,2026-04-03
Q001586,S00219,7,53,3,2026-04-09
Q001587,S00219,8,60,1,2026-04-23
Q001588,S00220,1,80,2,2026-03-11
Q001589,S00220,2,73,1,2026-03-21
Q001590,S00220,3,72,3,2026-03-26
Q001591,S00220,4,69,3,2026-04-06
Q001592,S00221,1,67,2,2026-05-30
Q001593,S00221,2,56,3,2026-06-03
Q001594,S00221,3,62,1,2026-06-14
Q001595,S00221,4,59,1,2026-06-20
Q001596,S00221,5,48,1,2026-07-01
Q001597,S00222,1,76,3,2026-04-29
Q001598,S00222,2,70,2,2026-05-05
Q001599,S00222,3,76,3,2026-05-14
Q001600,S00222,4,71,1,2026-05-20
Q001601,S00222,5,69,3,2026-05-25
Q001602,S00222,6,65,2,2026-06-04
Q001603,S00222,7,58,3,2026-06-20
Q001604,S00222,8,64,1,2026-07-05
Q001605,S00223,1,75,2,2026-04-03
Q001606,S00223,2,73,2,2026-04-05
Q001607,S00223,3,75,2,2026-04-08
Q001608,S00223,4,72,1,2026-04-09
Q001609,S00223,5,82,1,2026-04-10
Q001610,S00223,6,81,1,2026-04-11
Q001611,S00223,7,78,1,2026-04-14
Q001612,S00223,8,81,2,2026-04-17
Q001613,S00223,9,73,1,2026-04-18
Q001614,S00223,10,89,2,2026-04-20
Q001615,S00224,1,74,1,2026-02-24
Q001616,S00224,2,76,2,2026-02-26
Q001617,S00224,3,63,2,2026-03-01
Q001618,S00224,4,75,1,2026-03-04
Q001619,S00224,5,79,2,2026-03-07
Q001620,S00224,6,64,1,2026-03-10
Q001621,S00224,7,74,1,2026-03-11
Q001622,S00224,8,65,1,2026-03-14
Q001623,S00224,9,73,2,2026-03-16
Q001624,S00224,10,79,2,2026-03-18
Q001625,S00225,1,77,2,2026-04-22
Q001626,S00225,2,91,2,2026-04-24
Q001627,S00225,3,94,2,2026-04-26
Q001628,S00225,4,93,2,2026-04-28
Q001629,S00225,5,82,2,2026-04-30
Q001630,S00225,6,82,2,2026-05-02
Q001631,S00225,7,88,2,2026-05-03
Q001632,S00225,8,94,1,2026-05-04
Q001633,S00225,9,81,1,2026-05-07
Q001634,S00225,10,82,1,2026-05-09
Q001635,S00226,1,66,1,2026-02-10
Q001636,S00226,2,72,2,2026-02-13
Q001637,S00226,3,73,2,2026-02-16
Q001638,S00226,4,85,1,2026-02-17
Q001639,S00226,5,69,2,2026-02-19
Q001640,S00226,6,75,1,2026-02-20
Q001641,S00226,7,82,1,2026-02-21
Q001642,S00226,8,70,1,2026-02-23
Q001643,S00226,9,72,1,2026-02-26
Q001644,S00226,10,79,1,2026-02-28
Q001645,S00227,1,59,1,2026-03-27
Q001646,S00227,2,48,1,2026-03-28
Q001647,S00228,1,78,2,2026-03-21
Q001648,S00228,2,80,2,2026-03-24
Q001649,S00228,3,68,1,2026-03-25
Q001650,S00228,4,73,2,2026-03-27
Q001651,S00228,5,69,1,2026-03-28
Q001652,S00228,6,75,2,2026-03-31
Q001653,S00228,7,69,1,2026-04-01
Q001654,S00228,8,86,2,2026-04-03
Q001655,S00228,9,75,2,2026-04-06
Q001656,S00228,10,69,1,2026-04-07
Q001657,S00229,1,62,1,2026-01-16
Q001658,S00230,1,80,1,2026-03-05
Q001659,S00230,2,78,2,2026-03-10
Q001660,S00230,3,70,1,2026-03-18
Q001661,S00230,4,69,3,2026-03-24
Q001662,S00230,5,71,2,2026-04-05
Q001663,S00231,1,67,3,2026-02-11
Q001664,S00231,2,61,1,2026-02-17
Q001665,S00231,3,57,2,2026-02-26
Q001666,S00231,4,56,1,2026-03-06
Q001667,S00231,5,54,2,2026-03-20
Q001668,S00231,6,52,1,2026-03-31
Q001669,S00232,1,84,1,2026-03-31
Q001670,S00232,2,89,1,2026-04-01
Q001671,S00232,3,73,2,2026-04-02
Q001672,S00232,4,80,1,2026-04-03
Q001673,S00232,5,88,1,2026-04-04
Q001674,S00232,6,84,2,2026-04-07
Q001675,S00232,7,85,1,2026-04-10
Q001676,S00232,8,90,2,2026-04-13
Q001677,S00232,9,75,2,2026-04-16
Q001678,S00232,10,78,2,2026-04-18
Q001679,S00233,1,79,2,2026-02-03
Q001680,S00233,2,84,1,2026-02-11
Q001681,S00233,3,85,1,2026-02-20
Q001682,S00234,1,71,2,2026-01-28
Q001683,S00234,2,63,1,2026-01-31
Q001684,S00234,3,64,1,2026-02-02
Q001685,S00234,4,65,1,2026-02-03
Q001686,S00234,5,69,1,2026-02-05
Q001687,S00234,6,74,1,2026-02-08
Q001688,S00234,7,76,2,2026-02-09
Q001689,S00234,8,72,1,2026-02-12
Q001690,S00234,9,63,2,2026-02-13
Q001691,S00234,10,72,2,2026-02-14
Q001692,S00235,1,99,1,2026-05-14
Q001693,S00235,2,90,2,2026-05-16
Q001694,S00235,3,100,2,2026-05-19
Q001695,S00235,4,82,2,2026-05-20
Q001696,S00235,5,86,2,2026-05-22
Q001697,S00235,6,81,2,2026-05-24
Q001698,S00235,7,98,1,2026-05-25
Q001699,S00235,8,96,2,2026-05-28
Q001700,S00235,9,95,2,2026-05-30
Q001701,S00235,10,87,1,2026-05-31
Q001702,S00236,1,78,2,2026-01-19
Q001703,S00236,2,78,2,2026-01-25
Q001704,S00236,3,73,3,2026-02-06
Q001705,S00237,1,59,2,2026-05-07
Q001706,S00237,2,68,1,2026-05-08
Q001707,S00237,3,62,2,2026-05-10
Q001708,S00237,4,76,2,2026-05-11
Q001709,S00237,5,68,2,2026-05-12
Q001710,S00237,6,61,1,2026-05-13
Q001711,S00237,7,68,1,2026-05-15
Q001712,S00237,8,76,2,2026-05-16
Q001713,S00237,9,66,2,2026-05-17
Q001714,S00237,10,66,2,2026-05-19
Q001715,S00238,1,69,1,2026-04-26
Q001716,S00238,2,74,1,2026-04-29
Q001717,S00238,3,83,1,2026-05-01
Q001718,S00238,4,82,2,2026-05-03
Q001719,S00238,5,71,2,2026-05-06
Q001720,S00238,6,77,1,2026-05-08
Q001721,S00238,7,84,2,2026-05-09
Q001722,S00238,8,81,2,2026-05-12
Q001723,S00238,9,69,1,2026-05-14
Q001724,S00238,10,79,2,2026-05-16
Q001725,S00239,1,71,3,2026-02-17
Q001726,S00239,2,68,1,2026-03-02
Q001727,S00240,1,77,2,2026-05-27
Q001728,S00240,2,88,2,2026-05-30
Q001729,S00240,3,75,2,2026-06-01
Q001730,S00240,4,72,2,2026-06-04
Q001731,S00240,5,80,2,2026-06-07
Q001732,S00240,6,87,2,2026-06-08
Q001733,S00240,7,74,2,2026-06-09
Q001734,S00240,8,73,2,2026-06-10
Q001735,S00240,9,85,2,2026-06-11
Q001736,S00240,10,73,2,2026-06-12
Q001737,S00241,1,55,1,2026-02-13
Q001738,S00241,2,44,1,2026-02-15
Q001739,S00242,1,73,1,2026-01-22
Q001740,S00242,2,63,1,2026-01-24
Q001741,S00244,1,81,2,2026-03-14
Q001742,S00244,2,90,2,2026-03-16
Q001743,S00244,3,80,1,2026-03-17
Q001744,S00244,4,96,2,2026-03-19
Q001745,S00244,5,99,2,2026-03-22
Q001746,S00244,6,84,2,2026-03-25
Q001747,S00244,7,85,1,2026-03-28
Q001748,S00244,8,87,1,2026-03-31
Q001749,S00244,9,84,1,2026-04-03
Q001750,S00244,10,81,2,2026-04-04
Q001751,S00245,1,95,1,2026-05-13
Q001752,S00245,2,95,1,2026-05-16
Q001753,S00245,3,80,2,2026-05-19
Q001754,S00245,4,87,2,2026-05-20
Q001755,S00245,5,98,1,2026-05-21
Q001756,S00245,6,98,2,2026-05-23
Q001757,S00245,7,89,2,2026-05-26
Q001758,S00245,8,92,2,2026-05-29
Q001759,S00245,9,98,2,2026-06-01
Q001760,S00245,10,96,1,2026-06-04
Q001761,S00246,1,55,1,2026-05-18
Q001762,S00246,2,52,1,2026-05-19
Q001763,S00247,1,63,1,2026-03-22
Q001764,S00247,2,65,1,2026-03-25
Q001765,S00247,3,74,1,2026-03-27
Q001766,S00247,4,75,1,2026-03-29
Q001767,S00247,5,75,1,2026-03-31
Q001768,S00247,6,78,1,2026-04-01
Q001769,S00247,7,74,1,2026-04-02
Q001770,S00247,8,64,2,2026-04-03
Q001771,S00247,9,75,1,2026-04-04
Q001772,S00247,10,74,2,2026-04-06
Q001773,S00248,1,54,1,2026-05-14
Q001774,S00251,1,93,1,2026-04-30
Q001775,S00251,2,89,1,2026-05-02
Q001776,S00251,3,97,1,2026-05-04
Q001777,S00251,4,87,1,2026-05-06
Q001778,S00251,5,94,1,2026-05-09
Q001779,S00251,6,81,1,2026-05-12
Q001780,S00251,7,96,1,2026-05-14
Q001781,S00251,8,93,2,2026-05-15
Q001782,S00251,9,83,1,2026-05-16
Q001783,S00251,10,95,1,2026-05-17
Q001784,S00252,1,81,2,2026-01-11
Q001785,S00252,2,68,1,2026-01-14
Q001786,S00252,3,70,2,2026-01-17
Q001787,S00252,4,71,2,2026-01-20
Q001788,S00252,5,72,1,2026-01-22
Q001789,S00252,6,78,2,2026-01-25
Q001790,S00252,7,70,1,2026-01-26
Q001791,S00252,8,70,1,2026-01-29
Q001792,S00252,9,82,1,2026-01-30
Q001793,S00252,10,84,2,2026-01-31
Q001794,S00253,1,58,1,2026-04-28
Q001795,S00254,1,88,1,2026-02-24
Q001796,S00254,2,87,1,2026-02-25
Q001797,S00254,3,84,1,2026-02-26
Q001798,S00254,4,80,2,2026-02-27
Q001799,S00254,5,78,2,2026-03-01
Q001800,S00254,6,86,2,2026-03-04
Q001801,S00254,7,69,2,2026-03-06
Q001802,S00254,8,83,2,2026-03-08
Q001803,S00254,9,80,2,2026-03-09
Q001804,S00254,10,76,1,2026-03-10
Q001805,S00255,1,85,2,2026-01-16
Q001806,S00255,2,88,1,2026-01-18
Q001807,S00255,3,89,2,2026-01-20
Q001808,S00255,4,86,2,2026-01-23
Q001809,S00255,5,77,2,2026-01-25
Q001810,S00255,6,79,2,2026-01-26
Q001811,S00255,7,86,1,2026-01-28
Q001812,S00255,8,84,1,2026-01-30
Q001813,S00255,9,80,1,2026-01-31
Q001814,S00255,10,91,2,2026-02-01
Q001815,S00256,1,70,3,2026-02-28
Q001816,S00256,2,65,2,2026-03-07
Q001817,S00256,3,61,3,2026-03-21
Q001818,S00257,1,45,1,2026-03-23
Q001819,S00257,2,44,1,2026-03-25
Q001820,S00258,1,72,2,2026-03-14
Q001821,S00258,2,73,2,2026-03-24
Q001822,S00258,3,69,3,2026-04-02
Q001823,S00258,4,70,3,2026-04-16
Q001824,S00259,1,61,1,2026-02-14
Q001825,S00259,2,57,2,2026-02-20
Q001826,S00259,3,64,2,2026-03-01
Q001827,S00260,1,77,2,2026-05-03
Q001828,S00260,2,71,2,2026-05-06
Q001829,S00260,3,71,1,2026-05-07
Q001830,S00260,4,74,1,2026-05-10
Q001831,S00260,5,71,1,2026-05-12
Q001832,S00260,6,61,1,2026-05-14
Q001833,S00260,7,72,1,2026-05-17
Q001834,S00260,8,77,2,2026-05-20
Q001835,S00260,9,71,2,2026-05-23
Q001836,S00260,10,71,2,2026-05-24
Q001837,S00261,1,66,3,2026-05-23
Q001838,S00261,2,70,1,2026-06-08
Q001839,S00262,1,55,1,2026-01-07
Q001840,S00262,2,44,1,2026-01-08
Q001841,S00263,1,81,2,2026-03-24
Q001842,S00263,2,90,1,2026-03-27
Q001843,S00263,3,88,2,2026-03-28
Q001844,S00263,4,85,2,2026-03-30
Q001845,S00263,5,81,2,2026-03-31
Q001846,S00263,6,88,2,2026-04-03
Q001847,S00263,7,87,1,2026-04-04
Q001848,S00263,8,87,2,2026-04-05
Q001849,S00263,9,80,1,2026-04-08
Q001850,S00263,10,98,1,2026-04-11
Q001851,S00264,1,80,1,2026-03-14
Q001852,S00264,2,77,1,2026-03-16
Q001853,S00264,3,86,1,2026-03-17
Q001854,S00264,4,81,2,2026-03-19
Q001855,S00264,5,93,1,2026-03-20
Q001856,S00264,6,93,2,2026-03-22
Q001857,S00264,7,76,2,2026-03-23
Q001858,S00264,8,77,2,2026-03-24
Q001859,S00264,9,83,1,2026-03-26
Q001860,S00264,10,91,1,2026-03-29
Q001861,S00265,1,56,1,2026-05-24
Q001862,S00266,1,90,1,2026-03-18
Q001863,S00266,2,86,1,2026-03-25
Q001864,S00266,3,80,1,2026-04-04
Q001865,S00266,4,79,2,2026-04-11
Q001866,S00266,5,81,3,2026-04-23
Q001867,S00267,1,86,3,2026-03-19
Q001868,S00267,2,84,2,2026-04-01
Q001869,S00268,1,73,2,2026-05-09
Q001870,S00268,2,68,1,2026-05-12
Q001871,S00268,3,63,3,2026-05-16
Q001872,S00268,4,65,3,2026-05-23
Q001873,S00268,5,56,1,2026-06-03
Q001874,S00268,6,61,1,2026-06-15
Q001875,S00268,7,61,1,2026-06-25
Q001876,S00268,8,50,2,2026-07-06
Q001877,S00269,1,90,1,2026-03-20
Q001878,S00269,2,80,2,2026-03-21
Q001879,S00269,3,81,2,2026-03-23
Q001880,S00269,4,95,1,2026-03-24
Q001881,S00269,5,90,2,2026-03-27
Q001882,S00269,6,94,2,2026-03-30
Q001883,S00269,7,92,2,2026-03-31
Q001884,S00269,8,95,2,2026-04-01
Q001885,S00269,9,92,2,2026-04-02
Q001886,S00269,10,86,2,2026-04-04
Q001887,S00270,1,78,2,2026-03-26
Q001888,S00270,2,79,2,2026-03-27
Q001889,S00270,3,83,2,2026-03-28
Q001890,S00270,4,81,1,2026-03-31
Q001891,S00270,5,91,2,2026-04-03
Q001892,S00270,6,91,2,2026-04-06
Q001893,S00270,7,79,1,2026-04-09
Q001894,S00270,8,87,1,2026-04-12
Q001895,S00270,9,86,2,2026-04-14
Q001896,S00270,10,79,1,2026-04-15
Q001897,S00271,1,75,1,2026-04-28
Q001898,S00271,2,71,3,2026-05-05
Q001899,S00271,3,73,2,2026-05-15
Q001900,S00271,4,76,1,2026-05-27
Q001901,S00271,5,58,2,2026-06-08
Q001902,S00271,6,66,2,2026-06-21
Q001903,S00272,1,65,3,2026-04-28
Q001904,S00272,2,57,2,2026-05-08
Q001905,S00273,1,45,1,2026-05-07
Q001906,S00274,1,70,1,2026-05-28
Q001907,S00274,2,72,1,2026-05-29
Q001908,S00275,1,88,1,2026-01-15
Q001909,S00275,2,79,2,2026-01-17
Q001910,S00275,3,82,1,2026-01-20
Q001911,S00275,4,85,2,2026-01-23
Q001912,S00275,5,89,2,2026-01-24
Q001913,S00275,6,93,2,2026-01-26
Q001914,S00275,7,83,1,2026-01-29
Q001915,S00275,8,85,1,2026-01-30
Q001916,S00275,9,79,1,2026-01-31
Q001917,S00275,10,95,2,2026-02-02
Q001918,S00276,1,81,1,2026-01-26
Q001919,S00276,2,78,2,2026-01-29
Q001920,S00276,3,70,1,2026-02-01
Q001921,S00276,4,71,2,2026-02-02
Q001922,S00276,5,78,2,2026-02-05
Q001923,S00276,6,71,2,2026-02-07
Q001924,S00276,7,76,2,2026-02-08
Q001925,S00276,8,78,2,2026-02-09
Q001926,S00276,9,72,1,2026-02-12
Q001927,S00276,10,84,2,2026-02-13
Q001928,S00277,1,79,2,2026-02-01
Q001929,S00277,2,79,2,2026-02-10
Q001930,S00278,1,81,3,2026-03-28
Q001931,S00278,2,80,1,2026-04-02
Q001932,S00278,3,76,3,2026-04-08
Q001933,S00278,4,78,3,2026-04-13
Q001934,S00278,5,75,2,2026-04-24
Q001935,S00278,6,71,3,2026-05-02
Q001936,S00278,7,69,1,2026-05-12
Q001937,S00279,1,77,1,2026-05-22
Q001938,S00279,2,76,2,2026-05-27
Q001939,S00279,3,68,1,2026-06-03
Q001940,S00279,4,67,1,2026-06-12
Q001941,S00279,5,66,1,2026-06-21
Q001942,S00279,6,62,3,2026-07-01
Q001943,S00279,7,60,2,2026-07-15
Q001944,S00279,8,70,2,2026-07-27
Q001945,S00280,1,86,1,2026-05-14
Q001946,S00280,2,80,1,2026-05-17
Q001947,S00280,3,76,1,2026-05-25
Q001948,S00280,4,79,1,2026-06-01
Q001949,S00280,5,78,3,2026-06-09
Q001950,S00280,6,80,1,2026-06-16
Q001951,S00280,7,70,3,2026-06-28
Q001952,S00280,8,67,2,2026-07-10
Q001953,S00281,1,76,1,2026-01-16
Q001954,S00281,2,64,1,2026-01-18
Q001955,S00282,1,85,2,2026-02-13
Q001956,S00282,2,89,1,2026-02-14
Q001957,S00282,3,85,1,2026-02-15
Q001958,S00282,4,86,2,2026-02-18
Q001959,S00282,5,87,2,2026-02-19
Q001960,S00282,6,74,2,2026-02-20
Q001961,S00282,7,86,2,2026-02-21
Q001962,S00282,8,85,1,2026-02-23
Q001963,S00282,9,85,2,2026-02-24
Q001964,S00282,10,82,2,2026-02-27
Q001965,S00283,1,86,1,2026-03-07
Q001966,S00283,2,92,1,2026-03-09
Q001967,S00283,3,75,1,2026-03-11
Q001968,S00283,4,78,2,2026-03-13
Q001969,S00283,5,79,1,2026-03-16
Q001970,S00283,6,78,2,2026-03-17
Q001971,S00283,7,88,2,2026-03-18
Q001972,S00283,8,87,2,2026-03-19
Q001973,S00283,9,74,1,2026-03-22
Q001974,S00283,10,75,2,2026-03-24
Q001975,S00284,1,93,2,2026-04-23
Q001976,S00284,2,89,2,2026-04-24
Q001977,S00284,3,86,1,2026-04-27
Q001978,S00284,4,89,2,2026-04-29
Q001979,S00284,5,85,2,2026-05-01
Q001980,S00284,6,94,2,2026-05-02
Q001981,S00284,7,88,2,2026-05-05
Q001982,S00284,8,84,2,2026-05-08
Q001983,S00284,9,97,2,2026-05-09
Q001984,S00284,10,92,2,2026-05-10
Q001985,S00285,1,66,3,2026-05-18
Q001986,S00285,2,69,2,2026-05-27
Q001987,S00285,3,68,3,2026-06-04
Q001988,S00285,4,59,2,2026-06-22
Q001989,S00286,1,81,1,2026-05-01
Q001990,S00286,2,79,2,2026-05-04
Q001991,S00286,3,75,1,2026-05-06
Q001992,S00286,4,74,2,2026-05-07
Q001993,S00286,5,76,2,2026-05-08
Q001994,S00286,6,70,2,2026-05-10
Q001995,S00286,7,84,2,2026-05-13
Q001996,S00286,8,86,2,2026-05-14
Q001997,S00286,9,70,1,2026-05-17
Q001998,S00286,10,80,1,2026-05-20
Q001999,S00287,1,92,2,2026-04-19
Q002000,S00287,2,96,2,2026-04-21
Q002001,S00287,3,92,2,2026-04-22
Q002002,S00287,4,88,1,2026-04-25
Q002003,S00287,5,88,2,2026-04-28
Q002004,S00287,6,96,1,2026-05-01
Q002005,S00287,7,86,1,2026-05-02
Q002006,S00287,8,91,2,2026-05-03
Q002007,S00287,9,94,2,2026-05-04
Q002008,S00287,10,97,1,2026-05-07
Q002009,S00288,1,82,2,2026-01-14
Q002010,S00288,2,92,2,2026-01-17
Q002011,S00288,3,95,2,2026-01-18
Q002012,S00288,4,87,2,2026-01-19
Q002013,S00288,5,79,1,2026-01-20
Q002014,S00288,6,85,2,2026-01-23
Q002015,S00288,7,90,2,2026-01-26
Q002016,S00288,8,83,2,2026-01-29
Q002017,S00288,9,94,2,2026-02-01
Q002018,S00288,10,89,1,2026-02-04
Q002019,S00289,1,72,2,2026-05-18
Q002020,S00289,2,74,1,2026-05-20
Q002021,S00289,3,86,2,2026-05-22
Q002022,S00289,4,77,2,2026-05-25
Q002023,S00289,5,83,1,2026-05-26
Q002024,S00289,6,76,1,2026-05-28
Q002025,S00289,7,89,1,2026-05-31
Q002026,S00289,8,83,1,2026-06-03
Q002027,S00289,9,72,2,2026-06-05
Q002028,S00289,10,71,1,2026-06-06
Q002029,S00290,1,72,1,2026-02-06
Q002030,S00290,2,69,2,2026-02-15
Q002031,S00290,3,64,3,2026-02-24
Q002032,S00291,1,91,1,2026-01-19
Q002033,S00291,2,82,2,2026-01-22
Q002034,S00291,3,86,2,2026-01-23
Q002035,S00291,4,78,2,2026-01-26
Q002036,S00291,5,95,2,2026-01-27
Q002037,S00291,6,79,1,2026-01-28
Q002038,S00291,7,82,1,2026-01-31
Q002039,S00291,8,91,2,2026-02-03
Q002040,S00291,9,91,2,2026-02-05
Q002041,S00291,10,87,2,2026-02-06
Q002042,S00292,1,94,2,2026-01-12
Q002043,S00292,2,96,1,2026-01-15
Q002044,S00292,3,90,1,2026-01-18
Q002045,S00292,4,93,2,2026-01-20
Q002046,S00292,5,90,2,2026-01-22
Q002047,S00292,6,91,2,2026-01-24
Q002048,S00292,7,89,2,2026-01-27
Q002049,S00292,8,81,2,2026-01-30
Q002050,S00292,9,84,2,2026-02-02
Q002051,S00292,10,84,2,2026-02-04
Q002052,S00293,1,71,3,2026-04-07
Q002053,S00293,2,68,2,2026-04-17
Q002054,S00294,1,72,2,2026-02-04
Q002055,S00294,2,81,1,2026-02-05
Q002056,S00294,3,83,1,2026-02-06
Q002057,S00294,4,83,1,2026-02-07
Q002058,S00294,5,82,2,2026-02-09
Q002059,S00294,6,73,2,2026-02-12
Q002060,S00294,7,79,1,2026-02-14
Q002061,S00294,8,77,1,2026-02-15
Q002062,S00294,9,77,2,2026-02-16
Q002063,S00294,10,71,2,2026-02-17
Q002064,S00295,1,68,2,2026-05-28
Q002065,S00295,2,67,1,2026-05-30
Q002066,S00295,3,77,1,2026-06-02
Q002067,S00295,4,72,2,2026-06-03
Q002068,S00295,5,71,1,2026-06-06
Q002069,S00295,6,72,2,2026-06-09
Q002070,S00295,7,72,2,2026-06-11
Q002071,S00295,8,73,1,2026-06-12
Q002072,S00295,9,69,2,2026-06-13
Q002073,S00295,10,68,2,2026-06-15
Q002074,S00296,1,77,1,2026-01-14
Q002075,S00296,2,76,2,2026-01-16
Q002076,S00296,3,76,2,2026-01-17
Q002077,S00296,4,85,2,2026-01-20
Q002078,S00296,5,85,2,2026-01-22
Q002079,S00296,6,69,1,2026-01-23
Q002080,S00296,7,71,1,2026-01-26
Q002081,S00296,8,68,1,2026-01-29
Q002082,S00296,9,79,1,2026-01-30
Q002083,S00296,10,80,2,2026-02-02
Q002084,S00297,1,80,2,2026-04-22
Q002085,S00297,2,76,1,2026-05-01
Q002086,S00298,1,89,2,2026-01-07
Q002087,S00298,2,90,1,2026-01-08
Q002088,S00298,3,86,2,2026-01-10
Q002089,S00298,4,89,1,2026-01-12
Q002090,S00298,5,75,1,2026-01-14
Q002091,S00298,6,85,1,2026-01-15
Q002092,S00298,7,92,2,2026-01-17
Q002093,S00298,8,74,1,2026-01-20
Q002094,S00298,9,74,2,2026-01-22
Q002095,S00298,10,84,1,2026-01-25
Q002096,S00299,1,78,2,2026-03-23
Q002097,S00299,2,81,1,2026-04-02
Q002098,S00299,3,74,2,2026-04-12
Q002099,S00300,1,69,2,2026-01-18
Q002100,S00300,2,60,1,2026-01-19
Q002101,S00300,3,60,1,2026-01-21
Q002102,S00300,4,64,2,2026-01-22
Q002103,S00300,5,67,2,2026-01-23
Q002104,S00300,6,66,1,2026-01-24
Q002105,S00300,7,59,1,2026-01-27
Q002106,S00300,8,68,1,2026-01-30
Q002107,S00300,9,77,2,2026-02-02
Q002108,S00300,10,62,2,2026-02-03
Q002109,S00301,1,62,2,2026-04-22
Q002110,S00301,2,75,2,2026-04-24
Q002111,S00301,3,74,2,2026-04-26
Q002112,S00301,4,71,1,2026-04-29
Q002113,S00301,5,66,1,2026-05-01
Q002114,S00301,6,65,2,2026-05-02
Q002115,S00301,7,62,1,2026-05-05
Q002116,S00301,8,61,1,2026-05-08
Q002117,S00301,9,76,1,2026-05-09
Q002118,S00301,10,74,2,2026-05-10
Q002119,S00302,1,69,2,2026-05-10
Q002120,S00302,2,86,2,2026-05-13
Q002121,S00302,3,73,2,2026-05-14
Q002122,S00302,4,76,1,2026-05-15
Q002123,S00302,5,70,2,2026-05-18
Q002124,S00302,6,70,1,2026-05-19
Q002125,S00302,7,72,1,2026-05-22
Q002126,S00302,8,79,2,2026-05-25
Q002127,S00302,9,80,2,2026-05-27
Q002128,S00302,10,75,2,2026-05-29
Q002129,S00303,1,95,2,2026-02-11
Q002130,S00303,2,81,1,2026-02-12
Q002131,S00303,3,88,1,2026-02-14
Q002132,S00303,4,87,1,2026-02-16
Q002133,S00303,5,95,1,2026-02-18
Q002134,S00303,6,86,2,2026-02-21
Q002135,S00303,7,84,2,2026-02-24
Q002136,S00303,8,94,1,2026-02-27
Q002137,S00303,9,93,1,2026-03-01
Q002138,S00303,10,89,1,2026-03-04
Q002139,S00304,1,70,1,2026-02-10
Q002140,S00304,2,64,2,2026-02-14
Q002141,S00304,3,60,3,2026-02-22
Q002142,S00304,4,57,3,2026-03-07
Q002143,S00304,5,54,1,2026-03-19
Q002144,S00304,6,51,2,2026-03-30
Q002145,S00305,1,75,2,2026-03-21
Q002146,S00305,2,77,2,2026-03-30
Q002147,S00305,3,71,3,2026-04-17
Q002148,S00307,1,82,1,2026-01-23
Q002149,S00307,2,77,1,2026-01-26
Q002150,S00307,3,66,1,2026-01-29
Q002151,S00307,4,72,2,2026-02-01
Q002152,S00307,5,81,2,2026-02-03
Q002153,S00307,6,74,2,2026-02-06
Q002154,S00307,7,73,2,2026-02-08
Q002155,S00307,8,76,1,2026-02-09
Q002156,S00307,9,69,2,2026-02-12
Q002157,S00307,10,71,2,2026-02-14
Q002158,S00308,1,77,1,2026-04-19
Q002159,S00308,2,86,2,2026-04-20
Q002160,S00308,3,72,2,2026-04-21
Q002161,S00308,4,77,1,2026-04-23
Q002162,S00308,5,87,2,2026-04-24
Q002163,S00308,6,84,1,2026-04-25
Q002164,S00308,7,89,2,2026-04-26
Q002165,S00308,8,77,2,2026-04-28
Q002166,S00308,9,90,2,2026-05-01
Q002167,S00308,10,88,1,2026-05-02
Q002168,S00309,1,71,2,2026-02-03
Q002169,S00309,2,72,3,2026-02-11
Q002170,S00309,3,67,1,2026-02-19
Q002171,S00309,4,71,1,2026-03-06
Q002172,S00310,1,76,1,2026-01-11
Q002173,S00310,2,77,2,2026-01-14
Q002174,S00310,3,84,1,2026-01-16
Q002175,S00310,4,75,1,2026-01-19
Q002176,S00310,5,91,2,2026-01-22
Q002177,S00310,6,79,2,2026-01-24
Q002178,S00310,7,91,2,2026-01-26
Q002179,S00310,8,80,1,2026-01-27
Q002180,S00310,9,81,1,2026-01-30
Q002181,S00310,10,74,2,2026-01-31
Q002182,S00311,1,79,1,2026-02-03
Q002183,S00311,2,73,1,2026-02-05
Q002184,S00311,3,69,1,2026-02-08
Q002185,S00311,4,79,1,2026-02-09
Q002186,S00311,5,76,2,2026-02-12
Q002187,S00311,6,64,1,2026-02-14
Q002188,S00311,7,62,1,2026-02-15
Q002189,S00311,8,62,1,2026-02-17
Q002190,S00311,9,60,1,2026-02-19
Q002191,S00311,10,77,1,2026-02-21
Q002192,S00312,1,68,2,2026-01-18
Q002193,S00312,2,70,1,2026-01-20
Q002194,S00312,3,80,1,2026-01-22
Q002195,S00312,4,72,1,2026-01-25
Q002196,S00312,5,83,2,2026-01-27
Q002197,S00312,6,68,1,2026-01-30
Q002198,S00312,7,81,1,2026-02-01
Q002199,S00312,8,73,2,2026-02-02
Q002200,S00312,9,77,2,2026-02-04
Q002201,S00312,10,77,2,2026-02-05
Q002202,S00313,1,76,2,2026-02-15
Q002203,S00313,2,61,1,2026-02-16
Q002204,S00313,3,69,2,2026-02-18
Q002205,S00313,4,77,1,2026-02-21
Q002206,S00313,5,77,1,2026-02-24
Q002207,S00313,6,65,2,2026-02-25
Q002208,S00313,7,72,1,2026-02-26
Q002209,S00313,8,66,1,2026-02-28
Q002210,S00313,9,63,2,2026-03-01
Q002211,S00313,10,74,1,2026-03-03
Q002212,S00315,1,82,1,2026-05-07
Q002213,S00315,2,78,1,2026-05-12
Q002214,S00315,3,72,2,2026-05-19
Q002215,S00315,4,77,3,2026-05-29
Q002216,S00315,5,69,1,2026-06-11
Q002217,S00316,1,65,1,2026-02-04
Q002218,S00316,2,70,3,2026-02-09
Q002219,S00316,3,65,3,2026-02-14
Q002220,S00316,4,57,1,2026-02-22
Q002221,S00316,5,57,3,2026-03-01
Q002222,S00316,6,54,1,2026-03-10
Q002223,S00316,7,43,1,2026-03-26
Q002224,S00316,8,41,3,2026-04-08
Q002225,S00317,1,78,2,2026-02-18
Q002226,S00317,2,79,2,2026-02-19
Q002227,S00317,3,91,2,2026-02-21
Q002228,S00317,4,82,1,2026-02-24
Q002229,S00317,5,79,2,2026-02-26
Q002230,S00317,6,92,2,2026-02-27
Q002231,S00317,7,87,2,2026-02-28
Q002232,S00317,8,96,2,2026-03-02
Q002233,S00317,9,81,1,2026-03-04
Q002234,S00317,10,78,2,2026-03-06
Q002235,S00318,1,81,1,2026-05-15
Q002236,S00318,2,83,1,2026-05-16
Q002237,S00318,3,82,2,2026-05-17
Q002238,S00318,4,93,1,2026-05-20
Q002239,S00318,5,85,1,2026-05-22
Q002240,S00318,6,89,1,2026-05-24
Q002241,S00318,7,91,2,2026-05-25
Q002242,S00318,8,92,2,2026-05-28
Q002243,S00318,9,81,1,2026-05-30
Q002244,S00318,10,92,1,2026-06-02
Q002245,S00319,1,72,2,2026-05-25
Q002246,S00319,2,79,2,2026-05-28
Q002247,S00319,3,74,2,2026-05-31
Q002248,S00319,4,74,2,2026-06-03
Q002249,S00319,5,63,1,2026-06-04
Q002250,S00319,6,62,2,2026-06-05
Q002251,S00319,7,69,1,2026-06-06
Q002252,S00319,8,62,2,2026-06-08
Q002253,S00319,9,67,1,2026-06-11
Q002254,S00319,10,66,2,2026-06-14
Q002255,S00320,1,94,2,2026-05-20
Q002256,S00320,2,89,2,2026-05-22
Q002257,S00320,3,91,2,2026-05-23
Q002258,S00320,4,86,2,2026-05-24
Q002259,S00320,5,93,1,2026-05-27
Q002260,S00320,6,96,1,2026-05-30
Q002261,S00320,7,91,1,2026-05-31
Q002262,S00320,8,96,1,2026-06-02
Q002263,S00320,9,87,1,2026-06-05
Q002264,S00320,10,92,1,2026-06-08
Q002265,S00321,1,87,1,2026-04-13
Q002266,S00321,2,90,2,2026-04-16
Q002267,S00321,3,91,1,2026-04-18
Q002268,S00321,4,76,2,2026-04-20
Q002269,S00321,5,94,1,2026-04-23
Q002270,S00321,6,83,1,2026-04-24
Q002271,S00321,7,79,2,2026-04-26
Q002272,S00321,8,81,1,2026-04-28
Q002273,S00321,9,86,1,2026-05-01
Q002274,S00321,10,89,2,2026-05-02
Q002275,S00322,1,59,2,2026-05-26
Q002276,S00322,2,58,2,2026-06-03
Q002277,S00322,3,61,2,2026-06-10
Q002278,S00322,4,60,1,2026-06-19
Q002279,S00322,5,48,1,2026-06-28
Q002280,S00323,1,84,1,2026-04-29
Q002281,S00323,2,80,1,2026-05-04
Q002282,S00323,3,74,2,2026-05-08
Q002283,S00323,4,77,3,2026-05-18
Q002284,S00323,5,73,3,2026-05-25
Q002285,S00323,6,72,2,2026-06-10
Q002286,S00324,1,84,1,2026-04-27
Q002287,S00324,2,83,1,2026-04-28
Q002288,S00324,3,88,1,2026-04-30
Q002289,S00324,4,83,2,2026-05-02
Q002290,S00324,5,75,1,2026-05-05
Q002291,S00324,6,85,2,2026-05-06
Q002292,S00324,7,75,1,2026-05-07
Q002293,S00324,8,83,2,2026-05-09
Q002294,S00324,9,91,2,2026-05-12
Q002295,S00324,10,87,1,2026-05-13
Q002296,S00326,1,71,2,2026-04-05
Q002297,S00326,2,67,2,2026-04-10
Q002298,S00326,3,71,3,2026-04-17
Q002299,S00326,4,66,3,2026-04-25
Q002300,S00326,5,65,2,2026-05-07
Q002301,S00326,6,54,3,2026-05-12
Q002302,S00326,7,54,1,2026-05-21
Q002303,S00326,8,46,1,2026-06-06
Q002304,S00327,1,62,3,2026-05-14
Q002305,S00327,2,61,2,2026-05-30
Q002306,S00328,1,62,3,2026-03-29
Q002307,S00328,2,65,3,2026-04-05
Q002308,S00328,3,60,3,2026-04-11
Q002309,S00328,4,61,2,2026-04-20
Q002310,S00328,5,60,3,2026-04-29
Q002311,S00328,6,44,3,2026-05-10
Q002312,S00328,7,59,2,2026-05-19
Q002313,S00328,8,43,3,2026-05-28
Q002314,S00329,1,78,2,2026-01-15
Q002315,S00329,2,71,2,2026-01-17
Q002316,S00329,3,69,2,2026-01-18
Q002317,S00329,4,68,2,2026-01-21
Q002318,S00329,5,79,1,2026-01-24
Q002319,S00329,6,84,1,2026-01-25
Q002320,S00329,7,71,1,2026-01-27
Q002321,S00329,8,69,2,2026-01-30
Q002322,S00329,9,76,2,2026-01-31
Q002323,S00329,10,75,2,2026-02-01
Q002324,S00330,1,82,1,2026-03-04
Q002325,S00330,2,94,1,2026-03-05
Q002326,S00330,3,98,1,2026-03-07
Q002327,S00330,4,93,2,2026-03-10
Q002328,S00330,5,93,2,2026-03-13
Q002329,S00330,6,97,1,2026-03-15
Q002330,S00330,7,93,2,2026-03-18
Q002331,S00330,8,89,1,2026-03-20
Q002332,S00330,9,84,2,2026-03-23
Q002333,S00330,10,90,1,2026-03-26
Q002334,S00331,1,87,1,2026-01-05
Q002335,S00331,2,81,1,2026-01-06
Q002336,S00331,3,81,2,2026-01-07
Q002337,S00331,4,71,1,2026-01-10
Q002338,S00331,5,80,1,2026-01-12
Q002339,S00331,6,73,1,2026-01-14
Q002340,S00331,7,84,2,2026-01-17
Q002341,S00331,8,78,2,2026-01-19
Q002342,S00331,9,73,2,2026-01-22
Q002343,S00331,10,74,1,2026-01-25
Q002344,S00332,1,81,1,2026-03-17
Q002345,S00332,2,76,1,2026-03-23
Q002346,S00332,3,74,2,2026-04-04
Q002347,S00332,4,73,1,2026-04-17
Q002348,S00333,1,71,2,2026-04-28
Q002349,S00333,2,68,2,2026-05-01
Q002350,S00333,3,75,1,2026-05-02
Q002351,S00333,4,83,1,2026-05-04
Q002352,S00333,5,67,2,2026-05-06
Q002353,S00333,6,75,1,2026-05-08
Q002354,S00333,7,72,2,2026-05-10
Q002355,S00333,8,73,1,2026-05-11
Q002356,S00333,9,76,2,2026-05-13
Q002357,S00333,10,72,2,2026-05-14
Q002358,S00334,1,77,2,2026-04-11
Q002359,S00334,2,76,1,2026-04-12
Q002360,S00334,3,76,2,2026-04-14
Q002361,S00334,4,85,2,2026-04-17
Q002362,S00334,5,76,1,2026-04-19
Q002363,S00334,6,83,1,2026-04-20
Q002364,S00334,7,82,1,2026-04-21
Q002365,S00334,8,84,2,2026-04-24
Q002366,S00334,9,93,2,2026-04-27
Q002367,S00334,10,76,1,2026-04-29
Q002368,S00335,1,80,2,2026-01-16
Q002369,S00335,2,73,2,2026-01-18
Q002370,S00335,3,76,2,2026-01-20
Q002371,S00335,4,86,2,2026-01-23
Q002372,S00335,5,71,1,2026-01-26
Q002373,S00335,6,72,1,2026-01-28
Q002374,S00335,7,68,1,2026-01-31
Q002375,S00335,8,84,2,2026-02-01
Q002376,S00335,9,71,2,2026-02-02
Q002377,S00335,10,78,2,2026-02-03
Q002378,S00336,1,73,1,2026-04-04
Q002379,S00336,2,77,1,2026-04-06
Q002380,S00336,3,79,2,2026-04-09
Q002381,S00336,4,75,2,2026-04-10
Q002382,S00336,5,66,2,2026-04-11
Q002383,S00336,6,76,2,2026-04-12
Q002384,S00336,7,69,2,2026-04-13
Q002385,S00336,8,64,1,2026-04-14
Q002386,S00336,9,71,2,2026-04-16
Q002387,S00336,10,62,2,2026-04-18
Q002388,S00337,1,51,1,2026-03-17
Q002389,S00337,2,55,1,2026-03-18
Q002390,S00338,1,62,2,2026-01-11
Q002391,S00338,2,69,1,2026-01-24
Q002392,S00339,1,59,1,2026-03-18
Q002393,S00339,2,75,2,2026-03-20
Q002394,S00339,3,67,1,2026-03-22
Q002395,S00339,4,59,1,2026-03-25
Q002396,S00339,5,60,1,2026-03-26
Q002397,S00339,6,70,2,2026-03-29
Q002398,S00339,7,72,1,2026-03-31
Q002399,S00339,8,68,2,2026-04-01
Q002400,S00339,9,76,1,2026-04-04
Q002401,S00339,10,74,2,2026-04-07
Q002402,S00340,1,70,2,2026-05-06
Q002403,S00340,2,71,1,2026-05-07
Q002404,S00340,3,77,1,2026-05-09
Q002405,S00340,4,76,2,2026-05-10
Q002406,S00340,5,69,1,2026-05-11
Q002407,S00340,6,62,2,2026-05-13
Q002408,S00340,7,62,1,2026-05-16
Q002409,S00340,8,63,1,2026-05-19
Q002410,S00340,9,80,1,2026-05-22
Q002411,S00340,10,66,1,2026-05-23
Q002412,S00341,1,73,1,2026-04-30
Q002413,S00341,2,75,2,2026-05-02
Q002414,S00341,3,86,2,2026-05-04
Q002415,S00341,4,81,2,2026-05-07
Q002416,S00341,5,79,1,2026-05-08
Q002417,S00341,6,69,1,2026-05-11
Q002418,S00341,7,86,1,2026-05-12
Q002419,S00341,8,82,1,2026-05-14
Q002420,S00341,9,72,2,2026-05-17
Q002421,S00341,10,70,2,2026-05-18
Q002422,S00342,1,66,2,2026-03-15
Q002423,S00342,2,73,1,2026-03-16
Q002424,S00342,3,73,1,2026-03-19
Q002425,S00342,4,74,2,2026-03-22
Q002426,S00342,5,75,1,2026-03-25
Q002427,S00342,6,68,1,2026-03-28
Q002428,S00342,7,73,1,2026-03-31
Q002429,S00342,8,73,2,2026-04-03
Q002430,S00342,9,69,1,2026-04-04
Q002431,S00342,10,57,2,2026-04-05
Q002432,S00343,1,76,1,2026-05-09
Q002433,S00343,2,74,2,2026-05-12
Q002434,S00343,3,78,2,2026-05-14
Q002435,S00343,4,82,1,2026-05-17
Q002436,S00343,5,78,1,2026-05-19
Q002437,S00343,6,70,1,2026-05-22
Q002438,S00343,7,86,2,2026-05-24
Q002439,S00343,8,84,2,2026-05-26
Q002440,S00343,9,71,1,2026-05-29
Q002441,S00343,10,73,2,2026-06-01
Q002442,S00344,1,74,1,2026-05-01
Q002443,S00344,2,65,1,2026-05-04
Q002444,S00344,3,71,2,2026-05-07
Q002445,S00344,4,58,2,2026-05-10
Q002446,S00344,5,59,2,2026-05-13
Q002447,S00344,6,58,1,2026-05-14
Q002448,S00344,7,76,2,2026-05-16
Q002449,S00344,8,70,2,2026-05-17
Q002450,S00344,9,72,1,2026-05-20
Q002451,S00344,10,71,1,2026-05-23
Q002452,S00345,1,81,1,2026-02-16
Q002453,S00345,2,78,1,2026-02-18
Q002454,S00345,3,88,1,2026-02-20
Q002455,S00345,4,87,2,2026-02-23
Q002456,S00345,5,83,2,2026-02-26
Q002457,S00345,6,84,1,2026-02-27
Q002458,S00345,7,87,1,2026-03-01
Q002459,S00345,8,94,2,2026-03-04
Q002460,S00345,9,80,2,2026-03-05
Q002461,S00345,10,79,1,2026-03-07
Q002462,S00346,1,68,1,2026-01-23
Q002463,S00346,2,63,3,2026-01-26
Q002464,S00346,3,69,3,2026-02-01
Q002465,S00346,4,65,3,2026-02-09
Q002466,S00346,5,56,3,2026-02-17
Q002467,S00346,6,56,3,2026-02-27
Q002468,S00346,7,52,1,2026-03-14
Q002469,S00346,8,60,3,2026-03-25
Q002470,S00347,1,82,1,2026-06-02
Q002471,S00347,2,78,1,2026-06-10
Q002472,S00348,1,84,2,2026-01-12
Q002473,S00348,2,80,2,2026-01-13
Q002474,S00348,3,88,2,2026-01-16
Q002475,S00348,4,85,1,2026-01-19
Q002476,S00348,5,82,1,2026-01-20
Q002477,S00348,6,85,2,2026-01-21
Q002478,S00348,7,93,2,2026-01-22
Q002479,S00348,8,76,2,2026-01-23
Q002480,S00348,9,94,1,2026-01-26
Q002481,S00348,10,77,1,2026-01-27
Q002482,S00349,1,77,1,2026-05-17
Q002483,S00349,2,68,2,2026-05-18
Q002484,S00349,3,68,2,2026-05-21
Q002485,S00349,4,80,1,2026-05-24
Q002486,S00349,5,72,1,2026-05-27
Q002487,S00349,6,80,1,2026-05-28
Q002488,S00349,7,72,2,2026-05-31
Q002489,S00349,8,70,1,2026-06-01
Q002490,S00349,9,74,2,2026-06-04
Q002491,S00349,10,74,1,2026-06-07
Q002492,S00350,1,76,2,2026-01-22
Q002493,S00350,2,73,1,2026-01-27
Q002494,S00350,3,73,1,2026-02-07
Q002495,S00350,4,63,2,2026-02-18
Q002496,S00351,1,75,1,2026-04-01
Q002497,S00351,2,69,1,2026-04-03
Q002498,S00351,3,80,1,2026-04-06
Q002499,S00351,4,80,2,2026-04-07
Q002500,S00351,5,70,1,2026-04-09
Q002501,S00351,6,86,1,2026-04-12
Q002502,S00351,7,70,1,2026-04-15
Q002503,S00351,8,68,2,2026-04-16
Q002504,S00351,9,85,1,2026-04-17
Q002505,S00351,10,86,2,2026-04-18
Q002506,S00353,1,68,2,2026-05-12
Q002507,S00353,2,67,2,2026-05-24
Q002508,S00353,3,63,3,2026-06-05
Q002509,S00354,1,91,2,2026-03-02
Q002510,S00354,2,75,1,2026-03-03
Q002511,S00354,3,85,1,2026-03-06
Q002512,S00354,4,91,1,2026-03-09
Q002513,S00354,5,80,1,2026-03-11
Q002514,S00354,6,87,2,2026-03-13
Q002515,S00354,7,77,2,2026-03-16
Q002516,S00354,8,89,2,2026-03-19
Q002517,S00354,9,90,1,2026-03-20
Q002518,S00354,10,86,2,2026-03-22
Q002519,S00355,1,94,2,2026-02-21
Q002520,S00355,2,78,2,2026-02-22
Q002521,S00355,3,90,1,2026-02-24
Q002522,S00355,4,92,1,2026-02-25
Q002523,S00355,5,87,2,2026-02-26
Q002524,S00355,6,82,2,2026-02-28
Q002525,S00355,7,81,1,2026-03-01
Q002526,S00355,8,93,2,2026-03-04
Q002527,S00355,9,94,1,2026-03-05
Q002528,S00355,10,78,1,2026-03-06
Q002529,S00356,1,85,1,2026-01-31
Q002530,S00356,2,86,3,2026-02-08
Q002531,S00357,1,74,2,2026-05-12
Q002532,S00357,2,82,2,2026-05-14
Q002533,S00357,3,90,2,2026-05-17
Q002534,S00357,4,87,2,2026-05-19
Q002535,S00357,5,87,1,2026-05-21
Q002536,S00357,6,79,1,2026-05-23
Q002537,S00357,7,92,1,2026-05-24
Q002538,S00357,8,81,2,2026-05-25
Q002539,S00357,9,83,2,2026-05-27
Q002540,S00357,10,77,2,2026-05-29
Q002541,S00358,1,74,3,2026-03-06
Q002542,S00358,2,70,1,2026-03-11
Q002543,S00358,3,73,3,2026-03-19
Q002544,S00358,4,66,2,2026-03-24
Q002545,S00358,5,63,1,2026-04-01
Q002546,S00358,6,68,1,2026-04-12
Q002547,S00358,7,56,2,2026-04-22
Q002548,S00358,8,49,1,2026-05-05
Q002549,S00360,1,60,2,2026-05-19
Q002550,S00360,2,60,2,2026-06-03
Q002551,S00361,1,66,2,2026-04-10
Q002552,S00361,2,63,2,2026-04-11
Q002553,S00361,3,72,1,2026-04-13
Q002554,S00361,4,72,2,2026-04-16
Q002555,S00361,5,60,2,2026-04-17
Q002556,S00361,6,70,1,2026-04-18
Q002557,S00361,7,66,2,2026-04-21
Q002558,S00361,8,67,2,2026-04-24
Q002559,S00361,9,57,1,2026-04-27
Q002560,S00361,10,62,1,2026-04-29
Q002561,S00362,1,63,3,2026-05-19
Q002562,S00362,2,63,3,2026-05-25
Q002563,S00362,3,61,2,2026-05-31
Q002564,S00362,4,63,3,2026-06-08
Q002565,S00362,5,64,2,2026-06-18
Q002566,S00362,6,59,1,2026-06-24
Q002567,S00362,7,43,1,2026-06-30
Q002568,S00362,8,43,3,2026-07-10
Q002569,S00363,1,73,2,2026-05-29
Q002570,S00363,2,84,2,2026-05-30
Q002571,S00363,3,79,1,2026-05-31
Q002572,S00363,4,72,2,2026-06-01
Q002573,S00363,5,87,2,2026-06-03
Q002574,S00363,6,73,1,2026-06-04
Q002575,S00363,7,87,1,2026-06-07
Q002576,S00363,8,84,2,2026-06-09
Q002577,S00363,9,79,2,2026-06-10
Q002578,S00363,10,80,1,2026-06-12
Q002579,S00364,1,84,2,2026-03-23
Q002580,S00364,2,76,1,2026-03-26
Q002581,S00364,3,66,2,2026-03-27
Q002582,S00364,4,70,1,2026-03-28
Q002583,S00364,5,71,1,2026-03-29
Q002584,S00364,6,79,2,2026-03-30
Q002585,S00364,7,81,2,2026-04-01
Q002586,S00364,8,81,1,2026-04-04
Q002587,S00364,9,74,2,2026-04-06
Q002588,S00364,10,72,1,2026-04-08
Q002589,S00366,1,68,1,2026-04-23
Q002590,S00366,2,62,1,2026-04-26
Q002591,S00366,3,71,2,2026-04-29
Q002592,S00366,4,65,2,2026-05-01
Q002593,S00366,5,74,1,2026-05-02
Q002594,S00366,6,68,1,2026-05-04
Q002595,S00366,7,63,1,2026-05-05
Q002596,S00366,8,60,1,2026-05-06
Q002597,S00366,9,58,1,2026-05-07
Q002598,S00366,10,68,1,2026-05-09
Q002599,S00367,1,75,1,2026-01-14
Q002600,S00368,1,49,1,2026-01-07
Q002601,S00369,1,65,2,2026-01-09
Q002602,S00369,2,76,1,2026-01-11
Q002603,S00369,3,77,2,2026-01-14
Q002604,S00369,4,66,1,2026-01-15
Q002605,S00369,5,74,1,2026-01-17
Q002606,S00369,6,74,1,2026-01-18
Q002607,S00369,7,59,2,2026-01-19
Q002608,S00369,8,73,1,2026-01-20
Q002609,S00369,9,65,1,2026-01-22
Q002610,S00369,10,69,1,2026-01-25
Q002611,S00370,1,68,1,2026-04-28
Q002612,S00370,2,74,2,2026-04-30
Q002613,S00370,3,73,1,2026-05-02
Q002614,S00370,4,75,2,2026-05-05
Q002615,S00370,5,70,1,2026-05-07
Q002616,S00370,6,84,1,2026-05-08
Q002617,S00370,7,72,2,2026-05-10
Q002618,S00370,8,66,2,2026-05-11
Q002619,S00370,9,73,1,2026-05-14
Q002620,S00370,10,74,1,2026-05-15
Q002621,S00371,1,76,2,2026-02-27
Q002622,S00371,2,72,2,2026-03-01
Q002623,S00371,3,77,1,2026-03-02
Q002624,S00371,4,63,1,2026-03-03
Q002625,S00371,5,79,2,2026-03-06
Q002626,S00371,6,65,2,2026-03-07
Q002627,S00371,7,64,2,2026-03-10
Q002628,S00371,8,69,2,2026-03-12
Q002629,S00371,9,74,2,2026-03-13
Q002630,S00371,10,67,1,2026-03-14
Q002631,S00372,1,73,2,2026-03-15
Q002632,S00372,2,63,2,2026-03-18
Q002633,S00372,3,63,1,2026-03-19
Q002634,S00372,4,76,1,2026-03-22
Q002635,S00372,5,79,2,2026-03-24
Q002636,S00372,6,66,1,2026-03-27
Q002637,S00372,7,74,2,2026-03-29
Q002638,S00372,8,74,1,2026-03-30
Q002639,S00372,9,70,2,2026-03-31
Q002640,S00372,10,78,1,2026-04-01
Q002641,S00373,1,70,2,2026-04-04
Q002642,S00373,2,80,2,2026-04-07
Q002643,S00373,3,67,2,2026-04-09
Q002644,S00373,4,79,1,2026-04-10
Q002645,S00373,5,68,1,2026-04-12
Q002646,S00373,6,75,2,2026-04-13
Q002647,S00373,7,62,1,2026-04-16
Q002648,S00373,8,61,2,2026-04-17
Q002649,S00373,9,65,1,2026-04-18
Q002650,S00373,10,65,2,2026-04-19
Q002651,S00374,1,67,3,2026-05-08
Q002652,S00374,2,64,2,2026-05-14
Q002653,S00374,3,64,1,2026-05-24
Q002654,S00374,4,60,2,2026-06-01
Q002655,S00374,5,57,3,2026-06-14
Q002656,S00374,6,52,2,2026-06-26
Q002657,S00375,1,72,2,2026-05-25
Q002658,S00375,2,83,1,2026-05-28
Q002659,S00375,3,85,1,2026-05-30
Q002660,S00375,4,79,1,2026-06-02
Q002661,S00375,5,67,2,2026-06-05
Q002662,S00375,6,76,1,2026-06-06
Q002663,S00375,7,75,2,2026-06-09
Q002664,S00375,8,69,2,2026-06-10
Q002665,S00375,9,73,1,2026-06-12
Q002666,S00375,10,68,2,2026-06-15
Q002667,S00376,1,76,2,2026-03-07
Q002668,S00376,2,76,1,2026-03-08
Q002669,S00376,3,75,2,2026-03-09
Q002670,S00376,4,78,2,2026-03-10
Q002671,S00376,5,71,2,2026-03-13
Q002672,S00376,6,75,2,2026-03-15
Q002673,S00376,7,71,2,2026-03-18
Q002674,S00376,8,73,1,2026-03-21
Q002675,S00376,9,79,1,2026-03-24
Q002676,S00376,10,88,2,2026-03-25
Q002677,S00377,1,72,3,2026-03-20
Q002678,S00377,2,71,2,2026-03-25
Q002679,S00377,3,67,1,2026-03-31
Q002680,S00377,4,61,2,2026-04-11
Q002681,S00377,5,61,1,2026-04-16
Q002682,S00377,6,63,1,2026-04-24
Q002683,S00377,7,58,2,2026-05-08
Q002684,S00378,1,87,1,2026-03-02
Q002685,S00378,2,77,2,2026-03-05
Q002686,S00378,3,89,2,2026-03-06
Q002687,S00378,4,73,1,2026-03-08
Q002688,S00378,5,83,1,2026-03-09
Q002689,S00378,6,72,1,2026-03-11
Q002690,S00378,7,75,1,2026-03-13
Q002691,S00378,8,77,1,2026-03-16
Q002692,S00378,9,72,1,2026-03-17
Q002693,S00378,10,74,1,2026-03-18
Q002694,S00379,1,75,1,2026-05-29
Q002695,S00379,2,83,2,2026-06-02
Q002696,S00379,3,80,2,2026-06-10
Q002697,S00379,4,73,1,2026-06-16
Q002698,S00379,5,68,3,2026-07-01
Q002699,S00379,6,62,1,2026-07-13
Q002700,S00380,1,87,1,2026-01-29
Q002701,S00380,2,82,1,2026-01-30
Q002702,S00380,3,85,2,2026-01-31
Q002703,S00380,4,80,1,2026-02-02
Q002704,S00380,5,78,1,2026-02-03
Q002705,S00380,6,83,2,2026-02-04
Q002706,S00380,7,85,1,2026-02-06
Q002707,S00380,8,88,2,2026-02-09
Q002708,S00380,9,76,2,2026-02-11
Q002709,S00380,10,87,1,2026-02-14
Q002710,S00381,1,70,2,2026-02-27
Q002711,S00381,2,61,1,2026-03-01
Q002712,S00381,3,61,2,2026-03-02
Q002713,S00381,4,64,1,2026-03-03
Q002714,S00381,5,65,1,2026-03-05
Q002715,S00381,6,69,1,2026-03-07
Q002716,S00381,7,74,1,2026-03-08
Q002717,S00381,8,72,1,2026-03-10
Q002718,S00381,9,61,2,2026-03-12
Q002719,S00381,10,70,1,2026-03-14
Q002720,S00382,1,66,3,2026-03-25
Q002721,S00382,2,68,2,2026-03-29
Q002722,S00382,3,64,2,2026-04-04
Q002723,S00382,4,62,2,2026-04-11
Q002724,S00382,5,67,1,2026-04-18
Q002725,S00382,6,55,3,2026-04-25
Q002726,S00382,7,55,2,2026-05-09
Q002727,S00383,1,61,3,2026-01-08
Q002728,S00383,2,56,2,2026-01-12
Q002729,S00383,3,50,1,2026-01-21
Q002730,S00383,4,54,2,2026-01-29
Q002731,S00383,5,50,1,2026-02-08
Q002732,S00384,1,62,1,2026-02-25
Q002733,S00384,2,67,1,2026-02-27
Q002734,S00385,1,68,2,2026-04-28
Q002735,S00385,2,64,1,2026-05-04
Q002736,S00385,3,57,3,2026-05-12
Q002737,S00385,4,66,3,2026-05-19
Q002738,S00386,1,72,2,2026-05-06
Q002739,S00386,2,73,1,2026-05-11
Q002740,S00386,3,68,2,2026-05-21
Q002741,S00386,4,69,2,2026-06-01
Q002742,S00387,1,90,2,2026-05-04
Q002743,S00387,2,86,1,2026-05-07
Q002744,S00387,3,84,1,2026-05-08
Q002745,S00387,4,98,1,2026-05-11
Q002746,S00387,5,81,2,2026-05-14
Q002747,S00387,6,86,1,2026-05-17
Q002748,S00387,7,95,2,2026-05-19
Q002749,S00387,8,92,2,2026-05-20
Q002750,S00387,9,94,2,2026-05-21
Q002751,S00387,10,89,2,2026-05-23
Q002752,S00388,1,75,2,2026-05-27
Q002753,S00388,2,78,1,2026-05-28
Q002754,S00388,3,78,2,2026-05-30
Q002755,S00388,4,83,1,2026-06-02
Q002756,S00388,5,74,1,2026-06-03
Q002757,S00388,6,86,1,2026-06-05
Q002758,S00388,7,88,1,2026-06-07
Q002759,S00388,8,86,1,2026-06-09
Q002760,S00388,9,86,1,2026-06-10
Q002761,S00388,10,77,2,2026-06-13
Q002762,S00389,1,81,1,2026-02-12
Q002763,S00389,2,87,2,2026-02-19
Q002764,S00389,3,75,3,2026-03-01
Q002765,S00389,4,72,1,2026-03-12
Q002766,S00390,1,67,2,2026-04-01
Q002767,S00390,2,65,3,2026-04-12
Q002768,S00392,1,75,2,2026-04-22
Q002769,S00392,2,63,1,2026-04-23
Q002770,S00392,3,69,1,2026-04-26
Q002771,S00392,4,60,1,2026-04-27
Q002772,S00392,5,66,2,2026-04-30
Q002773,S00392,6,74,1,2026-05-02
Q002774,S00392,7,69,1,2026-05-04
Q002775,S00392,8,71,2,2026-05-07
Q002776,S00392,9,65,2,2026-05-08
Q002777,S00392,10,70,1,2026-05-11
Q002778,S00393,1,76,1,2026-01-28
Q002779,S00393,2,71,1,2026-01-30
Q002780,S00393,3,60,1,2026-02-01
Q002781,S00393,4,63,1,2026-02-02
Q002782,S00393,5,62,1,2026-02-03
Q002783,S00393,6,66,2,2026-02-04
Q002784,S00393,7,77,1,2026-02-07
Q002785,S00393,8,65,1,2026-02-10
Q002786,S00393,9,58,1,2026-02-11
Q002787,S00393,10,72,1,2026-02-14
Q002788,S00394,1,63,3,2026-01-24
Q002789,S00394,2,61,3,2026-02-02
Q002790,S00394,3,62,2,2026-02-16
Q002791,S00395,1,73,2,2026-01-31
Q002792,S00395,2,67,1,2026-02-02
Q002793,S00395,3,80,2,2026-02-03
Q002794,S00395,4,75,1,2026-02-06
Q002795,S00395,5,65,2,2026-02-07
Q002796,S00395,6,79,2,2026-02-08
Q002797,S00395,7,81,1,2026-02-11
Q002798,S00395,8,74,2,2026-02-13
Q002799,S00395,9,82,1,2026-02-14
Q002800,S00395,10,65,1,2026-02-16
Q002801,S00396,1,47,1,2026-04-23
Q002802,S00396,2,51,1,2026-04-24
Q002803,S00398,1,91,1,2026-05-13
Q002804,S00398,2,93,2,2026-05-15
Q002805,S00398,3,80,2,2026-05-17
Q002806,S00398,4,86,1,2026-05-19
Q002807,S00398,5,88,1,2026-05-21
Q002808,S00398,6,96,1,2026-05-24
Q002809,S00398,7,81,2,2026-05-27
Q002810,S00398,8,92,1,2026-05-30
Q002811,S00398,9,97,2,2026-06-01
Q002812,S00398,10,95,1,2026-06-02
Q002813,S00399,1,88,2,2026-03-11
Q002814,S00399,2,83,3,2026-03-21
Q002815,S00399,3,82,3,2026-03-31
Q002816,S00399,4,78,1,2026-04-16
Q002817,S00400,1,67,2,2026-01-30
Q002818,S00400,2,69,3,2026-02-05
Q002819,S00400,3,73,3,2026-02-11
Q002820,S00400,4,65,1,2026-02-22
Q002821,S00400,5,59,2,2026-03-01
Q002822,S00401,1,73,1,2026-04-25
Q002823,S00401,2,79,1,2026-04-28
Q002824,S00401,3,72,2,2026-05-01
Q002825,S00401,4,76,2,2026-05-02
Q002826,S00401,5,72,1,2026-05-04
Q002827,S00401,6,71,2,2026-05-06
Q002828,S00401,7,76,1,2026-05-07
Q002829,S00401,8,77,1,2026-05-10
Q002830,S00401,9,81,2,2026-05-13
Q002831,S00401,10,77,1,2026-05-16
Q002832,S00402,1,58,1,2026-05-02
Q002833,S00403,1,73,2,2026-05-02
Q002834,S00403,2,71,2,2026-05-05
Q002835,S00403,3,82,1,2026-05-08
Q002836,S00403,4,84,1,2026-05-09
Q002837,S00403,5,88,2,2026-05-12
Q002838,S00403,6,72,1,2026-05-14
Q002839,S00403,7,88,2,2026-05-16
Q002840,S00403,8,71,1,2026-05-17
Q002841,S00403,9,77,1,2026-05-18
Q002842,S00403,10,81,1,2026-05-20
Q002843,S00404,1,68,2,2026-03-20
Q002844,S00404,2,60,1,2026-03-26
Q002845,S00404,3,69,1,2026-04-09
Q002846,S00405,1,75,2,2026-01-09
Q002847,S00405,2,85,1,2026-01-11
Q002848,S00405,3,79,2,2026-01-14
Q002849,S00405,4,73,2,2026-01-16
Q002850,S00405,5,80,1,2026-01-19
Q002851,S00405,6,81,1,2026-01-20
Q002852,S00405,7,80,1,2026-01-23
Q002853,S00405,8,72,1,2026-01-25
Q002854,S00405,9,80,2,2026-01-26
Q002855,S00405,10,82,2,2026-01-27
Q002856,S00406,1,64,1,2026-01-12
Q002857,S00406,2,65,1,2026-01-13
Q002858,S00407,1,69,1,2026-01-10
Q002859,S00407,2,69,1,2026-01-13
Q002860,S00407,3,67,2,2026-01-15
Q002861,S00407,4,63,2,2026-01-18
Q002862,S00407,5,61,2,2026-01-19
Q002863,S00407,6,71,1,2026-01-20
Q002864,S00407,7,67,2,2026-01-23
Q002865,S00407,8,76,1,2026-01-25
Q002866,S00407,9,65,2,2026-01-28
Q002867,S00407,10,74,1,2026-01-31
Q002868,S00408,1,81,2,2026-04-18
Q002869,S00408,2,82,2,2026-04-19
Q002870,S00408,3,76,1,2026-04-21
Q002871,S00408,4,80,2,2026-04-23
Q002872,S00408,5,73,2,2026-04-26
Q002873,S00408,6,79,1,2026-04-29
Q002874,S00408,7,85,2,2026-05-01
Q002875,S00408,8,86,1,2026-05-04
Q002876,S00408,9,84,1,2026-05-05
Q002877,S00408,10,89,2,2026-05-06
Q002878,S00409,1,69,1,2026-05-07
Q002879,S00409,2,73,1,2026-05-08
Q002880,S00410,1,87,2,2026-01-17
Q002881,S00410,2,86,2,2026-01-19
Q002882,S00410,3,89,2,2026-01-21
Q002883,S00410,4,93,2,2026-01-23
Q002884,S00410,5,81,1,2026-01-25
Q002885,S00410,6,90,1,2026-01-26
Q002886,S00410,7,84,2,2026-01-27
Q002887,S00410,8,95,2,2026-01-30
Q002888,S00410,9,77,1,2026-02-02
Q002889,S00410,10,84,1,2026-02-05
Q002890,S00411,1,78,1,2026-01-10
Q002891,S00411,2,83,2,2026-01-11
Q002892,S00411,3,66,2,2026-01-13
Q002893,S00411,4,68,2,2026-01-14
Q002894,S00411,5,76,2,2026-01-17
Q002895,S00411,6,74,1,2026-01-18
Q002896,S00411,7,80,2,2026-01-19
Q002897,S00411,8,64,2,2026-01-21
Q002898,S00411,9,72,1,2026-01-22
Q002899,S00411,10,69,2,2026-01-23
Q002900,S00412,1,47,1,2026-04-13
Q002901,S00413,1,63,1,2026-01-02
Q002902,S00414,1,77,3,2026-05-24
Q002903,S00414,2,68,3,2026-06-06
Q002904,S00414,3,67,1,2026-06-23
Q002905,S00415,1,70,2,2026-06-03
Q002906,S00415,2,71,1,2026-06-08
Q002907,S00415,3,65,3,2026-06-13
Q002908,S00415,4,64,2,2026-06-20
Q002909,S00415,5,59,3,2026-06-27
Q002910,S00415,6,56,2,2026-07-09
Q002911,S00415,7,49,2,2026-07-17
Q002912,S00415,8,54,1,2026-07-26
Q002913,S00416,1,69,2,2026-05-02
Q002914,S00416,2,75,2,2026-05-05
Q002915,S00416,3,74,2,2026-05-06
Q002916,S00416,4,65,1,2026-05-08
Q002917,S00416,5,68,1,2026-05-10
Q002918,S00416,6,68,2,2026-05-12
Q002919,S00416,7,75,2,2026-05-15
Q002920,S00416,8,79,1,2026-05-16
Q002921,S00416,9,64,1,2026-05-19
Q002922,S00416,10,79,1,2026-05-20
Q002923,S00417,1,69,2,2026-03-23
Q002924,S00417,2,69,2,2026-03-24
Q002925,S00417,3,79,2,2026-03-25
Q002926,S00417,4,69,1,2026-03-26
Q002927,S00417,5,66,1,2026-03-29
Q002928,S00417,6,61,1,2026-04-01
Q002929,S00417,7,71,1,2026-04-04
Q002930,S00417,8,63,1,2026-04-07
Q002931,S00417,9,67,2,2026-04-10
Q002932,S00417,10,64,1,2026-04-12
Q002933,S00418,1,81,2,2026-03-04
Q002934,S00418,2,86,2,2026-03-07
Q002935,S00418,3,89,1,2026-03-08
Q002936,S00418,4,80,1,2026-03-09
Q002937,S00418,5,80,2,2026-03-10
Q002938,S00418,6,77,1,2026-03-11
Q002939,S00418,7,84,2,2026-03-13
Q002940,S00418,8,83,2,2026-03-14
Q002941,S00418,9,89,2,2026-03-17
Q002942,S00418,10,91,1,2026-03-18
Q002943,S00419,1,76,1,2026-04-22
Q002944,S00419,2,71,1,2026-04-29
Q002945,S00419,3,68,3,2026-05-06
Q002946,S00419,4,58,2,2026-05-15
Q002947,S00419,5,67,2,2026-05-28
Q002948,S00420,1,76,1,2026-02-03
Q002949,S00420,2,79,1,2026-02-13
Q002950,S00420,3,72,3,2026-02-25
Q002951,S00421,1,69,3,2026-01-27
Q002952,S00421,2,67,1,2026-02-01
Q002953,S00421,3,61,1,2026-02-13
Q002954,S00421,4,63,2,2026-03-01
Q002955,S00422,1,80,2,2026-03-08
Q002956,S00422,2,87,3,2026-03-14
Q002957,S00422,3,76,1,2026-03-21
Q002958,S00422,4,71,2,2026-03-31
Q002959,S00422,5,71,3,2026-04-07
Q002960,S00423,1,86,1,2026-01-23
Q002961,S00423,2,87,1,2026-01-25
Q002962,S00423,3,75,1,2026-01-28
Q002963,S00423,4,88,1,2026-01-31
Q002964,S00423,5,72,2,2026-02-02
Q002965,S00423,6,75,2,2026-02-03
Q002966,S00423,7,81,2,2026-02-06
Q002967,S00423,8,78,2,2026-02-07
Q002968,S00423,9,74,2,2026-02-09
Q002969,S00423,10,79,1,2026-02-10
Q002970,S00424,1,77,2,2026-02-04
Q002971,S00424,2,59,2,2026-02-06
Q002972,S00424,3,74,2,2026-02-09
Q002973,S00424,4,69,2,2026-02-10
Q002974,S00424,5,71,2,2026-02-12
Q002975,S00424,6,67,2,2026-02-13
Q002976,S00424,7,71,2,2026-02-15
Q002977,S00424,8,75,2,2026-02-17
Q002978,S00424,9,73,2,2026-02-18
Q002979,S00424,10,72,2,2026-02-21
Q002980,S00425,1,63,1,2026-01-21
Q002981,S00425,2,62,2,2026-01-23
Q002982,S00425,3,75,2,2026-01-26
Q002983,S00425,4,71,1,2026-01-28
Q002984,S00425,5,62,1,2026-01-29
Q002985,S00425,6,67,2,2026-02-01
Q002986,S00425,7,71,1,2026-02-02
Q002987,S00425,8,58,2,2026-02-03
Q002988,S00425,9,62,1,2026-02-04
Q002989,S00425,10,67,2,2026-02-07
Q002990,S00426,1,75,1,2026-04-22
Q002991,S00426,2,75,2,2026-04-23
Q002992,S00426,3,68,2,2026-04-26
Q002993,S00426,4,79,2,2026-04-27
Q002994,S00426,5,80,2,2026-04-29
Q002995,S00426,6,81,2,2026-04-30
Q002996,S00426,7,72,1,2026-05-03
Q002997,S00426,8,73,2,2026-05-04
Q002998,S00426,9,84,1,2026-05-07
Q002999,S00426,10,82,2,2026-05-08
Q003000,S00427,1,74,1,2026-04-10
Q003001,S00427,2,83,1,2026-04-12
Q003002,S00427,3,84,1,2026-04-13
Q003003,S00427,4,79,2,2026-04-16
Q003004,S00427,5,92,2,2026-04-17
Q003005,S00427,6,76,2,2026-04-20
Q003006,S00427,7,80,2,2026-04-23
Q003007,S00427,8,79,1,2026-04-24
Q003008,S00427,9,87,1,2026-04-27
Q003009,S00427,10,75,1,2026-04-29
Q003010,S00428,1,62,1,2026-01-02
Q003011,S00429,1,83,1,2026-04-04
Q003012,S00429,2,80,2,2026-04-05
Q003013,S00429,3,85,2,2026-04-08
Q003014,S00429,4,77,2,2026-04-10
Q003015,S00429,5,82,1,2026-04-12
Q003016,S00429,6,93,2,2026-04-13
Q003017,S00429,7,89,2,2026-04-15
Q003018,S00429,8,91,2,2026-04-17
Q003019,S00429,9,88,1,2026-04-20
Q003020,S00429,10,80,1,2026-04-21
Q003021,S00430,1,80,2,2026-02-05
Q003022,S00430,2,89,2,2026-02-08
Q003023,S00430,3,90,2,2026-02-10
Q003024,S00430,4,83,2,2026-02-12
Q003025,S00430,5,91,2,2026-02-14
Q003026,S00430,6,95,2,2026-02-16
Q003027,S00430,7,85,1,2026-02-18
Q003028,S00430,8,92,2,2026-02-21
Q003029,S00430,9,93,2,2026-02-23
Q003030,S00430,10,80,2,2026-02-26
Q003031,S00431,1,81,2,2026-05-26
Q003032,S00431,2,74,2,2026-05-29
Q003033,S00431,3,88,2,2026-05-30
Q003034,S00431,4,70,1,2026-05-31
Q003035,S00431,5,82,1,2026-06-01
Q003036,S00431,6,71,1,2026-06-03
Q003037,S00431,7,88,2,2026-06-05
Q003038,S00431,8,88,1,2026-06-08
Q003039,S00431,9,85,1,2026-06-11
Q003040,S00431,10,82,2,2026-06-14
Q003041,S00432,1,69,2,2026-05-18
Q003042,S00432,2,65,3,2026-05-25
Q003043,S00432,3,64,1,2026-06-04
Q003044,S00432,4,64,3,2026-06-16
Q003045,S00432,5,62,2,2026-07-02
Q003046,S00433,1,80,2,2026-01-16
Q003047,S00433,2,76,3,2026-01-23
Q003048,S00433,3,73,1,2026-02-02
Q003049,S00434,1,76,1,2026-01-09
Q003050,S00434,2,71,2,2026-01-11
Q003051,S00434,3,69,1,2026-01-14
Q003052,S00434,4,58,2,2026-01-15
Q003053,S00434,5,59,2,2026-01-18
Q003054,S00434,6,76,1,2026-01-21
Q003055,S00434,7,70,2,2026-01-23
Q003056,S00434,8,66,2,2026-01-26
Q003057,S00434,9,58,1,2026-01-29
Q003058,S00434,10,74,1,2026-01-31
Q003059,S00435,1,87,1,2026-01-12
Q003060,S00435,2,77,1,2026-01-15
Q003061,S00435,3,80,1,2026-01-17
Q003062,S00435,4,80,1,2026-01-20
Q003063,S00435,5,91,1,2026-01-22
Q003064,S00435,6,92,2,2026-01-25
Q003065,S00435,7,81,1,2026-01-26
Q003066,S00435,8,78,2,2026-01-27
Q003067,S00435,9,77,2,2026-01-29
Q003068,S00435,10,80,1,2026-02-01
Q003069,S00436,1,70,1,2026-04-09
Q003070,S00436,2,69,1,2026-04-23
Q003071,S00437,1,87,1,2026-02-03
Q003072,S00437,2,86,2,2026-02-04
Q003073,S00437,3,92,1,2026-02-06
Q003074,S00437,4,97,1,2026-02-09
Q003075,S00437,5,91,2,2026-02-11
Q003076,S00437,6,90,1,2026-02-13
Q003077,S00437,7,82,1,2026-02-16
Q003078,S00437,8,81,2,2026-02-19
Q003079,S00437,9,83,2,2026-02-20
Q003080,S00437,10,81,2,2026-02-23
Q003081,S00438,1,72,3,2026-02-20
Q003082,S00438,2,75,3,2026-02-27
Q003083,S00438,3,71,1,2026-03-04
Q003084,S00438,4,64,1,2026-03-12
Q003085,S00438,5,67,3,2026-03-26
Q003086,S00438,6,68,3,2026-04-02
Q003087,S00438,7,58,3,2026-04-15
Q003088,S00439,1,61,2,2026-02-28
Q003089,S00439,2,62,2,2026-03-04
Q003090,S00439,3,61,1,2026-03-08
Q003091,S00439,4,52,1,2026-03-16
Q003092,S00439,5,56,2,2026-03-24
Q003093,S00439,6,58,2,2026-04-01
Q003094,S00439,7,40,1,2026-04-15
Q003095,S00439,8,46,1,2026-05-01
Q003096,S00440,1,96,1,2026-02-14
Q003097,S00440,2,88,2,2026-02-15
Q003098,S00440,3,80,1,2026-02-17
Q003099,S00440,4,96,2,2026-02-19
Q003100,S00440,5,80,2,2026-02-20
Q003101,S00440,6,97,1,2026-02-22
Q003102,S00440,7,98,2,2026-02-23
Q003103,S00440,8,91,1,2026-02-25
Q003104,S00440,9,97,1,2026-02-26
Q003105,S00440,10,86,2,2026-02-28
Q003106,S00441,1,93,1,2026-02-20
Q003107,S00441,2,86,2,2026-02-23
Q003108,S00441,3,87,1,2026-02-24
Q003109,S00441,4,92,1,2026-02-27
Q003110,S00441,5,96,1,2026-02-28
Q003111,S00441,6,85,2,2026-03-03
Q003112,S00441,7,80,2,2026-03-04
Q003113,S00441,8,84,2,2026-03-06
Q003114,S00441,9,92,2,2026-03-08
Q003115,S00441,10,87,2,2026-03-11
Q003116,S00442,1,66,1,2026-03-12
Q003117,S00442,2,52,1,2026-03-13
Q003118,S00443,1,77,2,2026-02-13
Q003119,S00443,2,86,1,2026-02-15
Q003120,S00443,3,75,1,2026-02-17
Q003121,S00443,4,87,2,2026-02-20
Q003122,S00443,5,73,2,2026-02-21
Q003123,S00443,6,86,2,2026-02-24
Q003124,S00443,7,78,1,2026-02-27
Q003125,S00443,8,76,1,2026-02-28
Q003126,S00443,9,82,1,2026-03-01
Q003127,S00443,10,87,1,2026-03-04
Q003128,S00444,1,76,2,2026-05-13
Q003129,S00444,2,84,1,2026-05-16
Q003130,S00444,3,92,2,2026-05-18
Q003131,S00444,4,92,2,2026-05-20
Q003132,S00444,5,92,1,2026-05-21
Q003133,S00444,6,84,1,2026-05-24
Q003134,S00444,7,84,2,2026-05-25
Q003135,S00444,8,79,2,2026-05-28
Q003136,S00444,9,80,2,2026-05-29
Q003137,S00444,10,79,1,2026-05-30
Q003138,S00445,1,62,1,2026-01-17
Q003139,S00445,2,61,1,2026-01-21
Q003140,S00445,3,54,2,2026-01-26
Q003141,S00445,4,50,2,2026-02-05
Q003142,S00445,5,54,3,2026-02-10
Q003143,S00445,6,57,3,2026-02-17
Q003144,S00445,7,46,3,2026-03-04
Q003145,S00445,8,44,3,2026-03-20
Q003146,S00446,1,57,1,2026-05-21
Q003147,S00448,1,64,1,2026-03-28
Q003148,S00448,2,56,2,2026-04-02
Q003149,S00448,3,59,2,2026-04-13
Q003150,S00448,4,56,2,2026-04-20
Q003151,S00449,1,95,2,2026-05-09
Q003152,S00449,2,84,2,2026-05-10
Q003153,S00449,3,90,1,2026-05-12
Q003154,S00449,4,98,2,2026-05-14
Q003155,S00449,5,94,2,2026-05-17
Q003156,S00449,6,89,2,2026-05-19
Q003157,S00449,7,97,1,2026-05-22
Q003158,S00449,8,83,1,2026-05-25
Q003159,S00449,9,84,1,2026-05-27
Q003160,S00449,10,97,2,2026-05-30
Q003161,S00450,1,83,2,2026-01-26
Q003162,S00450,2,92,2,2026-01-28
Q003163,S00450,3,73,1,2026-01-31
Q003164,S00450,4,81,1,2026-02-03
Q003165,S00450,5,90,2,2026-02-05
Q003166,S00450,6,87,2,2026-02-07
Q003167,S00450,7,89,1,2026-02-08
Q003168,S00450,8,75,2,2026-02-10
Q003169,S00450,9,89,1,2026-02-13
Q003170,S00450,10,81,2,2026-02-14
Q003171,S00451,1,63,2,2026-03-09
Q003172,S00451,2,56,2,2026-03-15
Q003173,S00451,3,57,3,2026-03-27
Q003174,S00451,4,53,1,2026-04-06
Q003175,S00452,1,81,1,2026-05-17
Q003176,S00452,2,80,1,2026-05-25
Q003177,S00452,3,81,1,2026-06-05
Q003178,S00453,1,61,2,2026-05-13
Q003179,S00453,2,70,2,2026-05-16
Q003180,S00453,3,67,2,2026-05-18
Q003181,S00453,4,61,2,2026-05-20
Q003182,S00453,5,63,1,2026-05-22
Q003183,S00453,6,69,2,2026-05-24
Q003184,S00453,7,70,1,2026-05-26
Q003185,S00453,8,77,1,2026-05-27
Q003186,S00453,9,59,1,2026-05-29
Q003187,S00453,10,62,1,2026-06-01
Q003188,S00454,1,66,1,2026-01-25
Q003189,S00455,1,67,2,2026-03-31
Q003190,S00455,2,74,2,2026-04-02
Q003191,S00455,3,75,2,2026-04-04
Q003192,S00455,4,61,1,2026-04-07
Q003193,S00455,5,63,1,2026-04-10
Q003194,S00455,6,62,1,2026-04-13
Q003195,S00455,7,62,1,2026-04-16
Q003196,S00455,8,70,2,2026-04-17
Q003197,S00455,9,74,1,2026-04-20
Q003198,S00455,10,66,1,2026-04-21
Q003199,S00456,1,60,2,2026-04-18
Q003200,S00456,2,75,2,2026-04-20
Q003201,S00456,3,64,1,2026-04-22
Q003202,S00456,4,60,2,2026-04-25
Q003203,S00456,5,61,2,2026-04-27
Q003204,S00456,6,59,2,2026-04-28
Q003205,S00456,7,62,2,2026-04-30
Q003206,S00456,8,73,1,2026-05-03
Q003207,S00456,9,73,2,2026-05-05
Q003208,S00456,10,63,1,2026-05-06
Q003209,S00457,1,78,1,2026-06-01
Q003210,S00457,2,74,2,2026-06-04
Q003211,S00457,3,67,1,2026-06-07
Q003212,S00457,4,79,2,2026-06-09
Q003213,S00457,5,64,1,2026-06-11
Q003214,S00457,6,68,1,2026-06-14
Q003215,S00457,7,63,2,2026-06-15
Q003216,S00457,8,76,1,2026-06-16
Q003217,S00457,9,62,1,2026-06-18
Q003218,S00457,10,75,1,2026-06-20
Q003219,S00458,1,70,1,2026-03-03
Q003220,S00458,2,67,2,2026-03-05
Q003221,S00458,3,75,1,2026-03-07
Q003222,S00458,4,80,1,2026-03-08
Q003223,S00458,5,71,2,2026-03-09
Q003224,S00458,6,66,1,2026-03-11
Q003225,S00458,7,78,1,2026-03-12
Q003226,S00458,8,75,2,2026-03-13
Q003227,S00458,9,80,2,2026-03-16
Q003228,S00458,10,83,1,2026-03-17
Q003229,S00459,1,66,2,2026-04-03
Q003230,S00459,2,74,1,2026-04-05
Q003231,S00459,3,77,2,2026-04-07
Q003232,S00459,4,81,2,2026-04-10
Q003233,S00459,5,76,1,2026-04-13
Q003234,S00459,6,75,1,2026-04-15
Q003235,S00459,7,70,2,2026-04-17
Q003236,S00459,8,83,1,2026-04-20
Q003237,S00459,9,75,1,2026-04-22
Q003238,S00459,10,84,1,2026-04-25
Q003239,S00460,1,83,1,2026-01-30
Q003240,S00460,2,83,2,2026-01-31
Q003241,S00460,3,79,2,2026-02-02
Q003242,S00460,4,95,1,2026-02-05
Q003243,S00460,5,92,1,2026-02-07
Q003244,S00460,6,81,1,2026-02-08
Q003245,S00460,7,76,1,2026-02-11
Q003246,S00460,8,94,1,2026-02-13
Q003247,S00460,9,86,2,2026-02-14
Q003248,S00460,10,89,1,2026-02-17
Q003249,S00461,1,82,2,2026-05-28
Q003250,S00461,2,87,2,2026-05-30
Q003251,S00461,3,95,2,2026-06-01
Q003252,S00461,4,88,2,2026-06-03
Q003253,S00461,5,82,1,2026-06-06
Q003254,S00461,6,80,2,2026-06-09
Q003255,S00461,7,85,1,2026-06-12
Q003256,S00461,8,84,2,2026-06-14
Q003257,S00461,9,84,1,2026-06-15
Q003258,S00461,10,82,1,2026-06-17
Q003259,S00462,1,78,1,2026-04-26
Q003260,S00462,2,78,2,2026-05-02
Q003261,S00462,3,68,2,2026-05-11
Q003262,S00462,4,70,3,2026-05-23
Q003263,S00462,5,68,2,2026-06-07
Q003264,S00463,1,88,2,2026-02-15
Q003265,S00463,2,86,2,2026-02-22
Q003266,S00463,3,76,2,2026-02-26
Q003267,S00463,4,79,3,2026-03-07
Q003268,S00463,5,67,3,2026-03-21
Q003269,S00463,6,73,2,2026-03-28
Q003270,S00464,1,76,1,2026-01-24
Q003271,S00464,2,82,3,2026-02-07
Q003272,S00465,1,65,1,2026-01-24
Q003273,S00465,2,61,1,2026-01-26
Q003274,S00466,1,79,1,2026-04-16
Q003275,S00466,2,65,1,2026-04-19
Q003276,S00466,3,68,1,2026-04-22
Q003277,S00466,4,65,2,2026-04-25
Q003278,S00466,5,77,2,2026-04-27
Q003279,S00466,6,66,2,2026-04-29
Q003280,S00466,7,72,1,2026-05-01
Q003281,S00466,8,76,1,2026-05-02
Q003282,S00466,9,78,1,2026-05-03
Q003283,S00466,10,76,1,2026-05-06
Q003284,S00467,1,77,2,2026-02-28
Q003285,S00467,2,79,1,2026-03-02
Q003286,S00467,3,61,1,2026-03-04
Q003287,S00467,4,66,1,2026-03-05
Q003288,S00467,5,69,2,2026-03-08
Q003289,S00467,6,61,2,2026-03-11
Q003290,S00467,7,64,2,2026-03-12
Q003291,S00467,8,71,1,2026-03-14
Q003292,S00467,9,78,1,2026-03-17
Q003293,S00467,10,77,2,2026-03-18
Q003294,S00468,1,60,1,2026-03-19
Q003295,S00469,1,90,2,2026-04-19
Q003296,S00469,2,75,1,2026-04-20
Q003297,S00469,3,76,2,2026-04-21
Q003298,S00469,4,81,1,2026-04-22
Q003299,S00469,5,78,2,2026-04-24
Q003300,S00469,6,82,1,2026-04-27
Q003301,S00469,7,85,2,2026-04-29
Q003302,S00469,8,77,2,2026-04-30
Q003303,S00469,9,79,1,2026-05-03
Q003304,S00469,10,74,1,2026-05-05
Q003305,S00470,1,67,1,2026-05-06
Q003306,S00471,1,88,1,2026-02-26
Q003307,S00471,2,94,2,2026-03-01
Q003308,S00471,3,88,1,2026-03-02
Q003309,S00471,4,78,1,2026-03-03
Q003310,S00471,5,83,1,2026-03-06
Q003311,S00471,6,81,1,2026-03-07
Q003312,S00471,7,78,2,2026-03-09
Q003313,S00471,8,92,2,2026-03-10
Q003314,S00471,9,90,2,2026-03-11
Q003315,S00471,10,84,2,2026-03-12
Q003316,S00472,1,68,1,2026-04-28
Q003317,S00472,2,66,1,2026-04-29
Q003318,S00473,1,76,2,2026-05-26
Q003319,S00473,2,63,2,2026-05-27
Q003320,S00473,3,66,1,2026-05-29
Q003321,S00473,4,68,1,2026-05-30
Q003322,S00473,5,68,2,2026-05-31
Q003323,S00473,6,67,2,2026-06-03
Q003324,S00473,7,80,1,2026-06-06
Q003325,S00473,8,73,1,2026-06-09
Q003326,S00473,9,71,2,2026-06-11
Q003327,S00473,10,73,2,2026-06-14
Q003328,S00475,1,74,1,2026-05-05
Q003329,S00475,2,78,2,2026-05-08
Q003330,S00475,3,70,2,2026-05-11
Q003331,S00475,4,68,2,2026-05-12
Q003332,S00475,5,82,1,2026-05-15
Q003333,S00475,6,79,1,2026-05-16
Q003334,S00475,7,70,2,2026-05-19
Q003335,S00475,8,77,1,2026-05-21
Q003336,S00475,9,80,2,2026-05-24
Q003337,S00475,10,69,1,2026-05-26
Q003338,S00476,1,58,1,2026-02-05
Q003339,S00477,1,80,2,2026-03-15
Q003340,S00477,2,83,1,2026-03-16
Q003341,S00477,3,82,2,2026-03-19
Q003342,S00477,4,83,1,2026-03-22
Q003343,S00477,5,92,2,2026-03-25
Q003344,S00477,6,86,1,2026-03-26
Q003345,S00477,7,87,2,2026-03-28
Q003346,S00477,8,75,1,2026-03-31
Q003347,S00477,9,83,2,2026-04-02
Q003348,S00477,10,87,1,2026-04-03
Q003349,S00478,1,73,3,2026-03-02
Q003350,S00478,2,73,1,2026-03-07
Q003351,S00478,3,74,1,2026-03-16
Q003352,S00478,4,70,3,2026-03-21
Q003353,S00478,5,69,2,2026-03-26
Q003354,S00478,6,70,2,2026-04-01
Q003355,S00478,7,62,3,2026-04-16
Q003356,S00479,1,55,1,2026-03-19
Q003357,S00479,2,47,1,2026-03-20
Q003358,S00480,1,76,2,2026-04-13
Q003359,S00480,2,63,2,2026-04-16
Q003360,S00480,3,63,1,2026-04-17
Q003361,S00480,4,69,1,2026-04-19
Q003362,S00480,5,71,2,2026-04-20
Q003363,S00480,6,76,1,2026-04-21
Q003364,S00480,7,61,2,2026-04-22
Q003365,S00480,8,68,2,2026-04-24
Q003366,S00480,9,78,2,2026-04-27
Q003367,S00480,10,69,1,2026-04-30
Q003368,S00481,1,73,2,2026-05-01
Q003369,S00481,2,66,3,2026-05-06
Q003370,S00481,3,60,2,2026-05-13
Q003371,S00481,4,69,2,2026-05-27
Q003372,S00481,5,63,1,2026-06-10
Q003373,S00482,1,85,2,2026-05-19
Q003374,S00482,2,80,2,2026-05-27
Q003375,S00483,1,76,2,2026-04-09
Q003376,S00483,2,83,2,2026-04-11
Q003377,S00483,3,84,1,2026-04-12
Q003378,S00483,4,84,1,2026-04-14
Q003379,S00483,5,89,2,2026-04-15
Q003380,S00483,6,75,1,2026-04-17
Q003381,S00483,7,87,2,2026-04-19
Q003382,S00483,8,84,2,2026-04-20
Q003383,S00483,9,86,1,2026-04-22
Q003384,S00483,10,87,1,2026-04-25
Q003385,S00484,1,64,1,2026-04-25
Q003386,S00484,2,63,3,2026-05-02
Q003387,S00484,3,58,2,2026-05-11
Q003388,S00484,4,58,3,2026-05-18
Q003389,S00484,5,62,3,2026-05-25
Q003390,S00484,6,55,2,2026-06-02
Q003391,S00484,7,46,2,2026-06-17
Q003392,S00485,1,83,1,2026-04-12
Q003393,S00485,2,72,2,2026-04-18
Q003394,S00485,3,77,2,2026-04-29
Q003395,S00485,4,69,1,2026-05-11
Q003396,S00486,1,52,1,2026-04-10
Q003397,S00486,2,53,1,2026-04-12
Q003398,S00487,1,85,2,2026-04-19
Q003399,S00487,2,79,2,2026-04-22
Q003400,S00487,3,88,1,2026-04-24
Q003401,S00487,4,87,1,2026-04-25
Q003402,S00487,5,78,1,2026-04-26
Q003403,S00487,6,81,2,2026-04-29
Q003404,S00487,7,76,2,2026-05-02
Q003405,S00487,8,88,2,2026-05-04
Q003406,S00487,9,78,1,2026-05-07
Q003407,S00487,10,83,1,2026-05-10
Q003408,S00488,1,73,1,2026-04-20
Q003409,S00488,2,68,2,2026-04-23
Q003410,S00488,3,62,2,2026-04-24
Q003411,S00488,4,67,1,2026-04-26
Q003412,S00488,5,74,2,2026-04-29
Q003413,S00488,6,63,1,2026-05-02
Q003414,S00488,7,68,1,2026-05-03
Q003415,S00488,8,74,2,2026-05-04
Q003416,S00488,9,64,1,2026-05-05
Q003417,S00488,10,68,2,2026-05-08
Q003418,S00489,1,49,1,2026-05-10
Q003419,S00489,2,53,1,2026-05-11
Q003420,S00490,1,56,1,2026-04-30
Q003421,S00491,1,75,1,2026-05-19
Q003422,S00491,2,67,2,2026-05-21
Q003423,S00491,3,63,1,2026-05-23
Q003424,S00491,4,70,2,2026-05-25
Q003425,S00491,5,74,1,2026-05-26
Q003426,S00491,6,73,2,2026-05-28
Q003427,S00491,7,66,2,2026-05-31
Q003428,S00491,8,61,1,2026-06-03
Q003429,S00491,9,62,1,2026-06-05
Q003430,S00491,10,60,2,2026-06-08
Q003431,S00492,1,82,1,2026-01-27
Q003432,S00492,2,74,2,2026-02-04
Q003433,S00492,3,77,1,2026-02-14
Q003434,S00492,4,67,2,2026-02-21
Q003435,S00492,5,69,2,2026-03-06
Q003436,S00493,1,85,2,2026-05-26
Q003437,S00493,2,87,2,2026-05-29
Q003438,S00493,3,81,1,2026-06-01
Q003439,S00493,4,88,1,2026-06-02
Q003440,S00493,5,95,1,2026-06-04
Q003441,S00493,6,86,2,2026-06-06
Q003442,S00493,7,83,1,2026-06-07
Q003443,S00493,8,90,2,2026-06-10
Q003444,S00493,9,96,1,2026-06-11
Q003445,S00493,10,85,2,2026-06-13
Q003446,S00494,1,78,2,2026-04-30
Q003447,S00494,2,95,1,2026-05-02
Q003448,S00494,3,97,2,2026-05-04
Q003449,S00494,4,87,2,2026-05-05
Q003450,S00494,5,89,2,2026-05-08
Q003451,S00494,6,91,2,2026-05-10
Q003452,S00494,7,78,2,2026-05-11
Q003453,S00494,8,82,2,2026-05-12
Q003454,S00494,9,93,2,2026-05-13
Q003455,S00494,10,93,2,2026-05-14
Q003456,S00495,1,85,1,2026-04-05
Q003457,S00495,2,99,1,2026-04-06
Q003458,S00495,3,98,1,2026-04-08
Q003459,S00495,4,97,1,2026-04-09
Q003460,S00495,5,100,1,2026-04-10
Q003461,S00495,6,96,2,2026-04-12
Q003462,S00495,7,99,2,2026-04-14
Q003463,S00495,8,99,2,2026-04-17
Q003464,S00495,9,83,1,2026-04-18
Q003465,S00495,10,100,1,2026-04-19
Q003466,S00496,1,65,2,2026-01-26
Q003467,S00496,2,68,1,2026-01-29
Q003468,S00496,3,81,2,2026-02-01
Q003469,S00496,4,66,2,2026-02-03
Q003470,S00496,5,69,2,2026-02-06
Q003471,S00496,6,67,2,2026-02-08
Q003472,S00496,7,81,1,2026-02-10
Q003473,S00496,8,69,1,2026-02-13
Q003474,S00496,9,75,1,2026-02-15
Q003475,S00496,10,71,1,2026-02-16
Q003476,S00497,1,58,3,2026-04-03
Q003477,S00497,2,56,3,2026-04-14
Q003478,S00497,3,60,3,2026-04-25
Q003479,S00498,1,78,1,2026-05-26
Q003480,S00498,2,65,1,2026-05-29
Q003481,S00498,3,67,2,2026-05-30
Q003482,S00498,4,79,2,2026-06-01
Q003483,S00498,5,73,1,2026-06-02
Q003484,S00498,6,62,2,2026-06-04
Q003485,S00498,7,75,1,2026-06-06
Q003486,S00498,8,64,2,2026-06-07
Q003487,S00498,9,73,1,2026-06-09
Q003488,S00498,10,63,2,2026-06-10
Q003489,S00499,1,59,1,2026-04-12
Q003490,S00499,2,50,1,2026-04-13
Q003491,S00501,1,75,2,2026-01-24
Q003492,S00501,2,73,2,2026-02-08
Q003493,S00502,1,66,2,2026-02-11
Q003494,S00502,2,71,1,2026-02-14
Q003495,S00502,3,71,2,2026-02-17
Q003496,S00502,4,64,2,2026-02-20
Q003497,S00502,5,63,1,2026-02-22
Q003498,S00502,6,80,1,2026-02-25
Q003499,S00502,7,67,1,2026-02-28
Q003500,S00502,8,70,1,2026-03-02
Q003501,S00502,9,80,2,2026-03-03
Q003502,S00502,10,67,2,2026-03-05
Q003503,S00503,1,75,2,2026-03-15
Q003504,S00503,2,67,1,2026-03-16
Q003505,S00503,3,75,1,2026-03-18
Q003506,S00503,4,67,1,2026-03-19
Q003507,S00503,5,68,2,2026-03-21
Q003508,S00503,6,69,2,2026-03-22
Q003509,S00503,7,75,2,2026-03-25
Q003510,S00503,8,67,1,2026-03-28
Q003511,S00503,9,65,2,2026-03-31
Q003512,S00503,10,65,1,2026-04-03
Q003513,S00504,1,77,1,2026-04-05
Q003514,S00504,2,65,2,2026-04-17
Q003515,S00504,3,71,2,2026-05-02
Q003516,S00505,1,72,1,2026-02-11
Q003517,S00505,2,77,1,2026-02-19
Q003518,S00505,3,72,2,2026-02-27
Q003519,S00505,4,75,3,2026-03-12
Q003520,S00505,5,67,2,2026-03-21
Q003521,S00506,1,79,1,2026-05-01
Q003522,S00506,2,97,2,2026-05-02
Q003523,S00506,3,89,1,2026-05-04
Q003524,S00506,4,81,2,2026-05-07
Q003525,S00506,5,94,2,2026-05-10
Q003526,S00506,6,83,2,2026-05-11
Q003527,S00506,7,79,2,2026-05-12
Q003528,S00506,8,89,2,2026-05-15
Q003529,S00506,9,86,2,2026-05-16
Q003530,S00506,10,91,2,2026-05-18
Q003531,S00507,1,64,1,2026-05-28
Q003532,S00508,1,65,3,2026-02-18
Q003533,S00508,2,64,2,2026-02-25
Q003534,S00508,3,63,2,2026-03-03
Q003535,S00508,4,61,2,2026-03-12
Q003536,S00508,5,59,1,2026-03-23
Q003537,S00508,6,53,3,2026-04-05
Q003538,S00508,7,52,2,2026-04-15
Q003539,S00508,8,51,1,2026-04-30
Q003540,S00509,1,45,1,2026-02-17
Q003541,S00509,2,40,1,2026-02-19
Q003542,S00510,1,61,3,2026-01-07
Q003543,S00510,2,59,2,2026-01-15
Q003544,S00510,3,63,3,2026-01-22
Q003545,S00511,1,61,2,2026-01-21
Q003546,S00511,2,55,1,2026-01-29
Q003547,S00512,1,69,1,2026-01-16
Q003548,S00512,2,78,2,2026-01-19
Q003549,S00512,3,85,1,2026-01-22
Q003550,S00512,4,83,2,2026-01-23
Q003551,S00512,5,82,1,2026-01-24
Q003552,S00512,6,78,2,2026-01-25
Q003553,S00512,7,84,1,2026-01-26
Q003554,S00512,8,72,1,2026-01-27
Q003555,S00512,9,69,1,2026-01-30
Q003556,S00512,10,78,2,2026-01-31
Q003557,S00513,1,66,1,2026-02-27
Q003558,S00514,1,66,1,2026-01-06
Q003559,S00515,1,83,2,2026-03-04
Q003560,S00515,2,84,1,2026-03-05
Q003561,S00515,3,78,2,2026-03-08
Q003562,S00515,4,79,2,2026-03-10
Q003563,S00515,5,79,2,2026-03-12
Q003564,S00515,6,84,1,2026-03-13
Q003565,S00515,7,77,1,2026-03-16
Q003566,S00515,8,73,1,2026-03-17
Q003567,S00515,9,68,2,2026-03-20
Q003568,S00515,10,67,1,2026-03-21
Q003569,S00516,1,85,1,2026-03-24
Q003570,S00516,2,76,1,2026-03-25
Q003571,S00516,3,90,1,2026-03-26
Q003572,S00516,4,79,2,2026-03-29
Q003573,S00516,5,91,2,2026-04-01
Q003574,S00516,6,78,1,2026-04-02
Q003575,S00516,7,85,2,2026-04-04
Q003576,S00516,8,79,1,2026-04-06
Q003577,S00516,9,89,2,2026-04-07
Q003578,S00516,10,87,2,2026-04-10
Q003579,S00517,1,62,2,2026-02-10
Q003580,S00517,2,67,1,2026-02-11
Q003581,S00517,3,78,1,2026-02-12
Q003582,S00517,4,66,2,2026-02-13
Q003583,S00517,5,63,2,2026-02-15
Q003584,S00517,6,75,1,2026-02-17
Q003585,S00517,7,73,1,2026-02-18
Q003586,S00517,8,61,2,2026-02-19
Q003587,S00517,9,66,1,2026-02-20
Q003588,S00517,10,65,2,2026-02-21
Q003589,S00518,1,84,1,2026-03-30
Q003590,S00518,2,75,1,2026-04-06
Q003591,S00518,3,76,3,2026-04-17
Q003592,S00518,4,72,3,2026-04-30
Q003593,S00518,5,72,1,2026-05-17
Q003594,S00520,1,75,2,2026-03-05
Q003595,S00520,2,63,1,2026-03-06
Q003596,S00520,3,70,2,2026-03-08
Q003597,S00520,4,80,2,2026-03-10
Q003598,S00520,5,71,2,2026-03-12
Q003599,S00520,6,70,2,2026-03-14
Q003600,S00520,7,68,1,2026-03-15
Q003601,S00520,8,71,1,2026-03-18
Q003602,S00520,9,78,2,2026-03-20
Q003603,S00520,10,81,2,2026-03-22
Q003604,S00521,1,85,1,2026-01-16
Q003605,S00521,2,82,1,2026-01-20
Q003606,S00521,3,75,1,2026-01-27
Q003607,S00521,4,79,1,2026-02-04
Q003608,S00521,5,73,3,2026-02-17
Q003609,S00522,1,70,2,2026-03-09
Q003610,S00522,2,65,1,2026-03-11
Q003611,S00522,3,67,2,2026-03-13
Q003612,S00522,4,69,2,2026-03-15
Q003613,S00522,5,73,1,2026-03-17
Q003614,S00522,6,72,1,2026-03-20
Q003615,S00522,7,68,1,2026-03-21
Q003616,S00522,8,75,2,2026-03-24
Q003617,S00522,9,78,2,2026-03-26
Q003618,S00522,10,75,2,2026-03-27
Q003619,S00524,1,81,2,2026-03-25
Q003620,S00524,2,83,1,2026-03-30
Q003621,S00524,3,77,2,2026-04-05
Q003622,S00524,4,78,3,2026-04-14
Q003623,S00524,5,75,2,2026-04-20
Q003624,S00524,6,68,2,2026-04-30
Q003625,S00524,7,75,1,2026-05-10
Q003626,S00524,8,74,3,2026-05-25
Q003627,S00525,1,80,2,2026-02-09
Q003628,S00525,2,83,3,2026-02-27
Q003629,S00526,1,83,1,2026-05-03
Q003630,S00526,2,88,2,2026-05-04
Q003631,S00526,3,96,2,2026-05-05
Q003632,S00526,4,93,1,2026-05-08
Q003633,S00526,5,93,1,2026-05-11
Q003634,S00526,6,84,2,2026-05-13
Q003635,S00526,7,90,2,2026-05-14
Q003636,S00526,8,91,2,2026-05-17
Q003637,S00526,9,93,1,2026-05-19
Q003638,S00526,10,82,2,2026-05-21
Q003639,S00527,1,79,1,2026-05-29
Q003640,S00527,2,80,2,2026-06-01
Q003641,S00527,3,64,2,2026-06-02
Q003642,S00527,4,82,2,2026-06-03
Q003643,S00527,5,77,1,2026-06-04
Q003644,S00527,6,66,2,2026-06-05
Q003645,S00527,7,72,1,2026-06-08
Q003646,S00527,8,69,1,2026-06-11
Q003647,S00527,9,63,1,2026-06-12
Q003648,S00527,10,80,2,2026-06-13
Q003649,S00528,1,91,1,2026-02-11
Q003650,S00528,2,83,1,2026-02-12
Q003651,S00528,3,85,1,2026-02-15
Q003652,S00528,4,88,1,2026-02-18
Q003653,S00528,5,88,1,2026-02-21
Q003654,S00528,6,81,2,2026-02-24
Q003655,S00528,7,89,2,2026-02-26
Q003656,S00528,8,94,2,2026-03-01
Q003657,S00528,9,96,2,2026-03-04
Q003658,S00528,10,87,1,2026-03-06
Q003659,S00529,1,86,2,2026-01-12
Q003660,S00529,2,86,2,2026-01-13
Q003661,S00529,3,73,1,2026-01-16
Q003662,S00529,4,76,2,2026-01-19
Q003663,S00529,5,71,2,2026-01-20
Q003664,S00529,6,79,1,2026-01-21
Q003665,S00529,7,71,1,2026-01-22
Q003666,S00529,8,83,1,2026-01-24
Q003667,S00529,9,70,1,2026-01-27
Q003668,S00529,10,71,1,2026-01-28
Q003669,S00530,1,76,1,2026-02-11
Q003670,S00531,1,62,3,2026-02-19
Q003671,S00531,2,61,2,2026-02-25
Q003672,S00531,3,59,3,2026-03-02
Q003673,S00531,4,60,1,2026-03-12
Q003674,S00531,5,57,1,2026-03-24
Q003675,S00531,6,50,3,2026-04-06
Q003676,S00531,7,45,3,2026-04-13
Q003677,S00531,8,38,3,2026-05-01
Q003678,S00532,1,46,1,2026-03-05
Q003679,S00533,1,55,1,2026-01-08
Q003680,S00533,2,56,1,2026-01-10
Q003681,S00534,1,64,1,2026-01-23
Q003682,S00534,2,59,3,2026-01-29
Q003683,S00534,3,64,3,2026-02-04
Q003684,S00534,4,64,1,2026-02-13
Q003685,S00534,5,54,3,2026-02-23
Q003686,S00534,6,47,3,2026-03-07
Q003687,S00534,7,50,1,2026-03-18
Q003688,S00534,8,40,1,2026-03-27
Q003689,S00535,1,73,1,2026-02-07
Q003690,S00535,2,60,3,2026-02-15
Q003691,S00535,3,63,1,2026-02-24
Q003692,S00535,4,66,3,2026-03-11
Q003693,S00535,5,61,3,2026-03-27
Q003694,S00536,1,76,1,2026-04-12
Q003695,S00536,2,75,1,2026-04-13
Q003696,S00537,1,80,1,2026-03-30
Q003697,S00537,2,74,3,2026-04-16
Q003698,S00538,1,83,1,2026-04-19
Q003699,S00538,2,92,2,2026-04-22
Q003700,S00538,3,80,1,2026-04-24
Q003701,S00538,4,83,1,2026-04-25
Q003702,S00538,5,83,2,2026-04-27
Q003703,S00538,6,85,2,2026-04-30
Q003704,S00538,7,78,1,2026-05-03
Q003705,S00538,8,88,2,2026-05-06
Q003706,S00538,9,77,2,2026-05-07
Q003707,S00538,10,89,1,2026-05-08
Q003708,S00539,1,72,1,2026-01-23
Q003709,S00539,2,60,1,2026-01-25
Q003710,S00539,3,68,2,2026-01-28
Q003711,S00539,4,58,2,2026-01-30
Q003712,S00539,5,58,1,2026-01-31
Q003713,S00539,6,68,2,2026-02-01
Q003714,S00539,7,65,1,2026-02-03
Q003715,S00539,8,64,1,2026-02-05
Q003716,S00539,9,77,1,2026-02-08
Q003717,S00539,10,59,2,2026-02-11
Q003718,S00540,1,77,1,2026-01-28
Q003719,S00540,2,72,2,2026-01-29
Q003720,S00540,3,72,1,2026-01-30
Q003721,S00540,4,63,1,2026-02-01
Q003722,S00540,5,77,2,2026-02-03
Q003723,S00540,6,62,2,2026-02-06
Q003724,S00540,7,72,1,2026-02-07
Q003725,S00540,8,77,1,2026-02-08
Q003726,S00540,9,62,2,2026-02-11
Q003727,S00540,10,76,1,2026-02-12
Q003728,S00541,1,76,1,2026-01-10
Q003729,S00541,2,73,1,2026-01-11
Q003730,S00542,1,66,2,2026-06-06
Q003731,S00542,2,62,1,2026-06-15
Q003732,S00542,3,59,1,2026-06-25
Q003733,S00542,4,58,2,2026-07-10
Q003734,S00543,1,82,2,2026-04-27
Q003735,S00543,2,79,2,2026-04-28
Q003736,S00543,3,77,2,2026-04-29
Q003737,S00543,4,71,1,2026-04-30
Q003738,S00543,5,85,1,2026-05-03
Q003739,S00543,6,83,2,2026-05-04
Q003740,S00543,7,87,2,2026-05-06
Q003741,S00543,8,73,2,2026-05-08
Q003742,S00543,9,86,2,2026-05-11
Q003743,S00543,10,78,2,2026-05-14
Q003744,S00544,1,75,2,2026-04-26
Q003745,S00544,2,81,2,2026-04-30
Q003746,S00544,3,74,1,2026-05-06
Q003747,S00544,4,72,1,2026-05-12
Q003748,S00544,5,68,3,2026-05-21
Q003749,S00544,6,65,1,2026-05-27
Q003750,S00544,7,69,1,2026-06-05
Q003751,S00544,8,58,3,2026-06-21
Q003752,S00545,1,85,2,2026-02-25
Q003753,S00545,2,77,2,2026-03-07
Q003754,S00545,3,73,1,2026-03-24
Q003755,S00546,1,80,2,2026-01-08
Q003756,S00546,2,79,2,2026-01-09
Q003757,S00546,3,84,1,2026-01-11
Q003758,S00546,4,71,2,2026-01-14
Q003759,S00546,5,82,1,2026-01-16
Q003760,S00546,6,70,1,2026-01-19
Q003761,S00546,7,86,2,2026-01-22
Q003762,S00546,8,70,1,2026-01-24
Q003763,S00546,9,84,1,2026-01-25
Q003764,S00546,10,74,2,2026-01-28
Q003765,S00547,1,76,1,2026-04-05
Q003766,S00547,2,66,1,2026-04-06
Q003767,S00547,3,66,2,2026-04-09
Q003768,S00547,4,76,2,2026-04-10
Q003769,S00547,5,72,1,2026-04-13
Q003770,S00547,6,57,2,2026-04-15
Q003771,S00547,7,63,2,2026-04-16
Q003772,S00547,8,71,2,2026-04-18
Q003773,S00547,9,70,2,2026-04-21
Q003774,S00547,10,75,2,2026-04-24
Q003775,S00548,1,69,1,2026-02-28
Q003776,S00548,2,69,1,2026-03-05
Q003777,S00548,3,67,3,2026-03-11
Q003778,S00548,4,62,3,2026-03-16
Q003779,S00548,5,62,3,2026-03-26
Q003780,S00548,6,57,1,2026-04-05
Q003781,S00548,7,53,3,2026-04-16
Q003782,S00548,8,52,2,2026-04-26
Q003783,S00549,1,88,1,2026-04-12
Q003784,S00549,2,81,1,2026-04-15
Q003785,S00549,3,86,2,2026-04-18
Q003786,S00549,4,85,1,2026-04-20
Q003787,S00549,5,85,2,2026-04-22
Q003788,S00549,6,79,1,2026-04-24
Q003789,S00549,7,83,2,2026-04-26
Q003790,S00549,8,72,1,2026-04-27
Q003791,S00549,9,74,1,2026-04-29
Q003792,S00549,10,75,1,2026-05-02
Q003793,S00550,1,76,2,2026-03-11
Q003794,S00550,2,74,3,2026-03-15
Q003795,S00550,3,74,1,2026-03-21
Q003796,S00550,4,71,3,2026-03-28
Q003797,S00550,5,73,3,2026-04-05
Q003798,S00550,6,68,3,2026-04-15
Q003799,S00550,7,67,1,2026-04-25
Q003800,S00551,1,65,1,2026-03-17
Q003801,S00551,2,67,2,2026-03-20
Q003802,S00551,3,76,2,2026-03-21
Q003803,S00551,4,69,1,2026-03-22
Q003804,S00551,5,68,1,2026-03-24
Q003805,S00551,6,69,2,2026-03-25
Q003806,S00551,7,79,2,2026-03-28
Q003807,S00551,8,67,1,2026-03-30
Q003808,S00551,9,82,2,2026-04-01
Q003809,S00551,10,65,2,2026-04-02
Q003810,S00553,1,77,1,2026-02-22
Q003811,S00553,2,77,3,2026-03-09
Q003812,S00554,1,82,3,2026-03-31
Q003813,S00554,2,87,1,2026-04-06
Q003814,S00554,3,88,2,2026-04-14
Q003815,S00554,4,73,2,2026-04-26
Q003816,S00554,5,75,2,2026-05-10
Q003817,S00554,6,70,3,2026-05-18
Q003818,S00555,1,60,1,2026-05-24
Q003819,S00556,1,67,2,2026-05-15
Q003820,S00556,2,69,2,2026-05-17
Q003821,S00556,3,71,2,2026-05-19
Q003822,S00556,4,81,2,2026-05-20
Q003823,S00556,5,71,2,2026-05-22
Q003824,S00556,6,66,2,2026-05-23
Q003825,S00556,7,74,2,2026-05-24
Q003826,S00556,8,76,2,2026-05-25
Q003827,S00556,9,73,2,2026-05-28
Q003828,S00556,10,75,1,2026-05-30
Q003829,S00557,1,94,2,2026-02-20
Q003830,S00557,2,89,2,2026-02-23
Q003831,S00557,3,93,2,2026-02-24
Q003832,S00557,4,86,2,2026-02-26
Q003833,S00557,5,82,2,2026-02-28
Q003834,S00557,6,91,2,2026-03-02
Q003835,S00557,7,89,1,2026-03-05
Q003836,S00557,8,83,1,2026-03-07
Q003837,S00557,9,92,1,2026-03-09
Q003838,S00557,10,81,2,2026-03-12
Q003839,S00558,1,79,2,2026-03-31
Q003840,S00558,2,86,1,2026-04-03
Q003841,S00558,3,76,2,2026-04-05
Q003842,S00558,4,87,1,2026-04-08
Q003843,S00558,5,72,1,2026-04-09
Q003844,S00558,6,75,1,2026-04-12
Q003845,S00558,7,80,2,2026-04-15
Q003846,S00558,8,88,1,2026-04-17
Q003847,S00558,9,77,2,2026-04-19
Q003848,S00558,10,78,2,2026-04-22
Q003849,S00559,1,66,1,2026-04-27
Q003850,S00559,2,60,3,2026-05-02
Q003851,S00559,3,62,3,2026-05-11
Q003852,S00559,4,61,3,2026-05-20
Q003853,S00559,5,61,3,2026-05-28
Q003854,S00559,6,58,2,2026-06-09
Q003855,S00560,1,65,1,2026-01-15
Q003856,S00560,2,61,3,2026-01-20
Q003857,S00560,3,61,3,2026-01-28
Q003858,S00560,4,59,2,2026-02-05
Q003859,S00560,5,48,3,2026-02-14
Q003860,S00560,6,49,3,2026-02-24
Q003861,S00560,7,52,3,2026-03-06
Q003862,S00560,8,54,1,2026-03-24
Q003863,S00561,1,71,3,2026-05-14
Q003864,S00561,2,75,3,2026-05-18
Q003865,S00561,3,75,3,2026-05-23
Q003866,S00561,4,66,1,2026-05-31
Q003867,S00561,5,59,3,2026-06-08
Q003868,S00561,6,63,2,2026-06-18
Q003869,S00561,7,49,2,2026-06-30
Q003870,S00561,8,51,2,2026-07-11
Q003871,S00562,1,89,1,2026-01-16
Q003872,S00562,2,85,1,2026-01-18
Q003873,S00562,3,88,1,2026-01-20
Q003874,S00562,4,90,1,2026-01-22
Q003875,S00562,5,92,2,2026-01-24
Q003876,S00562,6,84,2,2026-01-26
Q003877,S00562,7,81,1,2026-01-28
Q003878,S00562,8,94,1,2026-01-30
Q003879,S00562,9,98,2,2026-01-31
Q003880,S00562,10,89,2,2026-02-02
Q003881,S00563,1,64,2,2026-04-21
Q003882,S00563,2,76,1,2026-04-24
Q003883,S00563,3,67,1,2026-04-26
Q003884,S00563,4,76,2,2026-04-27
Q003885,S00563,5,74,2,2026-04-29
Q003886,S00563,6,61,2,2026-05-01
Q003887,S00563,7,65,1,2026-05-04
Q003888,S00563,8,68,1,2026-05-05
Q003889,S00563,9,70,2,2026-05-08
Q003890,S00563,10,58,1,2026-05-10
Q003891,S00564,1,82,1,2026-01-19
Q003892,S00564,2,93,1,2026-01-20
Q003893,S00564,3,93,1,2026-01-21
Q003894,S00564,4,86,1,2026-01-24
Q003895,S00564,5,79,2,2026-01-25
Q003896,S00564,6,82,1,2026-01-28
Q003897,S00564,7,79,2,2026-01-29
Q003898,S00564,8,94,1,2026-01-31
Q003899,S00564,9,86,1,2026-02-03
Q003900,S00564,10,80,2,2026-02-06
Q003901,S00565,1,65,1,2026-01-23
Q003902,S00565,2,70,1,2026-01-24
Q003903,S00565,3,67,1,2026-01-26
Q003904,S00565,4,61,1,2026-01-29
Q003905,S00565,5,63,1,2026-02-01
Q003906,S00565,6,60,1,2026-02-03
Q003907,S00565,7,65,1,2026-02-06
Q003908,S00565,8,60,2,2026-02-09
Q003909,S00565,9,73,1,2026-02-10
Q003910,S00565,10,67,1,2026-02-12
Q003911,S00566,1,70,1,2026-05-19
Q003912,S00566,2,67,1,2026-05-28
Q003913,S00567,1,73,2,2026-03-24
Q003914,S00567,2,81,2,2026-03-25
Q003915,S00567,3,79,1,2026-03-26
Q003916,S00567,4,72,2,2026-03-29
Q003917,S00567,5,67,1,2026-04-01
Q003918,S00567,6,81,2,2026-04-04
Q003919,S00567,7,83,2,2026-04-07
Q003920,S00567,8,77,1,2026-04-09
Q003921,S00567,9,82,2,2026-04-11
Q003922,S00567,10,83,2,2026-04-13
Q003923,S00568,1,74,2,2026-02-02
Q003924,S00568,2,86,2,2026-02-03
Q003925,S00568,3,81,1,2026-02-06
Q003926,S00568,4,81,1,2026-02-07
Q003927,S00568,5,83,1,2026-02-10
Q003928,S00568,6,71,2,2026-02-13
Q003929,S00568,7,75,2,2026-02-14
Q003930,S00568,8,77,1,2026-02-17
Q003931,S00568,9,83,1,2026-02-19
Q003932,S00568,10,71,2,2026-02-20
Q003933,S00569,1,76,1,2026-04-18
Q003934,S00569,2,69,1,2026-04-20
Q003935,S00570,1,81,1,2026-01-08
Q003936,S00570,2,80,1,2026-01-11
Q003937,S00570,3,79,2,2026-01-12
Q003938,S00570,4,73,2,2026-01-13
Q003939,S00570,5,85,2,2026-01-14
Q003940,S00570,6,74,2,2026-01-16
Q003941,S00570,7,76,1,2026-01-19
Q003942,S00570,8,73,2,2026-01-20
Q003943,S00570,9,77,2,2026-01-23
Q003944,S00570,10,79,1,2026-01-24
Q003945,S00571,1,69,1,2026-05-15
Q003946,S00571,2,60,2,2026-05-17
Q003947,S00571,3,68,2,2026-05-20
Q003948,S00571,4,74,1,2026-05-22
Q003949,S00571,5,71,2,2026-05-24
Q003950,S00571,6,66,2,2026-05-26
Q003951,S00571,7,61,2,2026-05-27
Q003952,S00571,8,64,2,2026-05-30
Q003953,S00571,9,59,2,2026-05-31
Q003954,S00571,10,61,1,2026-06-03
Q003955,S00572,1,76,2,2026-02-10
Q003956,S00572,2,72,2,2026-02-15
Q003957,S00572,3,68,1,2026-02-22
Q003958,S00572,4,74,1,2026-03-01
Q003959,S00572,5,63,2,2026-03-13
Q003960,S00572,6,72,2,2026-03-24
Q003961,S00572,7,66,2,2026-04-08
Q003962,S00573,1,74,1,2026-05-12
Q003963,S00573,2,73,2,2026-05-13
Q003964,S00573,3,69,2,2026-05-15
Q003965,S00573,4,78,1,2026-05-16
Q003966,S00573,5,70,1,2026-05-18
Q003967,S00573,6,69,1,2026-05-19
Q003968,S00573,7,73,2,2026-05-20
Q003969,S00573,8,76,1,2026-05-23
Q003970,S00573,9,85,1,2026-05-24
Q003971,S00573,10,70,1,2026-05-26
Q003972,S00574,1,91,3,2026-03-08
Q003973,S00574,2,81,3,2026-03-20
Q003974,S00574,3,83,3,2026-04-07
Q003975,S00575,1,47,1,2026-04-17
Q003976,S00576,1,49,1,2026-02-01
Q003977,S00577,1,81,2,2026-04-02
Q003978,S00577,2,80,2,2026-04-05
Q003979,S00577,3,83,1,2026-04-06
Q003980,S00577,4,92,2,2026-04-07
Q003981,S00577,5,75,2,2026-04-09
Q003982,S00577,6,91,1,2026-04-12
Q003983,S00577,7,80,2,2026-04-15
Q003984,S00577,8,85,2,2026-04-18
Q003985,S00577,9,79,2,2026-04-21
Q003986,S00577,10,76,1,2026-04-24
Q003987,S00578,1,57,1,2026-05-18
Q003988,S00579,1,68,1,2026-02-23
Q003989,S00579,2,85,2,2026-02-25
Q003990,S00579,3,76,2,2026-02-28
Q003991,S00579,4,70,1,2026-03-01
Q003992,S00579,5,80,1,2026-03-03
Q003993,S00579,6,78,2,2026-03-05
Q003994,S00579,7,74,1,2026-03-06
Q003995,S00579,8,86,2,2026-03-08
Q003996,S00579,9,68,2,2026-03-11
Q003997,S00579,10,75,1,2026-03-14
Q003998,S00580,1,72,1,2026-04-22
Q003999,S00580,2,64,2,2026-04-23
Q004000,S00580,3,62,2,2026-04-26
Q004001,S00580,4,77,1,2026-04-29
Q004002,S00580,5,70,2,2026-05-01
Q004003,S00580,6,71,1,2026-05-02
Q004004,S00580,7,76,1,2026-05-05
Q004005,S00580,8,63,1,2026-05-08
Q004006,S00580,9,71,1,2026-05-11
Q004007,S00580,10,62,2,2026-05-14
Q004008,S00581,1,77,1,2026-01-26
Q004009,S00581,2,74,2,2026-01-28
Q004010,S00581,3,72,2,2026-01-31
Q004011,S00581,4,70,1,2026-02-02
Q004012,S00581,5,65,2,2026-02-03
Q004013,S00581,6,68,1,2026-02-05
Q004014,S00581,7,79,2,2026-02-07
Q004015,S00581,8,75,2,2026-02-09
Q004016,S00581,9,66,2,2026-02-10
Q004017,S00581,10,76,1,2026-02-12
Q004018,S00583,1,81,1,2026-04-14
Q004019,S00583,2,78,1,2026-04-15
Q004020,S00583,3,85,1,2026-04-18
Q004021,S00583,4,87,2,2026-04-19
Q004022,S00583,5,79,1,2026-04-22
Q004023,S00583,6,89,1,2026-04-24
Q004024,S00583,7,84,2,2026-04-27
Q004025,S00583,8,77,1,2026-04-29
Q004026,S00583,9,91,2,2026-04-30
Q004027,S00583,10,88,1,2026-05-01
Q004028,S00584,1,71,1,2026-04-19
Q004029,S00584,2,73,2,2026-04-22
Q004030,S00584,3,67,1,2026-04-25
Q004031,S00584,4,65,1,2026-04-28
Q004032,S00584,5,72,2,2026-04-29
Q004033,S00584,6,83,1,2026-05-01
Q004034,S00584,7,78,2,2026-05-02
Q004035,S00584,8,81,2,2026-05-03
Q004036,S00584,9,79,1,2026-05-05
Q004037,S00584,10,66,1,2026-05-07
Q004038,S00585,1,88,3,2026-02-08
Q004039,S00585,2,81,2,2026-02-18
Q004040,S00585,3,84,2,2026-02-28
Q004041,S00586,1,83,1,2026-03-27
Q004042,S00586,2,94,2,2026-03-30
Q004043,S00586,3,89,2,2026-03-31
Q004044,S00586,4,80,2,2026-04-01
Q004045,S00586,5,83,2,2026-04-02
Q004046,S00586,6,96,1,2026-04-05
Q004047,S00586,7,81,1,2026-04-08
Q004048,S00586,8,83,2,2026-04-10
Q004049,S00586,9,79,1,2026-04-11
Q004050,S00586,10,82,1,2026-04-13
Q004051,S00587,1,83,2,2026-03-10
Q004052,S00587,2,67,2,2026-03-13
Q004053,S00587,3,68,2,2026-03-14
Q004054,S00587,4,81,2,2026-03-17
Q004055,S00587,5,82,2,2026-03-19
Q004056,S00587,6,71,1,2026-03-22
Q004057,S00587,7,75,1,2026-03-25
Q004058,S00587,8,84,1,2026-03-27
Q004059,S00587,9,83,2,2026-03-29
Q004060,S00587,10,75,2,2026-03-31
Q004061,S00588,1,81,2,2026-02-20
Q004062,S00588,2,81,2,2026-02-23
Q004063,S00588,3,76,2,2026-02-25
Q004064,S00588,4,80,1,2026-02-26
Q004065,S00588,5,82,2,2026-02-28
Q004066,S00588,6,68,1,2026-03-03
Q004067,S00588,7,70,2,2026-03-06
Q004068,S00588,8,77,2,2026-03-07
Q004069,S00588,9,68,2,2026-03-08
Q004070,S00588,10,74,2,2026-03-09
Q004071,S00589,1,92,2,2026-03-18
Q004072,S00589,2,82,1,2026-03-20
Q004073,S00589,3,75,2,2026-03-23
Q004074,S00589,4,93,2,2026-03-24
Q004075,S00589,5,84,1,2026-03-25
Q004076,S00589,6,93,2,2026-03-27
Q004077,S00589,7,88,1,2026-03-28
Q004078,S00589,8,79,1,2026-03-29
Q004079,S00589,9,79,2,2026-03-31
Q004080,S00589,10,76,2,2026-04-02
Q004081,S00590,1,91,1,2026-05-02
Q004082,S00590,2,92,1,2026-05-05
Q004083,S00590,3,88,2,2026-05-06
Q004084,S00590,4,88,2,2026-05-09
Q004085,S00590,5,95,1,2026-05-11
Q004086,S00590,6,80,2,2026-05-13
Q004087,S00590,7,93,1,2026-05-14
Q004088,S00590,8,94,2,2026-05-17
Q004089,S00590,9,79,2,2026-05-19
Q004090,S00590,10,90,2,2026-05-20
Q004091,S00591,1,81,1,2026-05-10
Q004092,S00591,2,81,2,2026-05-11
Q004093,S00591,3,76,1,2026-05-12
Q004094,S00591,4,77,1,2026-05-14
Q004095,S00591,5,81,2,2026-05-17
Q004096,S00591,6,74,2,2026-05-20
Q004097,S00591,7,73,1,2026-05-23
Q004098,S00591,8,67,1,2026-05-26
Q004099,S00591,9,66,1,2026-05-27
Q004100,S00591,10,73,2,2026-05-30
Q004101,S00592,1,59,2,2026-06-02
Q004102,S00592,2,59,2,2026-06-07
Q004103,S00592,3,62,1,2026-06-11
Q004104,S00592,4,48,3,2026-06-19
Q004105,S00592,5,51,3,2026-07-01
Q004106,S00592,6,44,1,2026-07-09
Q004107,S00592,7,48,2,2026-07-17
Q004108,S00593,1,77,1,2026-04-05
Q004109,S00593,2,69,1,2026-04-06
Q004110,S00593,3,79,1,2026-04-09
Q004111,S00593,4,67,2,2026-04-12
Q004112,S00593,5,69,2,2026-04-14
Q004113,S00593,6,64,1,2026-04-17
Q004114,S00593,7,81,2,2026-04-19
Q004115,S00593,8,83,2,2026-04-21
Q004116,S00593,9,81,1,2026-04-23
Q004117,S00593,10,83,1,2026-04-26
Q004118,S00594,1,89,2,2026-01-18
Q004119,S00594,2,84,1,2026-01-19
Q004120,S00594,3,96,1,2026-01-20
Q004121,S00594,4,88,2,2026-01-21
Q004122,S00594,5,83,1,2026-01-22
Q004123,S00594,6,99,2,2026-01-23
Q004124,S00594,7,97,2,2026-01-24
Q004125,S00594,8,89,1,2026-01-27
Q004126,S00594,9,81,1,2026-01-30
Q004127,S00594,10,90,1,2026-01-31
Q004128,S00595,1,62,1,2026-05-20
Q004129,S00595,2,68,1,2026-05-22
Q004130,S00596,1,76,1,2026-03-05
Q004131,S00596,2,87,1,2026-03-07
Q004132,S00596,3,75,1,2026-03-09
Q004133,S00596,4,81,1,2026-03-11
Q004134,S00596,5,82,1,2026-03-14
Q004135,S00596,6,94,2,2026-03-16
Q004136,S00596,7,77,1,2026-03-17
Q004137,S00596,8,87,1,2026-03-19
Q004138,S00596,9,79,2,2026-03-22
Q004139,S00596,10,75,1,2026-03-25
Q004140,S00597,1,73,3,2026-03-06
Q004141,S00597,2,76,3,2026-03-14
Q004142,S00597,3,76,1,2026-03-25
Q004143,S00597,4,70,1,2026-04-04
Q004144,S00598,1,83,2,2026-03-25
Q004145,S00598,2,68,1,2026-03-27
Q004146,S00598,3,71,2,2026-03-28
Q004147,S00598,4,72,1,2026-03-30
Q004148,S00598,5,84,2,2026-04-02
Q004149,S00598,6,70,1,2026-04-03
Q004150,S00598,7,82,2,2026-04-04
Q004151,S00598,8,78,2,2026-04-06
Q004152,S00598,9,74,1,2026-04-08
Q004153,S00598,10,74,2,2026-04-10
Q004154,S00599,1,92,2,2026-01-18
Q004155,S00599,2,94,1,2026-01-19
Q004156,S00599,3,85,1,2026-01-20
Q004157,S00599,4,87,2,2026-01-22
Q004158,S00599,5,91,2,2026-01-24
Q004159,S00599,6,85,2,2026-01-26
Q004160,S00599,7,83,1,2026-01-28
Q004161,S00599,8,79,1,2026-01-30
Q004162,S00599,9,77,1,2026-02-02
Q004163,S00599,10,82,2,2026-02-04
Q004164,S00600,1,82,1,2026-04-22
Q004165,S00600,2,70,1,2026-04-23
Q004166,S00600,3,71,1,2026-04-26
Q004167,S00600,4,86,2,2026-04-29
Q004168,S00600,5,76,1,2026-05-01
Q004169,S00600,6,69,2,2026-05-04
Q004170,S00600,7,74,1,2026-05-06
Q004171,S00600,8,78,1,2026-05-08
Q004172,S00600,9,74,1,2026-05-09
Q004173,S00600,10,79,2,2026-05-11
Q004174,S00601,1,66,2,2026-02-14
Q004175,S00601,2,80,1,2026-02-17
Q004176,S00601,3,80,1,2026-02-18
Q004177,S00601,4,66,2,2026-02-20
Q004178,S00601,5,69,2,2026-02-22
Q004179,S00601,6,65,2,2026-02-25
Q004180,S00601,7,76,2,2026-02-28
Q004181,S00601,8,81,1,2026-03-02
Q004182,S00601,9,79,1,2026-03-03
Q004183,S00601,10,78,1,2026-03-05
Q004184,S00602,1,71,2,2026-02-14
Q004185,S00602,2,66,2,2026-02-16
Q004186,S00602,3,70,2,2026-02-18
Q004187,S00602,4,70,2,2026-02-21
Q004188,S00602,5,59,1,2026-02-24
Q004189,S00602,6,63,1,2026-02-26
Q004190,S00602,7,61,1,2026-02-27
Q004191,S00602,8,71,2,2026-03-01
Q004192,S00602,9,66,2,2026-03-04
Q004193,S00602,10,59,1,2026-03-06
Q004194,S00603,1,88,2,2026-03-17
Q004195,S00603,2,92,2,2026-03-20
Q004196,S00603,3,79,1,2026-03-21
Q004197,S00603,4,93,2,2026-03-23
Q004198,S00603,5,89,2,2026-03-26
Q004199,S00603,6,77,1,2026-03-28
Q004200,S00603,7,77,2,2026-03-30
Q004201,S00603,8,76,1,2026-03-31
Q004202,S00603,9,75,2,2026-04-02
Q004203,S00603,10,85,2,2026-04-05
Q004204,S00604,1,90,1,2026-03-19
Q004205,S00604,2,88,1,2026-03-20
Q004206,S00604,3,88,2,2026-03-21
Q004207,S00604,4,77,2,2026-03-23
Q004208,S00604,5,94,2,2026-03-25
Q004209,S00604,6,88,1,2026-03-28
Q004210,S00604,7,89,2,2026-03-30
Q004211,S00604,8,78,1,2026-04-01
Q004212,S00604,9,90,1,2026-04-02
Q004213,S00604,10,84,2,2026-04-03
Q004214,S00605,1,71,1,2026-02-20
Q004215,S00605,2,87,2,2026-02-22
Q004216,S00605,3,70,1,2026-02-23
Q004217,S00605,4,80,1,2026-02-26
Q004218,S00605,5,76,2,2026-02-28
Q004219,S00605,6,76,2,2026-03-02
Q004220,S00605,7,79,1,2026-03-05
Q004221,S00605,8,89,2,2026-03-08
Q004222,S00605,9,81,1,2026-03-10
Q004223,S00605,10,70,2,2026-03-11
Q004224,S00606,1,60,2,2026-05-22
Q004225,S00606,2,78,2,2026-05-24
Q004226,S00606,3,76,1,2026-05-25
Q004227,S00606,4,68,1,2026-05-28
Q004228,S00606,5,69,1,2026-05-29
Q004229,S00606,6,78,2,2026-05-30
Q004230,S00606,7,74,1,2026-06-01
Q004231,S00606,8,74,2,2026-06-04
Q004232,S00606,9,74,2,2026-06-06
Q004233,S00606,10,61,2,2026-06-07
Q004234,S00607,1,79,2,2026-04-29
Q004235,S00607,2,76,2,2026-05-01
Q004236,S00607,3,87,2,2026-05-02
Q004237,S00607,4,92,2,2026-05-03
Q004238,S00607,5,87,1,2026-05-06
Q004239,S00607,6,83,1,2026-05-07
Q004240,S00607,7,93,1,2026-05-08
Q004241,S00607,8,86,1,2026-05-09
Q004242,S00607,9,94,1,2026-05-11
Q004243,S00607,10,83,2,2026-05-14
Q004244,S00608,1,76,1,2026-05-30
Q004245,S00608,2,81,2,2026-06-01
Q004246,S00608,3,76,2,2026-06-02
Q004247,S00608,4,70,2,2026-06-03
Q004248,S00608,5,64,2,2026-06-05
Q004249,S00608,6,65,2,2026-06-06
Q004250,S00608,7,71,1,2026-06-09
Q004251,S00608,8,62,1,2026-06-12
Q004252,S00608,9,69,2,2026-06-15
Q004253,S00608,10,66,2,2026-06-16
Q004254,S00609,1,63,2,2026-04-28
Q004255,S00609,2,70,2,2026-04-29
Q004256,S00609,3,65,2,2026-04-30
Q004257,S00609,4,66,1,2026-05-01
Q004258,S00609,5,73,1,2026-05-04
Q004259,S00609,6,65,1,2026-05-05
Q004260,S00609,7,66,1,2026-05-08
Q004261,S00609,8,67,2,2026-05-10
Q004262,S00609,9,69,2,2026-05-13
Q004263,S00609,10,78,2,2026-05-15
Q004264,S00610,1,85,1,2026-05-18
Q004265,S00610,2,80,1,2026-05-29
Q004266,S00610,3,76,1,2026-06-08
Q004267,S00610,4,73,2,2026-06-19
Q004268,S00611,1,69,1,2026-04-24
Q004269,S00611,2,88,2,2026-04-26
Q004270,S00611,3,88,2,2026-04-27
Q004271,S00611,4,69,2,2026-04-30
Q004272,S00611,5,84,2,2026-05-03
Q004273,S00611,6,76,1,2026-05-05
Q004274,S00611,7,76,2,2026-05-06
Q004275,S00611,8,77,1,2026-05-09
Q004276,S00611,9,79,2,2026-05-10
Q004277,S00611,10,83,1,2026-05-13
Q004278,S00612,1,79,3,2026-05-23
Q004279,S00612,2,72,2,2026-06-05
Q004280,S00613,1,58,2,2026-01-27
Q004281,S00613,2,57,1,2026-02-01
Q004282,S00613,3,61,2,2026-02-12
Q004283,S00613,4,60,3,2026-02-21
Q004284,S00613,5,54,2,2026-03-04
Q004285,S00613,6,52,2,2026-03-12
Q004286,S00614,1,71,1,2026-03-05
Q004287,S00614,2,80,2,2026-03-06
Q004288,S00614,3,85,2,2026-03-09
Q004289,S00614,4,81,2,2026-03-11
Q004290,S00614,5,84,1,2026-03-12
Q004291,S00614,6,84,1,2026-03-14
Q004292,S00614,7,69,1,2026-03-15
Q004293,S00614,8,72,1,2026-03-18
Q004294,S00614,9,81,2,2026-03-19
Q004295,S00614,10,71,1,2026-03-22
Q004296,S00615,1,66,1,2026-05-09
Q004297,S00615,2,56,1,2026-05-11
Q004298,S00617,1,83,2,2026-02-15
Q004299,S00617,2,83,1,2026-02-18
Q004300,S00617,3,74,2,2026-02-19
Q004301,S00617,4,72,1,2026-02-22
Q004302,S00617,5,83,2,2026-02-23
Q004303,S00617,6,87,2,2026-02-24
Q004304,S00617,7,81,2,2026-02-25
Q004305,S00617,8,71,1,2026-02-26
Q004306,S00617,9,75,1,2026-02-27
Q004307,S00617,10,85,1,2026-02-28
Q004308,S00618,1,76,2,2026-02-25
Q004309,S00618,2,76,2,2026-02-28
Q004310,S00618,3,73,2,2026-03-03
Q004311,S00618,4,88,1,2026-03-05
Q004312,S00618,5,83,2,2026-03-06
Q004313,S00618,6,72,1,2026-03-07
Q004314,S00618,7,83,1,2026-03-08
Q004315,S00618,8,72,2,2026-03-09
Q004316,S00618,9,78,1,2026-03-11
Q004317,S00618,10,90,1,2026-03-14
Q004318,S00619,1,74,2,2026-05-16
Q004319,S00619,2,70,3,2026-05-21
Q004320,S00619,3,72,2,2026-05-28
Q004321,S00619,4,66,3,2026-06-03
Q004322,S00619,5,66,3,2026-06-10
Q004323,S00619,6,57,1,2026-06-22
Q004324,S00620,1,61,2,2026-03-17
Q004325,S00620,2,65,1,2026-03-22
Q004326,S00620,3,66,1,2026-03-30
Q004327,S00620,4,59,3,2026-04-09
Q004328,S00620,5,64,3,2026-04-22
Q004329,S00620,6,43,3,2026-05-07
Q004330,S00621,1,73,1,2026-02-13
Q004331,S00621,2,72,1,2026-02-15
Q004332,S00621,3,74,1,2026-02-16
Q004333,S00621,4,73,2,2026-02-18
Q004334,S00621,5,78,1,2026-02-21
Q004335,S00621,6,85,2,2026-02-22
Q004336,S00621,7,85,2,2026-02-23
Q004337,S00621,8,76,1,2026-02-24
Q004338,S00621,9,81,2,2026-02-25
Q004339,S00621,10,74,1,2026-02-26
Q004340,S00622,1,75,2,2026-03-20
Q004341,S00622,2,75,1,2026-03-21
Q004342,S00622,3,76,2,2026-03-22
Q004343,S00622,4,77,2,2026-03-25
Q004344,S00622,5,75,1,2026-03-27
Q004345,S00622,6,67,1,2026-03-28
Q004346,S00622,7,78,2,2026-03-30
Q004347,S00622,8,69,1,2026-04-01
Q004348,S00622,9,78,1,2026-04-02
Q004349,S00622,10,73,2,2026-04-04
Q004350,S00623,1,93,1,2026-03-27
Q004351,S00623,2,89,2,2026-03-29
Q004352,S00623,3,82,1,2026-03-31
Q004353,S00623,4,83,1,2026-04-01
Q004354,S00623,5,87,2,2026-04-04
Q004355,S00623,6,93,1,2026-04-06
Q004356,S00623,7,84,2,2026-04-08
Q004357,S00623,8,83,1,2026-04-11
Q004358,S00623,9,93,1,2026-04-14
Q004359,S00623,10,85,2,2026-04-17
Q004360,S00624,1,80,2,2026-04-19
Q004361,S00624,2,80,2,2026-04-21
Q004362,S00624,3,80,2,2026-04-22
Q004363,S00624,4,94,2,2026-04-23
Q004364,S00624,5,98,1,2026-04-25
Q004365,S00624,6,80,1,2026-04-28
Q004366,S00624,7,86,1,2026-05-01
Q004367,S00624,8,81,1,2026-05-02
Q004368,S00624,9,85,2,2026-05-04
Q004369,S00624,10,79,2,2026-05-07
Q004370,S00625,1,81,3,2026-05-24
Q004371,S00625,2,79,3,2026-05-31
Q004372,S00625,3,72,1,2026-06-08
Q004373,S00625,4,79,2,2026-06-18
Q004374,S00625,5,64,2,2026-06-26
Q004375,S00625,6,65,1,2026-07-04
Q004376,S00626,1,75,1,2026-02-13
Q004377,S00626,2,78,2,2026-02-15
Q004378,S00626,3,70,1,2026-02-17
Q004379,S00626,4,71,1,2026-02-19
Q004380,S00626,5,64,1,2026-02-21
Q004381,S00626,6,74,1,2026-02-23
Q004382,S00626,7,74,1,2026-02-26
Q004383,S00626,8,81,1,2026-02-28
Q004384,S00626,9,63,1,2026-03-01
Q004385,S00626,10,73,1,2026-03-02
Q004386,S00627,1,90,1,2026-03-26
Q004387,S00627,2,87,1,2026-03-27
Q004388,S00627,3,86,1,2026-03-30
Q004389,S00627,4,84,2,2026-03-31
Q004390,S00627,5,90,1,2026-04-03
Q004391,S00627,6,85,2,2026-04-06
Q004392,S00627,7,85,1,2026-04-07
Q004393,S00627,8,81,1,2026-04-08
Q004394,S00627,9,79,2,2026-04-10
Q004395,S00627,10,80,2,2026-04-12
Q004396,S00628,1,73,3,2026-04-12
Q004397,S00628,2,70,2,2026-04-17
Q004398,S00628,3,73,2,2026-04-23
Q004399,S00628,4,68,1,2026-05-02
Q004400,S00628,5,68,1,2026-05-12
Q004401,S00628,6,70,3,2026-05-18
Q004402,S00628,7,64,2,2026-05-26
Q004403,S00629,1,70,1,2026-05-30
Q004404,S00629,2,80,1,2026-06-02
Q004405,S00629,3,76,2,2026-06-04
Q004406,S00629,4,67,1,2026-06-06
Q004407,S00629,5,74,2,2026-06-08
Q004408,S00629,6,80,2,2026-06-11
Q004409,S00629,7,78,1,2026-06-12
Q004410,S00629,8,65,2,2026-06-15
Q004411,S00629,9,68,2,2026-06-18
Q004412,S00629,10,62,1,2026-06-19
Q004413,S00630,1,83,2,2026-04-20
Q004414,S00630,2,73,1,2026-04-21
Q004415,S00630,3,82,1,2026-04-22
Q004416,S00630,4,72,2,2026-04-25
Q004417,S00630,5,89,1,2026-04-27
Q004418,S00630,6,84,2,2026-04-28
Q004419,S00630,7,71,2,2026-05-01
Q004420,S00630,8,81,2,2026-05-04
Q004421,S00630,9,82,1,2026-05-06
Q004422,S00630,10,83,1,2026-05-08
Q004423,S00631,1,76,1,2026-02-05
Q004424,S00631,2,70,3,2026-02-14
Q004425,S00631,3,71,2,2026-03-01
Q004426,S00632,1,53,1,2026-04-28
Q004427,S00633,1,76,2,2026-03-19
Q004428,S00633,2,86,2,2026-03-22
Q004429,S00633,3,84,2,2026-03-23
Q004430,S00633,4,82,1,2026-03-24
Q004431,S00633,5,76,1,2026-03-27
Q004432,S00633,6,82,2,2026-03-29
Q004433,S00633,7,71,2,2026-03-31
Q004434,S00633,8,72,1,2026-04-03
Q004435,S00633,9,68,1,2026-04-04
Q004436,S00633,10,80,1,2026-04-05
Q004437,S00634,1,87,2,2026-05-12
Q004438,S00634,2,92,2,2026-05-13
Q004439,S00634,3,85,2,2026-05-14
Q004440,S00634,4,85,1,2026-05-17
Q004441,S00634,5,80,1,2026-05-19
Q004442,S00634,6,94,2,2026-05-20
Q004443,S00634,7,93,1,2026-05-23
Q004444,S00634,8,78,2,2026-05-24
Q004445,S00634,9,92,1,2026-05-26
Q004446,S00634,10,90,2,2026-05-27
Q004447,S00635,1,79,2,2026-05-05
Q004448,S00635,2,78,1,2026-05-08
Q004449,S00635,3,77,2,2026-05-11
Q004450,S00635,4,84,2,2026-05-12
Q004451,S00635,5,77,1,2026-05-15
Q004452,S00635,6,71,1,2026-05-18
Q004453,S00635,7,72,2,2026-05-20
Q004454,S00635,8,75,1,2026-05-23
Q004455,S00635,9,80,2,2026-05-25
Q004456,S00635,10,88,1,2026-05-26
Q004457,S00636,1,89,1,2026-01-15
Q004458,S00636,2,83,2,2026-01-18
Q004459,S00636,3,92,1,2026-01-20
Q004460,S00636,4,96,1,2026-01-23
Q004461,S00636,5,97,2,2026-01-26
Q004462,S00636,6,88,2,2026-01-28
Q004463,S00636,7,82,1,2026-01-29
Q004464,S00636,8,82,1,2026-02-01
Q004465,S00636,9,98,2,2026-02-03
Q004466,S00636,10,82,2,2026-02-04
Q004467,S00637,1,84,1,2026-05-24
Q004468,S00637,2,98,2,2026-05-26
Q004469,S00637,3,81,2,2026-05-27
Q004470,S00637,4,95,2,2026-05-28
Q004471,S00637,5,83,1,2026-05-30
Q004472,S00637,6,90,2,2026-06-01
Q004473,S00637,7,95,2,2026-06-03
Q004474,S00637,8,96,1,2026-06-05
Q004475,S00637,9,99,1,2026-06-07
Q004476,S00637,10,92,2,2026-06-10
Q004477,S00638,1,80,1,2026-01-15
Q004478,S00638,2,99,1,2026-01-17
Q004479,S00638,3,95,1,2026-01-20
Q004480,S00638,4,95,2,2026-01-21
Q004481,S00638,5,82,2,2026-01-22
Q004482,S00638,6,97,2,2026-01-23
Q004483,S00638,7,83,2,2026-01-26
Q004484,S00638,8,82,2,2026-01-27
Q004485,S00638,9,84,2,2026-01-29
Q004486,S00638,10,87,1,2026-01-31
Q004487,S00639,1,72,1,2026-04-06
Q004488,S00639,2,72,2,2026-04-07
Q004489,S00639,3,83,1,2026-04-08
Q004490,S00639,4,65,1,2026-04-11
Q004491,S00639,5,76,2,2026-04-14
Q004492,S00639,6,79,1,2026-04-15
Q004493,S00639,7,70,1,2026-04-17
Q004494,S00639,8,67,1,2026-04-18
Q004495,S00639,9,73,1,2026-04-19
Q004496,S00639,10,82,1,2026-04-20
Q004497,S00640,1,83,2,2026-01-27
Q004498,S00640,2,77,2,2026-01-28
Q004499,S00640,3,84,1,2026-01-31
Q004500,S00640,4,75,1,2026-02-02
Q004501,S00640,5,85,1,2026-02-04
Q004502,S00640,6,77,2,2026-02-05
Q004503,S00640,7,92,1,2026-02-07
Q004504,S00640,8,73,1,2026-02-09
Q004505,S00640,9,91,1,2026-02-12
Q004506,S00640,10,78,2,2026-02-13
Q004507,S00641,1,62,1,2026-05-30
Q004508,S00641,2,64,1,2026-05-31
Q004509,S00641,3,70,2,2026-06-03
Q004510,S00641,4,80,1,2026-06-06
Q004511,S00641,5,72,2,2026-06-08
Q004512,S00641,6,70,1,2026-06-10
Q004513,S00641,7,61,2,2026-06-13
Q004514,S00641,8,63,2,2026-06-14
Q004515,S00641,9,67,1,2026-06-16
Q004516,S00641,10,76,2,2026-06-18
Q004517,S00642,1,72,1,2026-04-05
Q004518,S00642,2,74,2,2026-04-08
Q004519,S00642,3,72,2,2026-04-10
Q004520,S00642,4,79,1,2026-04-13
Q004521,S00642,5,78,2,2026-04-16
Q004522,S00642,6,74,2,2026-04-18
Q004523,S00642,7,87,2,2026-04-20
Q004524,S00642,8,86,2,2026-04-21
Q004525,S00642,9,70,1,2026-04-22
Q004526,S00642,10,84,1,2026-04-25
Q004527,S00643,1,77,2,2026-05-24
Q004528,S00643,2,74,1,2026-05-27
Q004529,S00643,3,65,1,2026-05-28
Q004530,S00643,4,82,1,2026-05-30
Q004531,S00643,5,74,2,2026-05-31
Q004532,S00643,6,66,1,2026-06-03
Q004533,S00643,7,72,1,2026-06-06
Q004534,S00643,8,66,1,2026-06-08
Q004535,S00643,9,67,1,2026-06-09
Q004536,S00643,10,79,1,2026-06-10
Q004537,S00644,1,85,1,2026-03-24
Q004538,S00644,2,91,2,2026-03-27
Q004539,S00644,3,79,1,2026-03-29
Q004540,S00644,4,91,1,2026-04-01
Q004541,S00644,5,81,1,2026-04-04
Q004542,S00644,6,85,2,2026-04-07
Q004543,S00644,7,76,1,2026-04-08
Q004544,S00644,8,80,1,2026-04-10
Q004545,S00644,9,78,1,2026-04-11
Q004546,S00644,10,82,2,2026-04-13
Q004547,S00645,1,97,2,2026-01-15
Q004548,S00645,2,86,1,2026-01-18
Q004549,S00645,3,99,1,2026-01-21
Q004550,S00645,4,92,2,2026-01-22
Q004551,S00645,5,93,1,2026-01-25
Q004552,S00645,6,82,1,2026-01-26
Q004553,S00645,7,91,1,2026-01-28
Q004554,S00645,8,80,1,2026-01-31
Q004555,S00645,9,96,1,2026-02-01
Q004556,S00645,10,86,2,2026-02-04
Q004557,S00646,1,72,1,2026-03-29
Q004558,S00647,1,64,3,2026-03-06
Q004559,S00647,2,66,1,2026-03-12
Q004560,S00647,3,63,3,2026-03-17
Q004561,S00647,4,57,3,2026-03-24
Q004562,S00647,5,57,2,2026-04-04
Q004563,S00647,6,43,1,2026-04-09
Q004564,S00647,7,49,3,2026-04-18
Q004565,S00647,8,45,2,2026-04-26
Q004566,S00648,1,75,3,2026-04-03
Q004567,S00648,2,76,3,2026-04-15
Q004568,S00648,3,75,2,2026-04-27
Q004569,S00649,1,61,3,2026-05-08
Q004570,S00649,2,58,3,2026-05-13
Q004571,S00649,3,63,1,2026-05-18
Q004572,S00649,4,53,1,2026-05-31
Q004573,S00649,5,59,2,2026-06-11
Q004574,S00650,1,79,2,2026-02-02
Q004575,S00650,2,84,1,2026-02-03
Q004576,S00650,3,83,2,2026-02-05
Q004577,S00650,4,72,1,2026-02-06
Q004578,S00650,5,75,2,2026-02-07
Q004579,S00650,6,86,1,2026-02-10
Q004580,S00650,7,80,1,2026-02-13
Q004581,S00650,8,82,1,2026-02-15
Q004582,S00650,9,76,2,2026-02-17
Q004583,S00650,10,77,1,2026-02-20
Q004584,S00651,1,68,1,2026-04-02
Q004585,S00651,2,75,1,2026-04-04
Q004586,S00651,3,82,1,2026-04-05
Q004587,S00651,4,81,1,2026-04-08
Q004588,S00651,5,64,1,2026-04-11
Q004589,S00651,6,72,1,2026-04-12
Q004590,S00651,7,67,1,2026-04-15
Q004591,S00651,8,70,2,2026-04-18
Q004592,S00651,9,75,1,2026-04-19
Q004593,S00651,10,63,1,2026-04-21
Q004594,S00652,1,79,2,2026-03-04
Q004595,S00652,2,88,1,2026-03-07
Q004596,S00652,3,85,2,2026-03-08
Q004597,S00652,4,86,2,2026-03-10
Q004598,S00652,5,85,1,2026-03-11
Q004599,S00652,6,76,2,2026-03-14
Q004600,S00652,7,77,1,2026-03-16
Q004601,S00652,8,74,1,2026-03-18
Q004602,S00652,9,71,1,2026-03-19
Q004603,S00652,10,75,1,2026-03-20
Q004604,S00653,1,88,3,2026-01-23
Q004605,S00653,2,81,3,2026-01-31
Q004606,S00653,3,78,2,2026-02-05
Q004607,S00653,4,74,3,2026-02-13
Q004608,S00653,5,76,1,2026-02-21
Q004609,S00654,1,62,1,2026-04-01
Q004610,S00654,2,55,3,2026-04-10
Q004611,S00654,3,58,1,2026-04-20
Q004612,S00654,4,56,1,2026-04-27
Q004613,S00654,5,52,3,2026-05-13
Q004614,S00655,1,77,2,2026-03-27
Q004615,S00655,2,73,1,2026-03-30
Q004616,S00655,3,62,2,2026-04-02
Q004617,S00655,4,69,2,2026-04-04
Q004618,S00655,5,73,2,2026-04-06
Q004619,S00655,6,77,2,2026-04-07
Q004620,S00655,7,64,1,2026-04-08
Q004621,S00655,8,70,1,2026-04-11
Q004622,S00655,9,69,1,2026-04-14
Q004623,S00655,10,63,1,2026-04-16
Q004624,S00656,1,90,1,2026-04-28
Q004625,S00656,2,100,2,2026-04-29
Q004626,S00656,3,88,2,2026-04-30
Q004627,S00656,4,82,1,2026-05-01
Q004628,S00656,5,96,1,2026-05-02
Q004629,S00656,6,97,1,2026-05-03
Q004630,S00656,7,88,1,2026-05-04
Q004631,S00656,8,99,2,2026-05-06
Q004632,S00656,9,98,1,2026-05-08
Q004633,S00656,10,96,2,2026-05-11
Q004634,S00657,1,93,1,2026-04-14
Q004635,S00657,2,88,2,2026-04-15
Q004636,S00657,3,78,1,2026-04-16
Q004637,S00657,4,88,2,2026-04-19
Q004638,S00657,5,95,1,2026-04-22
Q004639,S00657,6,92,1,2026-04-23
Q004640,S00657,7,78,1,2026-04-25
Q004641,S00657,8,90,2,2026-04-26
Q004642,S00657,9,86,2,2026-04-29
Q004643,S00657,10,91,1,2026-05-02
Q004644,S00658,1,76,1,2026-03-27
Q004645,S00658,2,87,2,2026-03-29
Q004646,S00658,3,79,1,2026-04-01
Q004647,S00658,4,84,2,2026-04-02
Q004648,S00658,5,84,1,2026-04-03
Q004649,S00658,6,78,2,2026-04-05
Q004650,S00658,7,87,2,2026-04-07
Q004651,S00658,8,83,2,2026-04-10
Q004652,S00658,9,76,1,2026-04-11
Q004653,S00658,10,80,1,2026-04-14
Q004654,S00659,1,86,3,2026-04-14
Q004655,S00659,2,82,3,2026-04-22
Q004656,S00659,3,75,3,2026-04-30
Q004657,S00659,4,76,1,2026-05-15
Q004658,S00659,5,75,1,2026-06-01
Q004659,S00660,1,81,3,2026-04-24
Q004660,S00660,2,80,1,2026-04-30
Q004661,S00660,3,74,3,2026-05-05
Q004662,S00660,4,67,3,2026-05-12
Q004663,S00660,5,71,3,2026-05-22
Q004664,S00660,6,70,1,2026-06-04
Q004665,S00660,7,66,2,2026-06-16
Q004666,S00660,8,63,2,2026-06-27
Q004667,S00661,1,74,2,2026-03-30
Q004668,S00661,2,76,1,2026-04-01
Q004669,S00661,3,79,1,2026-04-02
Q004670,S00661,4,74,2,2026-04-05
Q004671,S00661,5,62,2,2026-04-06
Q004672,S00661,6,71,2,2026-04-07
Q004673,S00661,7,62,1,2026-04-08
Q004674,S00661,8,65,2,2026-04-09
Q004675,S00661,9,78,1,2026-04-11
Q004676,S00661,10,62,2,2026-04-14
Q004677,S00662,1,52,1,2026-03-22
Q004678,S00662,2,43,1,2026-03-24
Q004679,S00663,1,68,2,2026-02-17
Q004680,S00663,2,67,1,2026-02-24
Q004681,S00663,3,69,1,2026-03-05
Q004682,S00663,4,64,2,2026-03-15
Q004683,S00663,5,53,2,2026-03-28
Q004684,S00663,6,58,3,2026-04-09
Q004685,S00664,1,85,2,2026-05-28
Q004686,S00664,2,84,2,2026-05-30
Q004687,S00664,3,90,2,2026-05-31
Q004688,S00664,4,99,2,2026-06-03
Q004689,S00664,5,92,2,2026-06-06
Q004690,S00664,6,86,1,2026-06-07
Q004691,S00664,7,98,1,2026-06-08
Q004692,S00664,8,92,2,2026-06-09
Q004693,S00664,9,80,2,2026-06-10
Q004694,S00664,10,82,1,2026-06-12
Q004695,S00665,1,88,1,2026-05-13
Q004696,S00665,2,76,2,2026-05-16
Q004697,S00665,3,75,1,2026-05-18
Q004698,S00665,4,86,1,2026-05-21
Q004699,S00665,5,80,1,2026-05-23
Q004700,S00665,6,86,1,2026-05-26
Q004701,S00665,7,75,1,2026-05-27
Q004702,S00665,8,80,1,2026-05-28
Q004703,S00665,9,78,1,2026-05-29
Q004704,S00665,10,79,2,2026-05-31
Q004705,S00666,1,87,1,2026-03-05
Q004706,S00666,2,80,1,2026-03-08
Q004707,S00666,3,86,1,2026-03-09
Q004708,S00666,4,75,1,2026-03-11
Q004709,S00666,5,78,2,2026-03-13
Q004710,S00666,6,81,2,2026-03-16
Q004711,S00666,7,82,2,2026-03-18
Q004712,S00666,8,89,2,2026-03-19
Q004713,S00666,9,85,1,2026-03-20
Q004714,S00666,10,75,1,2026-03-23
Q004715,S00667,1,73,1,2026-02-12
Q004716,S00667,2,65,1,2026-02-13
Q004717,S00667,3,72,2,2026-02-15
Q004718,S00667,4,83,1,2026-02-17
Q004719,S00667,5,73,2,2026-02-20
Q004720,S00667,6,72,2,2026-02-21
Q004721,S00667,7,80,2,2026-02-24
Q004722,S00667,8,78,2,2026-02-25
Q004723,S00667,9,83,2,2026-02-28
Q004724,S00667,10,69,2,2026-03-02
Q004725,S00668,1,69,2,2026-01-17
Q004726,S00668,2,67,2,2026-01-19
Q004727,S00668,3,78,2,2026-01-21
Q004728,S00668,4,71,2,2026-01-22
Q004729,S00668,5,67,2,2026-01-24
Q004730,S00668,6,79,2,2026-01-27
Q004731,S00668,7,78,1,2026-01-28
Q004732,S00668,8,67,1,2026-01-29
Q004733,S00668,9,66,1,2026-02-01
Q004734,S00668,10,64,2,2026-02-02
Q004735,S00669,1,75,1,2026-03-18
Q004736,S00669,2,75,1,2026-03-19
Q004737,S00669,3,78,1,2026-03-21
Q004738,S00669,4,88,2,2026-03-23
Q004739,S00669,5,83,1,2026-03-24
Q004740,S00669,6,90,2,2026-03-26
Q004741,S00669,7,93,2,2026-03-27
Q004742,S00669,8,90,2,2026-03-30
Q004743,S00669,9,76,2,2026-03-31
Q004744,S00669,10,93,2,2026-04-02
Q004745,S00670,1,70,2,2026-03-05
Q004746,S00670,2,72,2,2026-03-06
Q004747,S00670,3,71,1,2026-03-09
Q004748,S00670,4,76,2,2026-03-10
Q004749,S00670,5,77,1,2026-03-13
Q004750,S00670,6,86,2,2026-03-14
Q004751,S00670,7,85,2,2026-03-16
Q004752,S00670,8,79,1,2026-03-18
Q004753,S00670,9,76,2,2026-03-20
Q004754,S00670,10,76,1,2026-03-22
Q004755,S00671,1,79,1,2026-03-03
Q004756,S00671,2,81,2,2026-03-04
Q004757,S00671,3,94,2,2026-03-05
Q004758,S00671,4,76,1,2026-03-08
Q004759,S00671,5,80,2,2026-03-10
Q004760,S00671,6,79,2,2026-03-11
Q004761,S00671,7,77,2,2026-03-13
Q004762,S00671,8,89,2,2026-03-15
Q004763,S00671,9,84,2,2026-03-18
Q004764,S00671,10,77,1,2026-03-20
Q004765,S00672,1,66,1,2026-03-03
Q004766,S00672,2,63,1,2026-03-05
Q004767,S00673,1,74,2,2026-03-30
Q004768,S00673,2,81,2,2026-03-31
Q004769,S00673,3,72,1,2026-04-01
Q004770,S00673,4,79,2,2026-04-02
Q004771,S00673,5,81,1,2026-04-05
Q004772,S00673,6,71,2,2026-04-08
Q004773,S00673,7,75,2,2026-04-10
Q004774,S00673,8,80,2,2026-04-11
Q004775,S00673,9,72,1,2026-04-14
Q004776,S00673,10,68,1,2026-04-16
Q004777,S00674,1,68,1,2026-02-23
Q004778,S00674,2,78,1,2026-02-25
Q004779,S00674,3,70,2,2026-02-27
Q004780,S00674,4,81,2,2026-03-01
Q004781,S00674,5,74,2,2026-03-02
Q004782,S00674,6,77,2,2026-03-05
Q004783,S00674,7,78,2,2026-03-08
Q004784,S00674,8,68,1,2026-03-10
Q004785,S00674,9,85,1,2026-03-11
Q004786,S00674,10,84,1,2026-03-12
Q004787,S00675,1,72,1,2026-05-27
Q004788,S00675,2,75,1,2026-05-28
Q004789,S00675,3,86,2,2026-05-29
Q004790,S00675,4,75,1,2026-05-30
Q004791,S00675,5,70,1,2026-05-31
Q004792,S00675,6,67,1,2026-06-03
Q004793,S00675,7,78,2,2026-06-04
Q004794,S00675,8,85,2,2026-06-05
Q004795,S00675,9,74,2,2026-06-06
Q004796,S00675,10,76,2,2026-06-08
Q004797,S00676,1,67,1,2026-04-19
Q004798,S00677,1,83,1,2026-05-20
Q004799,S00677,2,80,2,2026-05-22
Q004800,S00677,3,77,1,2026-05-24
Q004801,S00677,4,82,2,2026-05-27
Q004802,S00677,5,73,1,2026-05-29
Q004803,S00677,6,71,2,2026-06-01
Q004804,S00677,7,70,2,2026-06-04
Q004805,S00677,8,70,1,2026-06-06
Q004806,S00677,9,88,2,2026-06-07
Q004807,S00677,10,86,1,2026-06-10
Q004808,S00678,1,73,2,2026-05-13
Q004809,S00678,2,83,2,2026-05-15
Q004810,S00678,3,79,1,2026-05-18
Q004811,S00678,4,78,2,2026-05-20
Q004812,S00678,5,72,1,2026-05-21
Q004813,S00678,6,84,1,2026-05-22
Q004814,S00678,7,90,2,2026-05-24
Q004815,S00678,8,82,1,2026-05-27
Q004816,S00678,9,83,1,2026-05-30
Q004817,S00678,10,75,2,2026-06-02
Q004818,S00679,1,62,1,2026-04-25
Q004819,S00679,2,59,1,2026-04-27
Q004820,S00681,1,82,1,2026-01-18
Q004821,S00681,2,77,2,2026-01-23
Q004822,S00681,3,84,3,2026-01-29
Q004823,S00681,4,73,1,2026-02-05
Q004824,S00681,5,69,1,2026-02-15
Q004825,S00681,6,71,1,2026-02-25
Q004826,S00681,7,74,2,2026-03-13
Q004827,S00682,1,83,1,2026-04-18
Q004828,S00682,2,79,1,2026-04-20
Q004829,S00682,3,78,1,2026-04-22
Q004830,S00682,4,76,2,2026-04-25
Q004831,S00682,5,68,1,2026-04-26
Q004832,S00682,6,73,2,2026-04-27
Q004833,S00682,7,83,1,2026-04-29
Q004834,S00682,8,79,2,2026-04-30
Q004835,S00682,9,82,2,2026-05-01
Q004836,S00682,10,81,2,2026-05-03
Q004837,S00683,1,76,2,2026-04-20
Q004838,S00683,2,73,2,2026-04-22
Q004839,S00683,3,71,1,2026-04-25
Q004840,S00683,4,74,1,2026-04-27
Q004841,S00683,5,78,2,2026-04-28
Q004842,S00683,6,88,2,2026-04-29
Q004843,S00683,7,78,2,2026-05-01
Q004844,S00683,8,79,1,2026-05-03
Q004845,S00683,9,83,2,2026-05-06
Q004846,S00683,10,84,2,2026-05-09
Q004847,S00684,1,74,3,2026-05-10
Q004848,S00684,2,77,3,2026-05-21
Q004849,S00686,1,74,3,2026-05-29
Q004850,S00686,2,75,3,2026-06-05
Q004851,S00686,3,71,3,2026-06-12
Q004852,S00686,4,67,2,2026-06-26
Q004853,S00687,1,69,2,2026-04-18
Q004854,S00687,2,72,1,2026-04-22
Q004855,S00687,3,66,3,2026-04-28
Q004856,S00687,4,59,3,2026-05-11
Q004857,S00687,5,61,3,2026-05-24
Q004858,S00688,1,63,2,2026-05-04
Q004859,S00688,2,72,2,2026-05-06
Q004860,S00688,3,68,1,2026-05-07
Q004861,S00688,4,62,1,2026-05-08
Q004862,S00688,5,76,1,2026-05-09
Q004863,S00688,6,63,1,2026-05-12
Q004864,S00688,7,66,1,2026-05-13
Q004865,S00688,8,60,1,2026-05-14
Q004866,S00688,9,77,2,2026-05-17
Q004867,S00688,10,73,1,2026-05-20
Q004868,S00689,1,67,1,2026-05-27
Q004869,S00689,2,61,2,2026-06-03
Q004870,S00689,3,58,3,2026-06-15
Q004871,S00689,4,65,2,2026-06-24
Q004872,S00690,1,61,1,2026-02-07
Q004873,S00690,2,68,1,2026-02-10
Q004874,S00690,3,61,2,2026-02-13
Q004875,S00690,4,66,2,2026-02-14
Q004876,S00690,5,68,1,2026-02-16
Q004877,S00690,6,75,2,2026-02-19
Q004878,S00690,7,74,1,2026-02-21
Q004879,S00690,8,59,2,2026-02-23
Q004880,S00690,9,76,2,2026-02-26
Q004881,S00690,10,77,1,2026-02-27
Q004882,S00691,1,87,2,2026-05-03
Q004883,S00691,2,83,1,2026-05-04
Q004884,S00691,3,88,1,2026-05-05
Q004885,S00691,4,91,1,2026-05-06
Q004886,S00691,5,93,2,2026-05-08
Q004887,S00691,6,98,2,2026-05-09
Q004888,S00691,7,95,1,2026-05-11
Q004889,S00691,8,83,2,2026-05-12
Q004890,S00691,9,93,1,2026-05-15
Q004891,S00691,10,99,1,2026-05-16
Q004892,S00692,1,80,1,2026-04-26
Q004893,S00692,2,81,2,2026-04-28
Q004894,S00692,3,71,1,2026-04-29
Q004895,S00692,4,66,1,2026-05-01
Q004896,S00692,5,83,1,2026-05-02
Q004897,S00692,6,83,2,2026-05-03
Q004898,S00692,7,70,2,2026-05-06
Q004899,S00692,8,85,2,2026-05-08
Q004900,S00692,9,83,1,2026-05-10
Q004901,S00692,10,85,1,2026-05-11
Q004902,S00693,1,88,2,2026-02-16
Q004903,S00693,2,86,2,2026-02-19
Q004904,S00693,3,72,2,2026-02-22
Q004905,S00693,4,82,2,2026-02-25
Q004906,S00693,5,71,2,2026-02-26
Q004907,S00693,6,74,1,2026-02-27
Q004908,S00693,7,76,1,2026-03-02
Q004909,S00693,8,73,1,2026-03-04
Q004910,S00693,9,81,1,2026-03-05
Q004911,S00693,10,76,2,2026-03-07
Q004912,S00694,1,78,2,2026-03-23
Q004913,S00694,2,83,2,2026-03-24
Q004914,S00694,3,78,2,2026-03-26
Q004915,S00694,4,69,1,2026-03-27
Q004916,S00694,5,83,2,2026-03-29
Q004917,S00694,6,69,2,2026-03-31
Q004918,S00694,7,66,2,2026-04-01
Q004919,S00694,8,83,1,2026-04-03
Q004920,S00694,9,67,1,2026-04-05
Q004921,S00694,10,78,1,2026-04-06
Q004922,S00695,1,82,1,2026-03-30
Q004923,S00695,2,80,2,2026-04-02
Q004924,S00695,3,75,1,2026-04-03
Q004925,S00695,4,65,2,2026-04-04
Q004926,S00695,5,70,2,2026-04-05
Q004927,S00695,6,73,1,2026-04-06
Q004928,S00695,7,72,1,2026-04-08
Q004929,S00695,8,64,2,2026-04-09
Q004930,S00695,9,79,2,2026-04-12
Q004931,S00695,10,65,1,2026-04-13
Q004932,S00696,1,64,1,2026-05-08
Q004933,S00696,2,60,3,2026-05-12
Q004934,S00696,3,56,2,2026-05-21
Q004935,S00696,4,53,2,2026-05-31
Q004936,S00697,1,78,2,2026-02-21
Q004937,S00697,2,73,2,2026-02-22
Q004938,S00697,3,87,1,2026-02-23
Q004939,S00697,4,88,2,2026-02-25
Q004940,S00697,5,74,1,2026-02-28
Q004941,S00697,6,73,1,2026-03-02
Q004942,S00697,7,83,1,2026-03-05
Q004943,S00697,8,82,1,2026-03-07
Q004944,S00697,9,74,1,2026-03-10
Q004945,S00697,10,87,1,2026-03-12
Q004946,S00698,1,83,2,2026-05-10
Q004947,S00698,2,84,1,2026-05-18
Q004948,S00698,3,72,1,2026-05-24
Q004949,S00698,4,70,2,2026-06-02
Q004950,S00698,5,71,3,2026-06-10
Q004951,S00699,1,67,2,2026-04-28
Q004952,S00699,2,78,2,2026-05-01
Q004953,S00699,3,69,1,2026-05-04
Q004954,S00699,4,69,1,2026-05-06
Q004955,S00699,5,71,1,2026-05-08
Q004956,S00699,6,82,1,2026-05-09
Q004957,S00699,7,80,2,2026-05-12
Q004958,S00699,8,80,1,2026-05-14
Q004959,S00699,9,79,2,2026-05-17
Q004960,S00699,10,72,2,2026-05-18
Q004961,S00700,1,79,1,2026-02-23
Q004962,S00700,2,78,2,2026-02-26
Q004963,S00700,3,78,1,2026-02-28
Q004964,S00700,4,84,2,2026-03-01
Q004965,S00700,5,78,1,2026-03-04
Q004966,S00700,6,82,1,2026-03-07
Q004967,S00700,7,77,1,2026-03-09
Q004968,S00700,8,72,1,2026-03-10
Q004969,S00700,9,72,2,2026-03-12
Q004970,S00700,10,81,2,2026-03-15
Q004971,S00701,1,72,1,2026-03-07
Q004972,S00701,2,75,1,2026-03-10
Q004973,S00701,3,69,2,2026-03-13
Q004974,S00701,4,78,1,2026-03-16
Q004975,S00701,5,81,1,2026-03-18
Q004976,S00701,6,84,1,2026-03-20
Q004977,S00701,7,77,1,2026-03-21
Q004978,S00701,8,83,1,2026-03-24
Q004979,S00701,9,67,2,2026-03-26
Q004980,S00701,10,78,1,2026-03-27
Q004981,S00702,1,60,1,2026-04-08
Q004982,S00702,2,71,1,2026-04-11
Q004983,S00702,3,67,2,2026-04-14
Q004984,S00702,4,75,2,2026-04-15
Q004985,S00702,5,62,1,2026-04-18
Q004986,S00702,6,63,2,2026-04-20
Q004987,S00702,7,74,1,2026-04-22
Q004988,S00702,8,63,1,2026-04-25
Q004989,S00702,9,76,2,2026-04-28
Q004990,S00702,10,70,1,2026-04-30
Q004991,S00703,1,94,1,2026-04-02
Q004992,S00703,2,98,2,2026-04-04
Q004993,S00703,3,88,2,2026-04-05
Q004994,S00703,4,81,1,2026-04-08
Q004995,S00703,5,86,1,2026-04-09
Q004996,S00703,6,84,2,2026-04-10
Q004997,S00703,7,91,1,2026-04-11
Q004998,S00703,8,82,2,2026-04-12
Q004999,S00703,9,88,1,2026-04-15
Q005000,S00703,10,89,1,2026-04-18
Q005001,S00704,1,76,2,2026-03-24
Q005002,S00704,2,62,1,2026-03-27
Q005003,S00704,3,66,1,2026-03-29
Q005004,S00704,4,65,2,2026-04-01
Q005005,S00704,5,63,1,2026-04-02
Q005006,S00704,6,70,1,2026-04-03
Q005007,S00704,7,65,1,2026-04-05
Q005008,S00704,8,77,2,2026-04-06
Q005009,S00704,9,72,2,2026-04-07
Q005010,S00704,10,73,2,2026-04-10
Q005011,S00705,1,83,2,2026-05-23
Q005012,S00705,2,76,2,2026-05-26
Q005013,S00705,3,81,1,2026-05-28
Q005014,S00705,4,89,1,2026-05-31
Q005015,S00705,5,77,2,2026-06-03
Q005016,S00705,6,75,1,2026-06-04
Q005017,S00705,7,82,2,2026-06-06
Q005018,S00705,8,82,2,2026-06-07
Q005019,S00705,9,75,1,2026-06-08
Q005020,S00705,10,84,2,2026-06-09
Q005021,S00706,1,51,1,2026-01-05
Q005022,S00707,1,60,1,2026-03-16
Q005023,S00707,2,68,2,2026-03-18
Q005024,S00707,3,69,2,2026-03-20
Q005025,S00707,4,77,1,2026-03-21
Q005026,S00707,5,58,1,2026-03-23
Q005027,S00707,6,77,2,2026-03-26
Q005028,S00707,7,64,1,2026-03-29
Q005029,S00707,8,68,2,2026-04-01
Q005030,S00707,9,77,1,2026-04-02
Q005031,S00707,10,64,2,2026-04-03
Q005032,S00708,1,84,1,2026-03-21
Q005033,S00708,2,77,3,2026-03-26
Q005034,S00708,3,78,3,2026-03-30
Q005035,S00708,4,78,3,2026-04-08
Q005036,S00708,5,73,2,2026-04-17
Q005037,S00708,6,69,3,2026-04-26
Q005038,S00708,7,58,1,2026-05-12
Q005039,S00709,1,65,1,2026-01-08
Q005040,S00709,2,65,2,2026-01-10
Q005041,S00709,3,74,1,2026-01-12
Q005042,S00709,4,75,1,2026-01-15
Q005043,S00709,5,66,2,2026-01-17
Q005044,S00709,6,79,2,2026-01-19
Q005045,S00709,7,72,1,2026-01-21
Q005046,S00709,8,61,1,2026-01-24
Q005047,S00709,9,64,1,2026-01-27
Q005048,S00709,10,74,1,2026-01-29
Q005049,S00710,1,79,3,2026-02-19
Q005050,S00710,2,81,3,2026-02-27
Q005051,S00710,3,84,3,2026-03-10
Q005052,S00710,4,79,1,2026-03-17
Q005053,S00711,1,73,2,2026-03-20
Q005054,S00711,2,67,3,2026-04-01
Q005055,S00711,3,67,2,2026-04-14
Q005056,S00712,1,84,2,2026-04-30
Q005057,S00712,2,82,3,2026-05-11
Q005058,S00712,3,78,1,2026-05-20
Q005059,S00713,1,81,1,2026-02-23
Q005060,S00713,2,85,2,2026-02-26
Q005061,S00713,3,70,2,2026-02-27
Q005062,S00713,4,77,1,2026-03-01
Q005063,S00713,5,69,1,2026-03-02
Q005064,S00713,6,80,2,2026-03-05
Q005065,S00713,7,74,1,2026-03-07
Q005066,S00713,8,69,2,2026-03-10
Q005067,S00713,9,72,1,2026-03-13
Q005068,S00713,10,86,1,2026-03-15
Q005069,S00714,1,65,1,2026-03-08
Q005070,S00714,2,82,1,2026-03-09
Q005071,S00714,3,78,2,2026-03-11
Q005072,S00714,4,76,2,2026-03-12
Q005073,S00714,5,69,1,2026-03-15
Q005074,S00714,6,65,1,2026-03-16
Q005075,S00714,7,81,2,2026-03-17
Q005076,S00714,8,83,1,2026-03-18
Q005077,S00714,9,73,1,2026-03-20
Q005078,S00714,10,75,2,2026-03-22
Q005079,S00715,1,68,2,2026-02-14
Q005080,S00715,2,73,2,2026-02-17
Q005081,S00715,3,64,1,2026-02-19
Q005082,S00715,4,67,2,2026-02-21
Q005083,S00715,5,64,1,2026-02-22
Q005084,S00715,6,67,2,2026-02-25
Q005085,S00715,7,65,1,2026-02-27
Q005086,S00715,8,63,1,2026-02-28
Q005087,S00715,9,67,2,2026-03-03
Q005088,S00715,10,69,2,2026-03-04
Q005089,S00716,1,61,1,2026-05-16
Q005090,S00716,2,55,1,2026-05-18
Q005091,S00717,1,77,1,2026-03-05
Q005092,S00717,2,79,3,2026-03-09
Q005093,S00717,3,80,3,2026-03-15
Q005094,S00717,4,70,2,2026-03-24
Q005095,S00717,5,73,1,2026-04-06
Q005096,S00717,6,68,3,2026-04-12
Q005097,S00717,7,58,3,2026-04-28
Q005098,S00718,1,65,1,2026-04-09
Q005099,S00719,1,81,1,2026-02-03
Q005100,S00719,2,95,2,2026-02-06
Q005101,S00719,3,85,2,2026-02-08
Q005102,S00719,4,79,1,2026-02-09
Q005103,S00719,5,97,2,2026-02-10
Q005104,S00719,6,79,1,2026-02-12
Q005105,S00719,7,98,1,2026-02-14
Q005106,S00719,8,80,2,2026-02-16
Q005107,S00719,9,86,2,2026-02-18
Q005108,S00719,10,87,1,2026-02-21
Q005109,S00720,1,66,2,2026-02-13
Q005110,S00720,2,58,1,2026-03-02
Q005111,S00722,1,93,1,2026-05-15
Q005112,S00722,2,91,2,2026-05-17
Q005113,S00722,3,97,2,2026-05-18
Q005114,S00722,4,89,2,2026-05-20
Q005115,S00722,5,94,2,2026-05-22
Q005116,S00722,6,97,1,2026-05-24
Q005117,S00722,7,92,1,2026-05-27
Q005118,S00722,8,98,1,2026-05-30
Q005119,S00722,9,90,2,2026-06-01
Q005120,S00722,10,88,2,2026-06-04
Q005121,S00723,1,78,2,2026-04-09
Q005122,S00723,2,73,2,2026-04-12
Q005123,S00723,3,64,2,2026-04-14
Q005124,S00723,4,65,1,2026-04-15
Q005125,S00723,5,68,2,2026-04-17
Q005126,S00723,6,74,2,2026-04-20
Q005127,S00723,7,67,2,2026-04-23
Q005128,S00723,8,69,2,2026-04-24
Q005129,S00723,9,65,1,2026-04-26
Q005130,S00723,10,73,1,2026-04-28
Q005131,S00724,1,77,2,2026-03-20
Q005132,S00724,2,78,2,2026-03-25
Q005133,S00724,3,79,3,2026-04-04
Q005134,S00724,4,78,1,2026-04-11
Q005135,S00724,5,74,1,2026-04-22
Q005136,S00725,1,66,3,2026-05-24
Q005137,S00725,2,63,3,2026-05-31
Q005138,S00725,3,56,1,2026-06-05
Q005139,S00725,4,62,2,2026-06-15
Q005140,S00725,5,55,2,2026-06-22
Q005141,S00725,6,53,2,2026-07-04
Q005142,S00725,7,57,1,2026-07-12
Q005143,S00725,8,52,3,2026-07-25
Q005144,S00726,1,67,2,2026-05-08
Q005145,S00726,2,71,1,2026-05-23
Q005146,S00727,1,87,2,2026-04-01
Q005147,S00727,2,94,1,2026-04-03
Q005148,S00727,3,93,1,2026-04-05
Q005149,S00727,4,88,2,2026-04-07
Q005150,S00727,5,90,1,2026-04-09
Q005151,S00727,6,89,1,2026-04-11
Q005152,S00727,7,96,2,2026-04-14
Q005153,S00727,8,89,1,2026-04-17
Q005154,S00727,9,96,1,2026-04-18
Q005155,S00727,10,92,1,2026-04-21
Q005156,S00728,1,85,2,2026-05-19
Q005157,S00728,2,78,3,2026-05-25
Q005158,S00728,3,77,1,2026-06-04
Q005159,S00728,4,80,3,2026-06-19
Q005160,S00729,1,82,1,2026-04-23
Q005161,S00729,2,80,1,2026-04-26
Q005162,S00729,3,88,2,2026-04-29
Q005163,S00729,4,82,2,2026-05-01
Q005164,S00729,5,86,2,2026-05-04
Q005165,S00729,6,96,1,2026-05-05
Q005166,S00729,7,96,2,2026-05-06
Q005167,S00729,8,95,2,2026-05-09
Q005168,S00729,9,77,1,2026-05-11
Q005169,S00729,10,79,1,2026-05-14
Q005170,S00730,1,76,2,2026-02-18
Q005171,S00730,2,81,1,2026-02-19
Q005172,S00730,3,65,2,2026-02-21
Q005173,S00730,4,77,1,2026-02-23
Q005174,S00730,5,76,1,2026-02-25
Q005175,S00730,6,66,2,2026-02-27
Q005176,S00730,7,78,1,2026-02-28
Q005177,S00730,8,67,2,2026-03-01
Q005178,S00730,9,69,2,2026-03-02
Q005179,S00730,10,73,2,2026-03-03
Q005180,S00731,1,80,2,2026-04-02
Q005181,S00731,2,78,2,2026-04-03
Q005182,S00731,3,85,1,2026-04-06
Q005183,S00731,4,88,1,2026-04-09
Q005184,S00731,5,76,1,2026-04-11
Q005185,S00731,6,73,2,2026-04-12
Q005186,S00731,7,74,1,2026-04-14
Q005187,S00731,8,77,1,2026-04-15
Q005188,S00731,9,77,2,2026-04-17
Q005189,S00731,10,86,2,2026-04-18
Q005190,S00732,1,80,3,2026-02-09
Q005191,S00732,2,71,2,2026-02-21
Q005192,S00733,1,83,3,2026-01-27
Q005193,S00733,2,82,2,2026-02-02
Q005194,S00733,3,74,1,2026-02-08
Q005195,S00733,4,72,3,2026-02-16
Q005196,S00733,5,71,3,2026-02-24
Q005197,S00733,6,60,3,2026-03-09
Q005198,S00733,7,69,2,2026-03-22
Q005199,S00733,8,56,2,2026-04-07
Q005200,S00734,1,74,1,2026-03-09
Q005201,S00734,2,73,2,2026-03-10
Q005202,S00734,3,85,1,2026-03-13
Q005203,S00734,4,86,1,2026-03-14
Q005204,S00734,5,73,2,2026-03-15
Q005205,S00734,6,77,2,2026-03-17
Q005206,S00734,7,80,2,2026-03-20
Q005207,S00734,8,74,2,2026-03-23
Q005208,S00734,9,81,2,2026-03-24
Q005209,S00734,10,74,1,2026-03-26
Q005210,S00735,1,75,1,2026-03-19
Q005211,S00735,2,85,1,2026-03-20
Q005212,S00735,3,69,2,2026-03-23
Q005213,S00735,4,69,1,2026-03-24
Q005214,S00735,5,81,2,2026-03-27
Q005215,S00735,6,77,1,2026-03-28
Q005216,S00735,7,75,1,2026-03-31
Q005217,S00735,8,77,1,2026-04-02
Q005218,S00735,9,79,2,2026-04-03
Q005219,S00735,10,84,2,2026-04-06
Q005220,S00737,1,66,1,2026-03-07
Q005221,S00737,2,71,2,2026-03-08
Q005222,S00737,3,75,2,2026-03-09
Q005223,S00737,4,66,2,2026-03-12
Q005224,S00737,5,78,1,2026-03-15
Q005225,S00737,6,66,2,2026-03-18
Q005226,S00737,7,71,1,2026-03-19
Q005227,S00737,8,66,2,2026-03-21
Q005228,S00737,9,79,2,2026-03-22
Q005229,S00737,10,71,2,2026-03-23
Q005230,S00738,1,72,1,2026-03-21
Q005231,S00738,2,68,3,2026-04-02
Q005232,S00738,3,70,3,2026-04-15
Q005233,S00739,1,71,2,2026-03-04
Q005234,S00739,2,86,1,2026-03-07
Q005235,S00739,3,86,2,2026-03-10
Q005236,S00739,4,68,2,2026-03-12
Q005237,S00739,5,69,1,2026-03-14
Q005238,S00739,6,77,2,2026-03-16
Q005239,S00739,7,80,2,2026-03-18
Q005240,S00739,8,86,2,2026-03-21
Q005241,S00739,9,74,2,2026-03-24
Q005242,S00739,10,77,2,2026-03-25
Q005243,S00740,1,73,1,2026-01-14
Q005244,S00740,2,78,2,2026-01-16
Q005245,S00740,3,67,2,2026-01-17
Q005246,S00740,4,70,1,2026-01-18
Q005247,S00740,5,76,1,2026-01-19
Q005248,S00740,6,60,1,2026-01-20
Q005249,S00740,7,65,2,2026-01-21
Q005250,S00740,8,65,2,2026-01-22
Q005251,S00740,9,71,1,2026-01-24
Q005252,S00740,10,76,2,2026-01-26
Q005253,S00741,1,87,2,2026-03-20
Q005254,S00741,2,85,2,2026-03-21
Q005255,S00741,3,82,1,2026-03-23
Q005256,S00741,4,82,1,2026-03-26
Q005257,S00741,5,80,1,2026-03-28
Q005258,S00741,6,84,1,2026-03-30
Q005259,S00741,7,70,2,2026-04-01
Q005260,S00741,8,78,1,2026-04-02
Q005261,S00741,9,75,1,2026-04-03
Q005262,S00741,10,74,2,2026-04-05
Q005263,S00742,1,76,1,2026-01-29
Q005264,S00742,2,86,1,2026-02-01
Q005265,S00742,3,77,2,2026-02-04
Q005266,S00742,4,69,1,2026-02-05
Q005267,S00742,5,78,2,2026-02-08
Q005268,S00742,6,85,2,2026-02-09
Q005269,S00742,7,69,1,2026-02-10
Q005270,S00742,8,88,1,2026-02-11
Q005271,S00742,9,82,2,2026-02-12
Q005272,S00742,10,82,2,2026-02-15
Q005273,S00743,1,59,2,2026-02-24
Q005274,S00743,2,58,1,2026-03-02
Q005275,S00743,3,59,1,2026-03-12
Q005276,S00744,1,79,2,2026-03-21
Q005277,S00744,2,79,1,2026-03-23
Q005278,S00744,3,71,2,2026-03-24
Q005279,S00744,4,73,1,2026-03-27
Q005280,S00744,5,74,2,2026-03-28
Q005281,S00744,6,70,1,2026-03-31
Q005282,S00744,7,83,1,2026-04-01
Q005283,S00744,8,67,1,2026-04-02
Q005284,S00744,9,82,2,2026-04-05
Q005285,S00744,10,68,1,2026-04-06
Q005286,S00745,1,90,1,2026-05-31
Q005287,S00745,2,86,2,2026-06-02
Q005288,S00745,3,89,2,2026-06-04
Q005289,S00745,4,81,1,2026-06-07
Q005290,S00745,5,97,2,2026-06-10
Q005291,S00745,6,90,2,2026-06-12
Q005292,S00745,7,80,1,2026-06-15
Q005293,S00745,8,93,2,2026-06-16
Q005294,S00745,9,92,1,2026-06-19
Q005295,S00745,10,87,1,2026-06-22
Q005296,S00746,1,58,1,2026-05-18
Q005297,S00747,1,62,1,2026-04-13
Q005298,S00747,2,69,2,2026-04-16
Q005299,S00747,3,75,2,2026-04-19
Q005300,S00747,4,73,1,2026-04-20
Q005301,S00747,5,71,1,2026-04-23
Q005302,S00747,6,57,2,2026-04-25
Q005303,S00747,7,70,1,2026-04-28
Q005304,S00747,8,62,1,2026-05-01
Q005305,S00747,9,65,2,2026-05-02
Q005306,S00747,10,72,2,2026-05-03
Q005307,S00748,1,67,1,2026-05-17
Q005308,S00748,2,84,1,2026-05-20
Q005309,S00748,3,80,1,2026-05-23
Q005310,S00748,4,70,2,2026-05-24
Q005311,S00748,5,69,2,2026-05-26
Q005312,S00748,6,84,2,2026-05-29
Q005313,S00748,7,73,1,2026-05-31
Q005314,S00748,8,76,2,2026-06-02
Q005315,S00748,9,84,2,2026-06-05
Q005316,S00748,10,81,1,2026-06-07
Q005317,S00749,1,51,1,2026-04-26
Q005318,S00750,1,78,3,2026-01-21
Q005319,S00750,2,80,1,2026-01-28
Q005320,S00750,3,70,2,2026-02-06
Q005321,S00750,4,72,1,2026-02-13
Q005322,S00750,5,72,2,2026-02-24
Q005323,S00750,6,64,3,2026-03-08
Q005324,S00751,1,76,1,2026-04-21
Q005325,S00751,2,81,1,2026-04-23
Q005326,S00751,3,66,2,2026-04-24
Q005327,S00751,4,82,1,2026-04-26
Q005328,S00751,5,80,1,2026-04-29
Q005329,S00751,6,74,1,2026-05-01
Q005330,S00751,7,69,1,2026-05-03
Q005331,S00751,8,85,2,2026-05-05
Q005332,S00751,9,74,2,2026-05-07
Q005333,S00751,10,73,1,2026-05-08
Q005334,S00752,1,55,1,2026-01-12
Q005335,S00753,1,77,1,2026-05-31
Q005336,S00753,2,80,2,2026-06-07
Q005337,S00753,3,69,1,2026-06-16
Q005338,S00753,4,69,3,2026-06-24
Q005339,S00753,5,71,1,2026-07-02
Q005340,S00754,1,69,2,2026-03-01
Q005341,S00754,2,70,2,2026-03-03
Q005342,S00754,3,79,1,2026-03-05
Q005343,S00754,4,84,2,2026-03-06
Q005344,S00754,5,75,1,2026-03-09
Q005345,S00754,6,68,2,2026-03-11
Q005346,S00754,7,68,2,2026-03-12
Q005347,S00754,8,74,1,2026-03-13
Q005348,S00754,9,85,2,2026-03-16
Q005349,S00754,10,85,2,2026-03-17
Q005350,S00755,1,67,2,2026-03-13
Q005351,S00755,2,69,1,2026-03-15
Q005352,S00755,3,63,1,2026-03-18
Q005353,S00755,4,75,2,2026-03-19
Q005354,S00755,5,63,2,2026-03-22
Q005355,S00755,6,62,1,2026-03-24
Q005356,S00755,7,75,1,2026-03-27
Q005357,S00755,8,74,1,2026-03-28
Q005358,S00755,9,73,2,2026-03-29
Q005359,S00755,10,76,1,2026-03-31
Q005360,S00756,1,71,2,2026-04-24
Q005361,S00756,2,72,2,2026-05-03
Q005362,S00756,3,65,3,2026-05-15
Q005363,S00757,1,72,3,2026-04-16
Q005364,S00757,2,76,1,2026-04-28
Q005365,S00758,1,80,2,2026-01-10
Q005366,S00758,2,81,1,2026-01-12
Q005367,S00758,3,84,2,2026-01-15
Q005368,S00758,4,89,1,2026-01-16
Q005369,S00758,5,88,2,2026-01-18
Q005370,S00758,6,94,1,2026-01-21
Q005371,S00758,7,94,1,2026-01-22
Q005372,S00758,8,81,1,2026-01-25
Q005373,S00758,9,79,1,2026-01-27
Q005374,S00758,10,90,1,2026-01-28
Q005375,S00759,1,56,1,2026-04-26
Q005376,S00759,2,66,1,2026-04-27
Q005377,S00760,1,74,3,2026-03-06
Q005378,S00760,2,70,2,2026-03-14
Q005379,S00760,3,71,2,2026-03-30
Q005380,S00761,1,83,1,2026-05-10
Q005381,S00761,2,79,1,2026-05-11
Q005382,S00761,3,75,2,2026-05-12
Q005383,S00761,4,78,1,2026-05-13
Q005384,S00761,5,70,1,2026-05-16
Q005385,S00761,6,76,1,2026-05-19
Q005386,S00761,7,69,1,2026-05-22
Q005387,S00761,8,66,1,2026-05-25
Q005388,S00761,9,68,2,2026-05-27
Q005389,S00761,10,71,2,2026-05-28
Q005390,S00762,1,82,2,2026-04-23
Q005391,S00762,2,75,1,2026-04-24
Q005392,S00762,3,69,2,2026-04-26
Q005393,S00762,4,80,2,2026-04-28
Q005394,S00762,5,65,2,2026-04-30
Q005395,S00762,6,82,2,2026-05-03
Q005396,S00762,7,64,1,2026-05-05
Q005397,S00762,8,79,1,2026-05-07
Q005398,S00762,9,70,1,2026-05-08
Q005399,S00762,10,66,1,2026-05-10
Q005400,S00763,1,94,1,2026-03-13
Q005401,S00763,2,88,2,2026-03-14
Q005402,S00763,3,91,2,2026-03-17
Q005403,S00763,4,82,1,2026-03-18
Q005404,S00763,5,86,2,2026-03-21
Q005405,S00763,6,82,1,2026-03-23
Q005406,S00763,7,82,2,2026-03-25
Q005407,S00763,8,81,1,2026-03-26
Q005408,S00763,9,98,2,2026-03-28
Q005409,S00763,10,98,2,2026-03-30
Q005410,S00764,1,79,1,2026-02-10
Q005411,S00764,2,73,2,2026-02-21
Q005412,S00764,3,79,1,2026-03-04
Q005413,S00764,4,71,1,2026-03-21
Q005414,S00765,1,89,1,2026-02-10
Q005415,S00765,2,74,1,2026-02-12
Q005416,S00765,3,77,2,2026-02-15
Q005417,S00765,4,82,2,2026-02-16
Q005418,S00765,5,85,2,2026-02-18
Q005419,S00765,6,86,1,2026-02-20
Q005420,S00765,7,91,2,2026-02-22
Q005421,S00765,8,78,1,2026-02-23
Q005422,S00765,9,91,2,2026-02-25
Q005423,S00765,10,78,2,2026-02-28
Q005424,S00766,1,80,3,2026-03-11
Q005425,S00766,2,79,3,2026-03-18
Q005426,S00766,3,74,3,2026-03-24
Q005427,S00766,4,75,2,2026-04-01
Q005428,S00766,5,72,2,2026-04-09
Q005429,S00766,6,64,1,2026-04-16
Q005430,S00767,1,85,3,2026-02-25
Q005431,S00767,2,82,1,2026-03-02
Q005432,S00767,3,77,3,2026-03-13
Q005433,S00767,4,78,1,2026-03-22
Q005434,S00767,5,75,1,2026-04-05
Q005435,S00767,6,68,3,2026-04-14
Q005436,S00768,1,67,1,2026-01-18
Q005437,S00768,2,64,1,2026-01-20
Q005438,S00769,1,75,2,2026-01-10
Q005439,S00769,2,74,2,2026-01-13
Q005440,S00769,3,87,2,2026-01-14
Q005441,S00769,4,92,1,2026-01-17
Q005442,S00769,5,80,1,2026-01-20
Q005443,S00769,6,74,2,2026-01-22
Q005444,S00769,7,92,1,2026-01-25
Q005445,S00769,8,88,2,2026-01-26
Q005446,S00769,9,77,1,2026-01-28
Q005447,S00769,10,84,2,2026-01-31
Q005448,S00770,1,79,3,2026-05-05
Q005449,S00770,2,79,1,2026-05-14
Q005450,S00771,1,71,2,2026-03-21
Q005451,S00771,2,80,2,2026-03-23
Q005452,S00771,3,78,2,2026-03-26
Q005453,S00771,4,69,1,2026-03-27
Q005454,S00771,5,64,1,2026-03-29
Q005455,S00771,6,77,1,2026-03-30
Q005456,S00771,7,71,1,2026-04-02
Q005457,S00771,8,67,1,2026-04-05
Q005458,S00771,9,64,1,2026-04-07
Q005459,S00771,10,69,1,2026-04-10
Q005460,S00772,1,80,2,2026-01-31
Q005461,S00772,2,71,3,2026-02-06
Q005462,S00772,3,71,1,2026-02-13
Q005463,S00772,4,75,3,2026-02-23
Q005464,S00772,5,67,1,2026-03-07
Q005465,S00772,6,64,2,2026-03-19
Q005466,S00772,7,68,3,2026-04-01
Q005467,S00772,8,56,3,2026-04-15
Q005468,S00773,1,80,1,2026-02-09
Q005469,S00773,2,83,2,2026-02-10
Q005470,S00773,3,86,1,2026-02-13
Q005471,S00773,4,90,1,2026-02-16
Q005472,S00773,5,79,1,2026-02-18
Q005473,S00773,6,90,2,2026-02-19
Q005474,S00773,7,87,2,2026-02-21
Q005475,S00773,8,84,1,2026-02-24
Q005476,S00773,9,75,2,2026-02-25
Q005477,S00773,10,80,2,2026-02-28
Q005478,S00774,1,99,2,2026-05-16
Q005479,S00774,2,86,2,2026-05-18
Q005480,S00774,3,91,2,2026-05-20
Q005481,S00774,4,97,1,2026-05-21
Q005482,S00774,5,91,1,2026-05-24
Q005483,S00774,6,91,1,2026-05-25
Q005484,S00774,7,84,2,2026-05-27
Q005485,S00774,8,94,1,2026-05-30
Q005486,S00774,9,92,1,2026-05-31
Q005487,S00774,10,92,2,2026-06-03
Q005488,S00775,1,80,2,2026-05-23
Q005489,S00775,2,80,3,2026-06-01
Q005490,S00776,1,77,1,2026-03-30
Q005491,S00776,2,83,2,2026-04-02
Q005492,S00776,3,74,2,2026-04-03
Q005493,S00776,4,87,1,2026-04-05
Q005494,S00776,5,77,1,2026-04-07
Q005495,S00776,6,72,1,2026-04-09
Q005496,S00776,7,86,2,2026-04-10
Q005497,S00776,8,81,1,2026-04-13
Q005498,S00776,9,71,2,2026-04-16
Q005499,S00776,10,79,2,2026-04-19
Q005500,S00777,1,88,2,2026-03-14
Q005501,S00777,2,99,2,2026-03-17
Q005502,S00777,3,99,1,2026-03-18
Q005503,S00777,4,82,2,2026-03-21
Q005504,S00777,5,89,2,2026-03-23
Q005505,S00777,6,82,2,2026-03-25
Q005506,S00777,7,89,2,2026-03-26
Q005507,S00777,8,89,1,2026-03-27
Q005508,S00777,9,86,2,2026-03-28
Q005509,S00777,10,87,1,2026-03-29
Q005510,S00778,1,72,2,2026-05-19
Q005511,S00778,2,67,1,2026-05-25
Q005512,S00778,3,65,2,2026-06-02
Q005513,S00778,4,60,3,2026-06-18
Q005514,S00779,1,77,1,2026-04-06
Q005515,S00779,2,77,1,2026-04-09
Q005516,S00779,3,69,1,2026-04-16
Q005517,S00779,4,65,2,2026-04-24
Q005518,S00779,5,64,2,2026-05-01
Q005519,S00779,6,60,3,2026-05-13
Q005520,S00779,7,59,2,2026-05-23
Q005521,S00779,8,49,1,2026-06-05
Q005522,S00780,1,75,3,2026-05-04
Q005523,S00780,2,73,3,2026-05-12
Q005524,S00780,3,73,1,2026-05-25
Q005525,S00780,4,71,2,2026-06-12
Q005526,S00781,1,76,1,2026-01-19
Q005527,S00781,2,73,1,2026-01-24
Q005528,S00781,3,73,1,2026-02-03
Q005529,S00781,4,68,1,2026-02-15
Q005530,S00781,5,67,2,2026-02-27
Q005531,S00782,1,76,2,2026-01-08
Q005532,S00782,2,60,2,2026-01-09
Q005533,S00782,3,60,1,2026-01-10
Q005534,S00782,4,59,2,2026-01-12
Q005535,S00782,5,68,1,2026-01-13
Q005536,S00782,6,57,1,2026-01-15
Q005537,S00782,7,58,2,2026-01-18
Q005538,S00782,8,64,1,2026-01-20
Q005539,S00782,9,62,2,2026-01-22
Q005540,S00782,10,70,2,2026-01-23
Q005541,S00783,1,84,1,2026-04-22
Q005542,S00783,2,79,2,2026-04-23
Q005543,S00783,3,81,2,2026-04-24
Q005544,S00783,4,86,2,2026-04-25
Q005545,S00783,5,92,1,2026-04-26
Q005546,S00783,6,88,1,2026-04-28
Q005547,S00783,7,74,2,2026-05-01
Q005548,S00783,8,89,1,2026-05-02
Q005549,S00783,9,92,1,2026-05-03
Q005550,S00783,10,89,1,2026-05-05
Q005551,S00784,1,80,2,2026-04-14
Q005552,S00784,2,71,2,2026-04-17
Q005553,S00784,3,85,2,2026-04-19
Q005554,S00784,4,88,2,2026-04-21
Q005555,S00784,5,79,2,2026-04-24
Q005556,S00784,6,90,1,2026-04-25
Q005557,S00784,7,86,1,2026-04-27
Q005558,S00784,8,75,1,2026-04-29
Q005559,S00784,9,75,1,2026-05-02
Q005560,S00784,10,89,2,2026-05-03
Q005561,S00785,1,74,2,2026-02-27
Q005562,S00785,2,67,2,2026-03-02
Q005563,S00785,3,68,2,2026-03-04
Q005564,S00785,4,65,2,2026-03-06
Q005565,S00785,5,75,2,2026-03-09
Q005566,S00785,6,80,1,2026-03-11
Q005567,S00785,7,71,1,2026-03-13
Q005568,S00785,8,62,1,2026-03-16
Q005569,S00785,9,80,2,2026-03-18
Q005570,S00785,10,65,2,2026-03-19
Q005571,S00786,1,65,1,2026-03-26
Q005572,S00787,1,68,2,2026-01-19
Q005573,S00787,2,62,1,2026-01-26
Q005574,S00787,3,57,3,2026-02-08
Q005575,S00787,4,59,1,2026-02-23
Q005576,S00788,1,69,1,2026-02-25
Q005577,S00788,2,79,2,2026-02-28
Q005578,S00788,3,73,1,2026-03-03
Q005579,S00788,4,64,2,2026-03-05
Q005580,S00788,5,69,2,2026-03-08
Q005581,S00788,6,69,1,2026-03-10
Q005582,S00788,7,72,1,2026-03-11
Q005583,S00788,8,73,2,2026-03-13
Q005584,S00788,9,67,2,2026-03-15
Q005585,S00788,10,71,2,2026-03-17
Q005586,S00789,1,78,2,2026-01-24
Q005587,S00789,2,74,2,2026-01-27
Q005588,S00789,3,82,1,2026-01-29
Q005589,S00789,4,69,1,2026-01-31
Q005590,S00789,5,66,2,2026-02-03
Q005591,S00789,6,71,2,2026-02-05
Q005592,S00789,7,79,2,2026-02-07
Q005593,S00789,8,67,2,2026-02-08
Q005594,S00789,9,79,2,2026-02-09
Q005595,S00789,10,80,1,2026-02-12
Q005596,S00790,1,61,1,2026-04-27
Q005597,S00790,2,60,1,2026-04-28
Q005598,S00791,1,85,1,2026-05-11
Q005599,S00791,2,74,1,2026-05-12
Q005600,S00791,3,74,2,2026-05-14
Q005601,S00791,4,83,2,2026-05-15
Q005602,S00791,5,86,2,2026-05-17
Q005603,S00791,6,86,1,2026-05-19
Q005604,S00791,7,74,1,2026-05-22
Q005605,S00791,8,76,1,2026-05-23
Q005606,S00791,9,76,1,2026-05-24
Q005607,S00791,10,70,1,2026-05-27
Q005608,S00792,1,86,3,2026-03-24
Q005609,S00792,2,79,1,2026-03-31
Q005610,S00792,3,78,1,2026-04-13
Q005611,S00792,4,68,3,2026-04-29
Q005612,S00793,1,79,2,2026-01-06
Q005613,S00793,2,92,2,2026-01-07
Q005614,S00793,3,94,2,2026-01-09
Q005615,S00793,4,84,2,2026-01-10
Q005616,S00793,5,96,1,2026-01-12
Q005617,S00793,6,85,1,2026-01-13
Q005618,S00793,7,88,1,2026-01-16
Q005619,S00793,8,92,2,2026-01-18
Q005620,S00793,9,82,2,2026-01-19
Q005621,S00793,10,80,1,2026-01-22
Q005622,S00794,1,68,1,2026-02-01
Q005623,S00794,2,66,1,2026-02-08
Q005624,S00794,3,71,3,2026-02-17
Q005625,S00794,4,61,2,2026-02-27
Q005626,S00794,5,68,3,2026-03-14
Q005627,S00795,1,88,2,2026-03-08
Q005628,S00795,2,97,1,2026-03-10
Q005629,S00795,3,86,1,2026-03-12
Q005630,S00795,4,95,2,2026-03-15
Q005631,S00795,5,87,2,2026-03-17
Q005632,S00795,6,93,1,2026-03-19
Q005633,S00795,7,97,2,2026-03-20
Q005634,S00795,8,92,1,2026-03-22
Q005635,S00795,9,84,2,2026-03-23
Q005636,S00795,10,100,1,2026-03-25
Q005637,S00796,1,71,1,2026-01-07
Q005638,S00797,1,74,1,2026-02-05
Q005639,S00798,1,67,2,2026-03-08
Q005640,S00798,2,65,3,2026-03-12
Q005641,S00798,3,67,1,2026-03-19
Q005642,S00798,4,65,2,2026-03-25
Q005643,S00798,5,59,1,2026-04-04
Q005644,S00798,6,54,1,2026-04-17
Q005645,S00798,7,52,3,2026-04-25
Q005646,S00798,8,44,3,2026-05-02
Q005647,S00799,1,69,3,2026-02-18
Q005648,S00799,2,66,1,2026-02-23
Q005649,S00799,3,58,1,2026-03-01
Q005650,S00799,4,61,3,2026-03-09
Q005651,S00799,5,59,3,2026-03-17
Q005652,S00799,6,51,2,2026-03-25
Q005653,S00799,7,57,2,2026-04-03
Q005654,S00799,8,55,3,2026-04-16
Q005655,S00801,1,77,1,2026-02-13
Q005656,S00801,2,72,1,2026-02-18
Q005657,S00801,3,68,2,2026-02-23
Q005658,S00801,4,57,2,2026-03-05
Q005659,S00801,5,68,2,2026-03-13
Q005660,S00801,6,55,3,2026-03-22
Q005661,S00802,1,67,2,2026-02-13
Q005662,S00802,2,67,2,2026-02-15
Q005663,S00802,3,63,2,2026-02-18
Q005664,S00802,4,71,1,2026-02-21
Q005665,S00802,5,63,2,2026-02-22
Q005666,S00802,6,80,2,2026-02-23
Q005667,S00802,7,65,1,2026-02-25
Q005668,S00802,8,68,1,2026-02-27
Q005669,S00802,9,79,1,2026-03-02
Q005670,S00802,10,80,1,2026-03-03
Q005671,S00803,1,81,3,2026-05-09
Q005672,S00803,2,81,2,2026-05-14
Q005673,S00803,3,75,2,2026-05-21
Q005674,S00803,4,76,2,2026-06-01
Q005675,S00803,5,76,2,2026-06-11
Q005676,S00804,1,77,1,2026-01-18
Q005677,S00804,2,74,2,2026-01-23
Q005678,S00804,3,70,1,2026-02-02
Q005679,S00804,4,75,2,2026-02-14
Q005680,S00805,1,74,2,2026-04-05
Q005681,S00805,2,74,2,2026-04-07
Q005682,S00805,3,71,1,2026-04-10
Q005683,S00805,4,64,2,2026-04-13
Q005684,S00805,5,77,1,2026-04-14
Q005685,S00805,6,74,2,2026-04-17
Q005686,S00805,7,71,2,2026-04-18
Q005687,S00805,8,66,2,2026-04-21
Q005688,S00805,9,68,2,2026-04-23
Q005689,S00805,10,73,1,2026-04-24
Q005690,S00806,1,57,2,2026-04-27
Q005691,S00806,2,59,1,2026-05-04
Q005692,S00806,3,59,2,2026-05-10
Q005693,S00806,4,59,3,2026-05-17
Q005694,S00806,5,50,1,2026-05-26
Q005695,S00806,6,55,2,2026-06-06
Q005696,S00806,7,48,1,2026-06-17
Q005697,S00806,8,36,3,2026-06-26
Q005698,S00807,1,53,1,2026-02-10
Q005699,S00807,2,64,1,2026-02-11
Q005700,S00808,1,44,1,2026-01-04
Q005701,S00808,2,47,1,2026-01-05
Q005702,S00809,1,70,2,2026-03-22
Q005703,S00809,2,64,1,2026-03-25
Q005704,S00809,3,76,2,2026-03-28
Q005705,S00809,4,74,1,2026-03-29
Q005706,S00809,5,72,1,2026-03-30
Q005707,S00809,6,79,1,2026-04-01
Q005708,S00809,7,66,1,2026-04-04
Q005709,S00809,8,77,1,2026-04-05
Q005710,S00809,9,65,1,2026-04-08
Q005711,S00809,10,74,2,2026-04-10
Q005712,S00810,1,74,2,2026-05-12
Q005713,S00810,2,79,2,2026-05-13
Q005714,S00810,3,81,1,2026-05-14
Q005715,S00810,4,79,1,2026-05-17
Q005716,S00810,5,85,1,2026-05-20
Q005717,S00810,6,80,2,2026-05-21
Q005718,S00810,7,67,2,2026-05-22
Q005719,S00810,8,69,1,2026-05-23
Q005720,S00810,9,85,2,2026-05-26
Q005721,S00810,10,82,2,2026-05-28
Q005722,S00812,1,78,2,2026-01-14
Q005723,S00812,2,74,3,2026-01-20
Q005724,S00812,3,74,1,2026-01-27
Q005725,S00812,4,73,1,2026-02-04
Q005726,S00812,5,68,3,2026-02-14
Q005727,S00812,6,66,1,2026-03-03
Q005728,S00813,1,70,2,2026-03-12
Q005729,S00813,2,77,1,2026-03-13
Q005730,S00813,3,75,1,2026-03-16
Q005731,S00813,4,83,2,2026-03-17
Q005732,S00813,5,84,1,2026-03-19
Q005733,S00813,6,72,2,2026-03-22
Q005734,S00813,7,77,1,2026-03-25
Q005735,S00813,8,82,2,2026-03-28
Q005736,S00813,9,71,1,2026-03-29
Q005737,S00813,10,86,1,2026-04-01
Q005738,S00816,1,99,2,2026-01-07
Q005739,S00816,2,92,1,2026-01-08
Q005740,S00816,3,81,1,2026-01-11
Q005741,S00816,4,95,1,2026-01-12
Q005742,S00816,5,90,1,2026-01-14
Q005743,S00816,6,83,2,2026-01-17
Q005744,S00816,7,93,2,2026-01-18
Q005745,S00816,8,84,1,2026-01-21
Q005746,S00816,9,98,1,2026-01-23
Q005747,S00816,10,90,2,2026-01-24
Q005748,S00817,1,65,2,2026-03-30
Q005749,S00817,2,67,3,2026-04-04
Q005750,S00817,3,57,2,2026-04-11
Q005751,S00817,4,67,1,2026-04-15
Q005752,S00817,5,53,3,2026-04-24
Q005753,S00817,6,57,2,2026-05-03
Q005754,S00817,7,49,3,2026-05-16
Q005755,S00818,1,64,1,2026-02-17
Q005756,S00818,2,73,1,2026-02-20
Q005757,S00818,3,75,2,2026-02-22
Q005758,S00818,4,81,1,2026-02-25
Q005759,S00818,5,70,1,2026-02-27
Q005760,S00818,6,80,1,2026-02-28
Q005761,S00818,7,66,2,2026-03-03
Q005762,S00818,8,64,2,2026-03-06
Q005763,S00818,9,81,1,2026-03-07
Q005764,S00818,10,77,1,2026-03-08
Q005765,S00819,1,82,2,2026-03-11
Q005766,S00819,2,92,2,2026-03-12
Q005767,S00819,3,79,2,2026-03-15
Q005768,S00819,4,89,2,2026-03-16
Q005769,S00819,5,79,2,2026-03-17
Q005770,S00819,6,74,1,2026-03-18
Q005771,S00819,7,83,2,2026-03-19
Q005772,S00819,8,75,2,2026-03-20
Q005773,S00819,9,93,1,2026-03-22
Q005774,S00819,10,83,1,2026-03-23
Q005775,S00820,1,86,2,2026-04-03
Q005776,S00820,2,82,1,2026-04-06
Q005777,S00820,3,85,1,2026-04-09
Q005778,S00820,4,83,1,2026-04-11
Q005779,S00820,5,91,2,2026-04-12
Q005780,S00820,6,84,1,2026-04-13
Q005781,S00820,7,93,1,2026-04-14
Q005782,S00820,8,81,1,2026-04-17
Q005783,S00820,9,79,1,2026-04-20
Q005784,S00820,10,85,2,2026-04-22
Q005785,S00821,1,72,3,2026-05-01
Q005786,S00821,2,69,3,2026-05-05
Q005787,S00821,3,74,1,2026-05-10
Q005788,S00821,4,67,3,2026-05-18
Q005789,S00821,5,71,3,2026-05-24
Q005790,S00821,6,66,1,2026-06-01
Q005791,S00821,7,65,1,2026-06-07
Q005792,S00821,8,62,1,2026-06-19
Q005793,S00822,1,73,2,2026-02-24
Q005794,S00822,2,68,2,2026-02-27
Q005795,S00822,3,73,2,2026-02-28
Q005796,S00822,4,73,2,2026-03-01
Q005797,S00822,5,65,2,2026-03-04
Q005798,S00822,6,66,1,2026-03-06
Q005799,S00822,7,72,2,2026-03-07
Q005800,S00822,8,65,1,2026-03-08
Q005801,S00822,9,72,1,2026-03-11
Q005802,S00822,10,78,1,2026-03-12
Q005803,S00823,1,89,1,2026-01-27
Q005804,S00823,2,74,2,2026-01-29
Q005805,S00823,3,77,1,2026-02-01
Q005806,S00823,4,79,1,2026-02-03
Q005807,S00823,5,77,2,2026-02-05
Q005808,S00823,6,81,1,2026-02-07
Q005809,S00823,7,86,1,2026-02-09
Q005810,S00823,8,74,1,2026-02-12
Q005811,S00823,9,89,2,2026-02-14
Q005812,S00823,10,81,1,2026-02-16
Q005813,S00824,1,89,1,2026-02-03
Q005814,S00824,2,90,1,2026-02-06
Q005815,S00824,3,93,2,2026-02-08
Q005816,S00824,4,84,1,2026-02-10
Q005817,S00824,5,78,2,2026-02-12
Q005818,S00824,6,90,2,2026-02-13
Q005819,S00824,7,89,2,2026-02-14
Q005820,S00824,8,91,1,2026-02-16
Q005821,S00824,9,94,1,2026-02-17
Q005822,S00824,10,95,1,2026-02-18
Q005823,S00825,1,76,1,2026-03-24
Q005824,S00825,2,66,1,2026-03-25
Q005825,S00825,3,79,2,2026-03-27
Q005826,S00825,4,81,1,2026-03-29
Q005827,S00825,5,69,1,2026-04-01
Q005828,S00825,6,66,2,2026-04-03
Q005829,S00825,7,73,2,2026-04-05
Q005830,S00825,8,66,1,2026-04-08
Q005831,S00825,9,69,1,2026-04-10
Q005832,S00825,10,74,1,2026-04-13
Q005833,S00827,1,63,1,2026-05-13
Q005834,S00827,2,66,2,2026-05-16
Q005835,S00827,3,63,1,2026-05-17
Q005836,S00827,4,75,2,2026-05-19
Q005837,S00827,5,66,1,2026-05-22
Q005838,S00827,6,80,1,2026-05-24
Q005839,S00827,7,62,1,2026-05-26
Q005840,S00827,8,74,2,2026-05-28
Q005841,S00827,9,65,1,2026-05-31
Q005842,S00827,10,71,1,2026-06-01
Q005843,S00828,1,65,2,2026-05-21
Q005844,S00828,2,66,1,2026-05-23
Q005845,S00828,3,76,1,2026-05-25
Q005846,S00828,4,62,2,2026-05-26
Q005847,S00828,5,69,1,2026-05-29
Q005848,S00828,6,62,2,2026-06-01
Q005849,S00828,7,72,1,2026-06-04
Q005850,S00828,8,67,2,2026-06-07
Q005851,S00828,9,71,1,2026-06-09
Q005852,S00828,10,73,2,2026-06-10
Q005853,S00829,1,83,3,2026-05-21
Q005854,S00829,2,84,3,2026-05-29
Q005855,S00829,3,77,2,2026-06-09
Q005856,S00830,1,86,1,2026-04-25
Q005857,S00830,2,89,2,2026-04-27
Q005858,S00830,3,94,2,2026-04-30
Q005859,S00830,4,84,1,2026-05-03
Q005860,S00830,5,84,1,2026-05-04
Q005861,S00830,6,93,2,2026-05-06
Q005862,S00830,7,90,1,2026-05-07
Q005863,S00830,8,96,2,2026-05-08
Q005864,S00830,9,94,1,2026-05-10
Q005865,S00830,10,82,1,2026-05-13
Q005866,S00831,1,66,2,2026-02-12
Q005867,S00831,2,82,2,2026-02-15
Q005868,S00831,3,65,2,2026-02-18
Q005869,S00831,4,68,1,2026-02-21
Q005870,S00831,5,68,2,2026-02-23
Q005871,S00831,6,67,1,2026-02-25
Q005872,S00831,7,80,1,2026-02-27
Q005873,S00831,8,81,1,2026-03-01
Q005874,S00831,9,78,2,2026-03-04
Q005875,S00831,10,71,2,2026-03-05
Q005876,S00832,1,99,1,2026-02-23
Q005877,S00832,2,91,1,2026-02-25
Q005878,S00832,3,98,2,2026-02-28
Q005879,S00832,4,86,2,2026-03-02
Q005880,S00832,5,91,2,2026-03-05
Q005881,S00832,6,92,1,2026-03-06
Q005882,S00832,7,94,1,2026-03-08
Q005883,S00832,8,99,2,2026-03-09
Q005884,S00832,9,82,1,2026-03-12
Q005885,S00832,10,91,2,2026-03-13
Q005886,S00833,1,71,1,2026-01-25
Q005887,S00833,2,67,1,2026-01-27
Q005888,S00833,3,64,1,2026-01-29
Q005889,S00833,4,67,2,2026-02-01
Q005890,S00833,5,71,1,2026-02-04
Q005891,S00833,6,60,2,2026-02-06
Q005892,S00833,7,75,1,2026-02-08
Q005893,S00833,8,61,1,2026-02-09
Q005894,S00833,9,77,1,2026-02-12
Q005895,S00833,10,72,2,2026-02-15
Q005896,S00834,1,60,1,2026-02-16
Q005897,S00834,2,64,2,2026-02-19
Q005898,S00834,3,66,2,2026-02-21
Q005899,S00834,4,68,1,2026-02-23
Q005900,S00834,5,68,2,2026-02-26
Q005901,S00834,6,62,1,2026-02-27
Q005902,S00834,7,75,1,2026-03-01
Q005903,S00834,8,73,1,2026-03-03
Q005904,S00834,9,62,1,2026-03-04
Q005905,S00834,10,69,2,2026-03-05
Q005906,S00835,1,85,2,2026-01-28
Q005907,S00835,2,76,1,2026-01-29
Q005908,S00835,3,76,2,2026-01-30
Q005909,S00835,4,75,2,2026-02-01
Q005910,S00835,5,77,1,2026-02-03
Q005911,S00835,6,86,1,2026-02-06
Q005912,S00835,7,70,1,2026-02-08
Q005913,S00835,8,86,1,2026-02-09
Q005914,S00835,9,73,2,2026-02-12
Q005915,S00835,10,74,2,2026-02-14
Q005916,S00836,1,93,1,2026-03-17
Q005917,S00836,2,91,2,2026-03-20
Q005918,S00836,3,87,1,2026-03-23
Q005919,S00836,4,77,2,2026-03-25
Q005920,S00836,5,93,2,2026-03-26
Q005921,S00836,6,83,2,2026-03-27
Q005922,S00836,7,88,2,2026-03-28
Q005923,S00836,8,91,1,2026-03-31
Q005924,S00836,9,96,1,2026-04-02
Q005925,S00836,10,78,2,2026-04-03
Q005926,S00837,1,66,1,2026-01-20
Q005927,S00838,1,66,2,2026-04-17
Q005928,S00838,2,76,2,2026-04-18
Q005929,S00838,3,80,1,2026-04-21
Q005930,S00838,4,66,1,2026-04-23
Q005931,S00838,5,80,1,2026-04-25
Q005932,S00838,6,80,1,2026-04-26
Q005933,S00838,7,77,1,2026-04-27
Q005934,S00838,8,77,1,2026-04-29
Q005935,S00838,9,79,1,2026-05-02
Q005936,S00838,10,79,2,2026-05-04
Q005937,S00839,1,69,3,2026-04-11
Q005938,S00839,2,66,2,2026-04-17
Q005939,S00839,3,58,1,2026-04-22
Q005940,S00839,4,65,3,2026-04-29
Q005941,S00839,5,63,1,2026-05-09
Q005942,S00839,6,52,3,2026-05-21
Q005943,S00839,7,52,2,2026-05-30
Q005944,S00839,8,54,1,2026-06-13
Q005945,S00840,1,62,3,2026-01-28
Q005946,S00840,2,59,1,2026-02-02
Q005947,S00840,3,62,1,2026-02-08
Q005948,S00840,4,57,1,2026-02-17
Q005949,S00840,5,58,3,2026-02-24
Q005950,S00840,6,53,3,2026-03-07
Q005951,S00840,7,43,2,2026-03-14
Q005952,S00840,8,40,3,2026-03-27
Q005953,S00841,1,69,2,2026-03-07
Q005954,S00841,2,71,1,2026-03-08
Q005955,S00841,3,80,2,2026-03-10
Q005956,S00841,4,70,2,2026-03-12
Q005957,S00841,5,76,2,2026-03-13
Q005958,S00841,6,80,1,2026-03-16
Q005959,S00841,7,74,2,2026-03-17
Q005960,S00841,8,76,2,2026-03-20
Q005961,S00841,9,74,2,2026-03-23
Q005962,S00841,10,87,2,2026-03-26
Q005963,S00842,1,87,3,2026-02-19
Q005964,S00842,2,86,3,2026-02-24
Q005965,S00842,3,73,1,2026-03-02
Q005966,S00842,4,77,1,2026-03-09
Q005967,S00842,5,68,1,2026-03-20
Q005968,S00842,6,74,2,2026-03-30
Q005969,S00842,7,66,1,2026-04-12
Q005970,S00843,1,74,2,2026-05-13
Q005971,S00843,2,80,2,2026-05-14
Q005972,S00843,3,78,1,2026-05-17
Q005973,S00843,4,69,1,2026-05-20
Q005974,S00843,5,69,2,2026-05-21
Q005975,S00843,6,81,2,2026-05-22
Q005976,S00843,7,66,2,2026-05-25
Q005977,S00843,8,72,1,2026-05-26
Q005978,S00843,9,65,2,2026-05-28
Q005979,S00843,10,66,1,2026-05-29
Q005980,S00844,1,60,1,2026-02-13
Q005981,S00844,2,53,1,2026-02-14
Q005982,S00845,1,61,2,2026-04-08
Q005983,S00845,2,76,1,2026-04-09
Q005984,S00845,3,71,2,2026-04-11
Q005985,S00845,4,65,2,2026-04-12
Q005986,S00845,5,72,2,2026-04-13
Q005987,S00845,6,63,2,2026-04-14
Q005988,S00845,7,63,1,2026-04-15
Q005989,S00845,8,67,2,2026-04-18
Q005990,S00845,9,72,2,2026-04-20
Q005991,S00845,10,69,2,2026-04-21
Q005992,S00846,1,100,1,2026-03-20
Q005993,S00846,2,83,2,2026-03-22
Q005994,S00846,3,94,1,2026-03-25
Q005995,S00846,4,87,2,2026-03-27
Q005996,S00846,5,98,1,2026-03-28
Q005997,S00846,6,81,1,2026-03-29
Q005998,S00846,7,100,1,2026-03-31
Q005999,S00846,8,92,1,2026-04-02
Q006000,S00846,9,100,2,2026-04-05
Q006001,S00846,10,92,1,2026-04-08
Q006002,S00847,1,92,1,2026-05-30
Q006003,S00847,2,87,1,2026-06-02
Q006004,S00847,3,88,2,2026-06-04
Q006005,S00847,4,82,1,2026-06-06
Q006006,S00847,5,94,1,2026-06-07
Q006007,S00847,6,79,2,2026-06-08
Q006008,S00847,7,81,2,2026-06-09
Q006009,S00847,8,93,2,2026-06-11
Q006010,S00847,9,94,1,2026-06-12
Q006011,S00847,10,92,1,2026-06-15
Q006012,S00849,1,77,2,2026-03-29
Q006013,S00849,2,80,1,2026-03-30
Q006014,S00849,3,62,1,2026-03-31
Q006015,S00849,4,80,1,2026-04-03
Q006016,S00849,5,69,2,2026-04-05
Q006017,S00849,6,75,1,2026-04-07
Q006018,S00849,7,80,2,2026-04-09
Q006019,S00849,8,75,1,2026-04-12
Q006020,S00849,9,80,1,2026-04-14
Q006021,S00849,10,61,2,2026-04-16
Q006022,S00850,1,73,1,2026-02-24
Q006023,S00850,2,69,2,2026-03-06
Q006024,S00851,1,75,2,2026-03-05
Q006025,S00851,2,70,1,2026-03-08
Q006026,S00851,3,66,1,2026-03-09
Q006027,S00851,4,79,1,2026-03-11
Q006028,S00851,5,78,1,2026-03-14
Q006029,S00851,6,76,2,2026-03-17
Q006030,S00851,7,61,1,2026-03-19
Q006031,S00851,8,74,1,2026-03-20
Q006032,S00851,9,67,2,2026-03-23
Q006033,S00851,10,73,2,2026-03-24
Q006034,S00852,1,73,2,2026-04-26
Q006035,S00852,2,73,3,2026-05-08
Q006036,S00852,3,66,3,2026-05-26
Q006037,S00853,1,71,2,2026-04-29
Q006038,S00853,2,64,2,2026-05-01
Q006039,S00853,3,66,1,2026-05-04
Q006040,S00853,4,59,2,2026-05-07
Q006041,S00853,5,72,1,2026-05-08
Q006042,S00853,6,69,1,2026-05-09
Q006043,S00853,7,64,1,2026-05-10
Q006044,S00853,8,70,2,2026-05-13
Q006045,S00853,9,68,1,2026-05-15
Q006046,S00853,10,73,1,2026-05-17
Q006047,S00854,1,51,1,2026-04-05
Q006048,S00855,1,78,2,2026-04-30
Q006049,S00855,2,84,2,2026-05-03
Q006050,S00855,3,89,1,2026-05-05
Q006051,S00855,4,92,2,2026-05-08
Q006052,S00855,5,82,1,2026-05-09
Q006053,S00855,6,91,1,2026-05-11
Q006054,S00855,7,93,1,2026-05-13
Q006055,S00855,8,93,1,2026-05-16
Q006056,S00855,9,89,1,2026-05-17
Q006057,S00855,10,95,2,2026-05-19
Q006058,S00856,1,92,2,2026-01-30
Q006059,S00856,2,86,1,2026-01-31
Q006060,S00856,3,86,1,2026-02-02
Q006061,S00856,4,73,1,2026-02-03
Q006062,S00856,5,89,1,2026-02-04
Q006063,S00856,6,79,1,2026-02-05
Q006064,S00856,7,87,2,2026-02-07
Q006065,S00856,8,85,2,2026-02-09
Q006066,S00856,9,83,2,2026-02-10
Q006067,S00856,10,92,1,2026-02-11
Q006068,S00857,1,92,2,2026-01-10
Q006069,S00857,2,82,1,2026-01-11
Q006070,S00857,3,85,2,2026-01-14
Q006071,S00857,4,94,1,2026-01-16
Q006072,S00857,5,95,2,2026-01-19
Q006073,S00857,6,89,2,2026-01-21
Q006074,S00857,7,95,2,2026-01-22
Q006075,S00857,8,86,2,2026-01-23
Q006076,S00857,9,84,1,2026-01-26
Q006077,S00857,10,94,2,2026-01-27
Q006078,S00858,1,64,2,2026-01-07
Q006079,S00858,2,71,2,2026-01-08
Q006080,S00858,3,61,2,2026-01-11
Q006081,S00858,4,69,2,2026-01-12
Q006082,S00858,5,64,1,2026-01-13
Q006083,S00858,6,61,2,2026-01-16
Q006084,S00858,7,75,2,2026-01-18
Q006085,S00858,8,59,2,2026-01-21
Q006086,S00858,9,70,1,2026-01-24
Q006087,S00858,10,72,2,2026-01-27
Q006088,S00859,1,73,2,2026-04-23
Q006089,S00859,2,73,2,2026-05-03
Q006090,S00860,1,87,2,2026-01-07
Q006091,S00860,2,94,1,2026-01-09
Q006092,S00860,3,92,2,2026-01-10
Q006093,S00860,4,96,2,2026-01-12
Q006094,S00860,5,87,1,2026-01-15
Q006095,S00860,6,91,1,2026-01-17
Q006096,S00860,7,94,2,2026-01-20
Q006097,S00860,8,93,2,2026-01-23
Q006098,S00860,9,77,1,2026-01-26
Q006099,S00860,10,83,2,2026-01-29
Q006100,S00861,1,64,2,2026-04-22
Q006101,S00861,2,59,1,2026-04-30
Q006102,S00861,3,64,1,2026-05-08
Q006103,S00861,4,62,3,2026-05-21
Q006104,S00861,5,61,1,2026-06-03
Q006105,S00862,1,68,1,2026-05-13
Q006106,S00862,2,65,2,2026-05-14
Q006107,S00862,3,69,2,2026-05-17
Q006108,S00862,4,63,1,2026-05-20
Q006109,S00862,5,63,1,2026-05-23
Q006110,S00862,6,78,1,2026-05-24
Q006111,S00862,7,72,1,2026-05-26
Q006112,S00862,8,81,2,2026-05-27
Q006113,S00862,9,73,1,2026-05-29
Q006114,S00862,10,64,2,2026-05-30
Q006115,S00863,1,81,1,2026-04-24
Q006116,S00863,2,82,1,2026-04-25
Q006117,S00863,3,88,2,2026-04-27
Q006118,S00863,4,89,1,2026-04-28
Q006119,S00863,5,82,1,2026-04-29
Q006120,S00863,6,82,1,2026-04-30
Q006121,S00863,7,74,1,2026-05-01
Q006122,S00863,8,73,2,2026-05-04
Q006123,S00863,9,72,1,2026-05-05
Q006124,S00863,10,76,1,2026-05-08
Q006125,S00864,1,87,2,2026-05-14
Q006126,S00864,2,90,1,2026-05-17
Q006127,S00864,3,92,1,2026-05-20
Q006128,S00864,4,95,1,2026-05-23
Q006129,S00864,5,91,1,2026-05-26
Q006130,S00864,6,89,2,2026-05-27
Q006131,S00864,7,86,1,2026-05-29
Q006132,S00864,8,83,1,2026-05-31
Q006133,S00864,9,77,1,2026-06-02
Q006134,S00864,10,77,2,2026-06-04
Q006135,S00865,1,82,2,2026-04-04
Q006136,S00865,2,72,2,2026-04-06
Q006137,S00865,3,88,1,2026-04-08
Q006138,S00865,4,84,2,2026-04-09
Q006139,S00865,5,81,2,2026-04-12
Q006140,S00865,6,76,2,2026-04-13
Q006141,S00865,7,77,2,2026-04-15
Q006142,S00865,8,84,1,2026-04-17
Q006143,S00865,9,85,1,2026-04-18
Q006144,S00865,10,87,2,2026-04-21
Q006145,S00866,1,88,1,2026-03-01
Q006146,S00866,2,82,2,2026-03-09
Q006147,S00866,3,79,2,2026-03-15
Q006148,S00866,4,76,1,2026-03-27
Q006149,S00866,5,76,1,2026-04-05
Q006150,S00867,1,91,2,2026-01-25
Q006151,S00867,2,82,1,2026-01-28
Q006152,S00867,3,97,2,2026-01-29
Q006153,S00867,4,96,2,2026-01-31
Q006154,S00867,5,92,1,2026-02-03
Q006155,S00867,6,89,1,2026-02-05
Q006156,S00867,7,89,2,2026-02-08
Q006157,S00867,8,86,2,2026-02-09
Q006158,S00867,9,90,1,2026-02-10
Q006159,S00867,10,94,2,2026-02-12
Q006160,S00868,1,61,2,2026-01-16
Q006161,S00868,2,75,1,2026-01-18
Q006162,S00868,3,71,1,2026-01-20
Q006163,S00868,4,76,1,2026-01-21
Q006164,S00868,5,63,2,2026-01-24
Q006165,S00868,6,64,1,2026-01-25
Q006166,S00868,7,58,2,2026-01-26
Q006167,S00868,8,66,1,2026-01-28
Q006168,S00868,9,77,1,2026-01-29
Q006169,S00868,10,71,1,2026-02-01
Q006170,S00869,1,73,1,2026-04-28
Q006171,S00871,1,71,1,2026-04-09
Q006172,S00871,2,65,2,2026-04-12
Q006173,S00871,3,73,2,2026-04-15
Q006174,S00871,4,59,2,2026-04-18
Q006175,S00871,5,76,2,2026-04-20
Q006176,S00871,6,69,2,2026-04-22
Q006177,S00871,7,59,1,2026-04-25
Q006178,S00871,8,70,1,2026-04-27
Q006179,S00871,9,65,1,2026-04-29
Q006180,S00871,10,76,1,2026-05-01
Q006181,S00872,1,81,2,2026-05-05
Q006182,S00872,2,77,1,2026-05-08
Q006183,S00872,3,78,2,2026-05-11
Q006184,S00872,4,79,1,2026-05-13
Q006185,S00872,5,91,2,2026-05-15
Q006186,S00872,6,86,2,2026-05-16
Q006187,S00872,7,79,2,2026-05-18
Q006188,S00872,8,85,2,2026-05-19
Q006189,S00872,9,88,1,2026-05-22
Q006190,S00872,10,80,2,2026-05-23
Q006191,S00873,1,77,3,2026-05-05
Q006192,S00873,2,72,1,2026-05-11
Q006193,S00873,3,70,3,2026-05-16
Q006194,S00873,4,70,1,2026-05-25
Q006195,S00873,5,64,3,2026-06-01
Q006196,S00873,6,56,3,2026-06-09
Q006197,S00873,7,61,1,2026-06-19
Q006198,S00873,8,52,3,2026-07-01
Q006199,S00874,1,90,2,2026-01-30
Q006200,S00874,2,81,2,2026-02-02
Q006201,S00874,3,76,1,2026-02-03
Q006202,S00874,4,75,1,2026-02-05
Q006203,S00874,5,81,2,2026-02-07
Q006204,S00874,6,91,1,2026-02-08
Q006205,S00874,7,91,2,2026-02-09
Q006206,S00874,8,80,2,2026-02-12
Q006207,S00874,9,84,2,2026-02-13
Q006208,S00874,10,83,2,2026-02-16
Q006209,S00875,1,85,2,2026-04-09
Q006210,S00875,2,92,1,2026-04-11
Q006211,S00875,3,81,2,2026-04-14
Q006212,S00875,4,87,1,2026-04-17
Q006213,S00875,5,96,2,2026-04-20
Q006214,S00875,6,80,1,2026-04-21
Q006215,S00875,7,93,2,2026-04-23
Q006216,S00875,8,90,2,2026-04-26
Q006217,S00875,9,93,2,2026-04-28
Q006218,S00875,10,87,2,2026-04-29
Q006219,S00876,1,85,2,2026-03-06
Q006220,S00876,2,76,2,2026-03-09
Q006221,S00876,3,75,1,2026-03-11
Q006222,S00876,4,73,1,2026-03-14
Q006223,S00876,5,89,1,2026-03-17
Q006224,S00876,6,92,1,2026-03-20
Q006225,S00876,7,78,1,2026-03-23
Q006226,S00876,8,83,1,2026-03-24
Q006227,S00876,9,78,1,2026-03-27
Q006228,S00876,10,74,2,2026-03-28
Q006229,S00877,1,74,2,2026-04-18
Q006230,S00877,2,71,3,2026-04-24
Q006231,S00877,3,67,1,2026-05-01
Q006232,S00877,4,62,3,2026-05-08
Q006233,S00877,5,66,2,2026-05-20
Q006234,S00877,6,62,2,2026-05-30
Q006235,S00878,1,77,3,2026-05-17
Q006236,S00878,2,79,1,2026-05-25
Q006237,S00878,3,69,1,2026-06-02
Q006238,S00878,4,78,1,2026-06-19
Q006239,S00879,1,74,2,2026-05-28
Q006240,S00879,2,70,2,2026-05-30
Q006241,S00879,3,77,1,2026-06-02
Q006242,S00879,4,73,1,2026-06-03
Q006243,S00879,5,86,1,2026-06-04
Q006244,S00879,6,85,2,2026-06-06
Q006245,S00879,7,75,2,2026-06-08
Q006246,S00879,8,81,1,2026-06-11
Q006247,S00879,9,74,2,2026-06-13
Q006248,S00879,10,74,2,2026-06-15
Q006249,S00880,1,87,1,2026-05-07
Q006250,S00880,2,89,2,2026-05-08
Q006251,S00880,3,87,1,2026-05-11
Q006252,S00880,4,81,2,2026-05-13
Q006253,S00880,5,79,2,2026-05-14
Q006254,S00880,6,78,2,2026-05-17
Q006255,S00880,7,81,1,2026-05-18
Q006256,S00880,8,78,2,2026-05-20
Q006257,S00880,9,83,1,2026-05-22
Q006258,S00880,10,87,1,2026-05-25
Q006259,S00881,1,88,2,2026-03-02
Q006260,S00881,2,78,2,2026-03-03
Q006261,S00881,3,86,1,2026-03-05
Q006262,S00881,4,92,2,2026-03-07
Q006263,S00881,5,82,2,2026-03-10
Q006264,S00881,6,86,1,2026-03-11
Q006265,S00881,7,91,2,2026-03-13
Q006266,S00881,8,89,1,2026-03-16
Q006267,S00881,9,78,2,2026-03-17
Q006268,S00881,10,79,1,2026-03-19
Q006269,S00882,1,72,2,2026-02-17
Q006270,S00882,2,73,3,2026-02-24
Q006271,S00882,3,71,1,2026-03-05
Q006272,S00883,1,95,2,2026-01-14
Q006273,S00883,2,82,1,2026-01-16
Q006274,S00883,3,92,1,2026-01-19
Q006275,S00883,4,92,2,2026-01-22
Q006276,S00883,5,84,2,2026-01-25
Q006277,S00883,6,77,2,2026-01-28
Q006278,S00883,7,94,1,2026-01-31
Q006279,S00883,8,81,2,2026-02-01
Q006280,S00883,9,90,1,2026-02-02
Q006281,S00883,10,96,1,2026-02-03
Q006282,S00884,1,77,1,2026-05-22
Q006283,S00884,2,79,1,2026-05-23
Q006284,S00884,3,86,1,2026-05-26
Q006285,S00884,4,77,1,2026-05-29
Q006286,S00884,5,74,1,2026-05-30
Q006287,S00884,6,80,1,2026-05-31
Q006288,S00884,7,88,1,2026-06-01
Q006289,S00884,8,79,1,2026-06-04
Q006290,S00884,9,84,1,2026-06-07
Q006291,S00884,10,86,1,2026-06-09
Q006292,S00885,1,82,2,2026-01-13
Q006293,S00885,2,80,3,2026-01-21
Q006294,S00885,3,76,1,2026-01-30
Q006295,S00885,4,66,3,2026-02-12
Q006296,S00885,5,71,3,2026-02-22
Q006297,S00886,1,93,2,2026-03-04
Q006298,S00886,2,94,2,2026-03-05
Q006299,S00886,3,82,1,2026-03-08
Q006300,S00886,4,97,1,2026-03-11
Q006301,S00886,5,79,1,2026-03-14
Q006302,S00886,6,79,1,2026-03-17
Q006303,S00886,7,85,2,2026-03-18
Q006304,S00886,8,97,1,2026-03-20
Q006305,S00886,9,83,1,2026-03-22
Q006306,S00886,10,85,2,2026-03-25
Q006307,S00887,1,78,3,2026-03-01
Q006308,S00887,2,75,3,2026-03-11
Q006309,S00887,3,66,1,2026-03-20
Q006310,S00888,1,71,1,2026-03-31
Q006311,S00888,2,70,2,2026-04-02
Q006312,S00888,3,87,1,2026-04-05
Q006313,S00888,4,77,2,2026-04-06
Q006314,S00888,5,74,2,2026-04-08
Q006315,S00888,6,75,2,2026-04-11
Q006316,S00888,7,73,2,2026-04-12
Q006317,S00888,8,74,1,2026-04-13
Q006318,S00888,9,88,2,2026-04-16
Q006319,S00888,10,80,2,2026-04-19
Q006320,S00889,1,66,1,2026-04-23
Q006321,S00889,2,66,1,2026-04-24
Q006322,S00889,3,59,2,2026-04-25
Q006323,S00889,4,72,2,2026-04-26
Q006324,S00889,5,59,1,2026-04-28
Q006325,S00889,6,73,1,2026-04-30
Q006326,S00889,7,65,1,2026-05-02
Q006327,S00889,8,66,2,2026-05-05
Q006328,S00889,9,59,1,2026-05-08
Q006329,S00889,10,75,1,2026-05-09
Q006330,S00890,1,86,1,2026-03-23
Q006331,S00890,2,80,1,2026-03-26
Q006332,S00890,3,87,2,2026-03-28
Q006333,S00890,4,91,1,2026-03-29
Q006334,S00890,5,89,1,2026-04-01
Q006335,S00890,6,92,1,2026-04-02
Q006336,S00890,7,81,2,2026-04-04
Q006337,S00890,8,83,1,2026-04-06
Q006338,S00890,9,90,2,2026-04-07
Q006339,S00890,10,75,1,2026-04-09
Q006340,S00891,1,82,2,2026-04-14
Q006341,S00891,2,83,1,2026-04-22
Q006342,S00891,3,79,1,2026-04-29
Q006343,S00891,4,70,3,2026-05-10
Q006344,S00891,5,76,2,2026-05-18
Q006345,S00891,6,71,2,2026-05-28
Q006346,S00891,7,68,1,2026-06-13
Q006347,S00893,1,80,3,2026-05-29
Q006348,S00893,2,82,2,2026-06-05
Q006349,S00893,3,80,1,2026-06-13
Q006350,S00893,4,83,2,2026-06-22
Q006351,S00893,5,67,3,2026-07-01
Q006352,S00893,6,68,2,2026-07-11
Q006353,S00894,1,75,1,2026-01-08
Q006354,S00894,2,65,1,2026-01-09
Q006355,S00894,3,69,2,2026-01-10
Q006356,S00894,4,74,2,2026-01-13
Q006357,S00894,5,68,1,2026-01-14
Q006358,S00894,6,68,2,2026-01-15
Q006359,S00894,7,61,2,2026-01-18
Q006360,S00894,8,78,2,2026-01-19
Q006361,S00894,9,77,2,2026-01-21
Q006362,S00894,10,77,2,2026-01-22
Q006363,S00895,1,89,2,2026-05-23
Q006364,S00895,2,83,3,2026-05-30
Q006365,S00895,3,83,3,2026-06-03
Q006366,S00895,4,70,1,2026-06-12
Q006367,S00895,5,71,1,2026-06-21
Q006368,S00895,6,73,3,2026-07-03
Q006369,S00895,7,75,1,2026-07-12
Q006370,S00895,8,73,1,2026-07-27
Q006371,S00896,1,76,1,2026-05-17
Q006372,S00896,2,90,2,2026-05-20
Q006373,S00896,3,81,1,2026-05-22
Q006374,S00896,4,82,1,2026-05-24
Q006375,S00896,5,76,1,2026-05-25
Q006376,S00896,6,90,1,2026-05-26
Q006377,S00896,7,83,1,2026-05-28
Q006378,S00896,8,92,2,2026-05-30
Q006379,S00896,9,79,2,2026-05-31
Q006380,S00896,10,73,1,2026-06-02
Q006381,S00897,1,73,1,2026-01-13
Q006382,S00897,2,73,2,2026-01-16
Q006383,S00897,3,78,2,2026-01-18
Q006384,S00897,4,87,1,2026-01-19
Q006385,S00897,5,75,2,2026-01-21
Q006386,S00897,6,71,1,2026-01-23
Q006387,S00897,7,73,2,2026-01-25
Q006388,S00897,8,86,2,2026-01-28
Q006389,S00897,9,71,2,2026-01-29
Q006390,S00897,10,83,2,2026-02-01
Q006391,S00898,1,75,1,2026-04-24
Q006392,S00898,2,73,1,2026-04-25
Q006393,S00899,1,72,2,2026-04-25
Q006394,S00899,2,67,1,2026-04-26
Q006395,S00899,3,72,2,2026-04-29
Q006396,S00899,4,73,1,2026-05-01
Q006397,S00899,5,81,2,2026-05-03
Q006398,S00899,6,71,1,2026-05-04
Q006399,S00899,7,62,1,2026-05-05
Q006400,S00899,8,75,2,2026-05-07
Q006401,S00899,9,67,2,2026-05-08
Q006402,S00899,10,63,2,2026-05-09
Q006403,S00900,1,70,2,2026-01-03
Q006404,S00900,2,66,2,2026-01-05
Q006405,S00900,3,83,1,2026-01-08
Q006406,S00900,4,73,2,2026-01-11
Q006407,S00900,5,77,1,2026-01-12
Q006408,S00900,6,73,2,2026-01-13
Q006409,S00900,7,69,1,2026-01-15
Q006410,S00900,8,73,2,2026-01-16
Q006411,S00900,9,76,1,2026-01-18
Q006412,S00900,10,76,1,2026-01-20
Q006413,S00901,1,93,2,2026-02-06
Q006414,S00901,2,77,2,2026-02-07
Q006415,S00901,3,89,1,2026-02-08
Q006416,S00901,4,78,2,2026-02-11
Q006417,S00901,5,94,1,2026-02-12
Q006418,S00901,6,81,2,2026-02-14
Q006419,S00901,7,87,2,2026-02-16
Q006420,S00901,8,86,2,2026-02-18
Q006421,S00901,9,83,1,2026-02-21
Q006422,S00901,10,77,2,2026-02-22
Q006423,S00902,1,84,2,2026-01-14
Q006424,S00902,2,92,1,2026-01-15
Q006425,S00902,3,84,1,2026-01-18
Q006426,S00902,4,87,1,2026-01-21
Q006427,S00902,5,82,1,2026-01-24
Q006428,S00902,6,73,1,2026-01-26
Q006429,S00902,7,89,1,2026-01-29
Q006430,S00902,8,83,1,2026-01-30
Q006431,S00902,9,79,2,2026-02-01
Q006432,S00902,10,75,1,2026-02-04
Q006433,S00903,1,62,1,2026-01-29
Q006434,S00903,2,62,1,2026-01-31
Q006435,S00903,3,78,2,2026-02-02
Q006436,S00903,4,69,1,2026-02-03
Q006437,S00903,5,75,2,2026-02-06
Q006438,S00903,6,75,2,2026-02-08
Q006439,S00903,7,66,2,2026-02-10
Q006440,S00903,8,64,2,2026-02-11
Q006441,S00903,9,68,2,2026-02-14
Q006442,S00903,10,74,2,2026-02-16
Q006443,S00904,1,69,1,2026-04-27
Q006444,S00904,2,64,1,2026-05-03
Q006445,S00904,3,64,2,2026-05-15
Q006446,S00904,4,55,1,2026-05-22
Q006447,S00905,1,86,1,2026-03-03
Q006448,S00905,2,94,1,2026-03-06
Q006449,S00905,3,95,1,2026-03-08
Q006450,S00905,4,90,1,2026-03-10
Q006451,S00905,5,89,1,2026-03-12
Q006452,S00905,6,94,1,2026-03-14
Q006453,S00905,7,81,2,2026-03-16
Q006454,S00905,8,99,1,2026-03-18
Q006455,S00905,9,99,2,2026-03-21
Q006456,S00905,10,85,2,2026-03-22
Q006457,S00906,1,71,1,2026-05-18
Q006458,S00906,2,72,1,2026-05-19
Q006459,S00907,1,74,3,2026-01-21
Q006460,S00907,2,73,2,2026-01-29
Q006461,S00907,3,77,3,2026-02-12
Q006462,S00908,1,78,2,2026-01-28
Q006463,S00908,2,83,2,2026-01-31
Q006464,S00908,3,91,1,2026-02-03
Q006465,S00908,4,75,1,2026-02-04
Q006466,S00908,5,78,2,2026-02-07
Q006467,S00908,6,74,1,2026-02-10
Q006468,S00908,7,72,2,2026-02-12
Q006469,S00908,8,78,1,2026-02-13
Q006470,S00908,9,82,1,2026-02-14
Q006471,S00908,10,81,2,2026-02-17
Q006472,S00909,1,81,2,2026-03-24
Q006473,S00909,2,72,1,2026-03-26
Q006474,S00909,3,72,1,2026-03-28
Q006475,S00909,4,68,1,2026-03-31
Q006476,S00909,5,82,2,2026-04-03
Q006477,S00909,6,71,2,2026-04-05
Q006478,S00909,7,73,2,2026-04-07
Q006479,S00909,8,74,1,2026-04-09
Q006480,S00909,9,73,2,2026-04-12
Q006481,S00909,10,65,1,2026-04-13
Q006482,S00910,1,82,1,2026-02-09
Q006483,S00910,2,72,1,2026-02-11
Q006484,S00910,3,78,1,2026-02-12
Q006485,S00910,4,78,2,2026-02-14
Q006486,S00910,5,73,1,2026-02-17
Q006487,S00910,6,68,2,2026-02-20
Q006488,S00910,7,82,2,2026-02-22
Q006489,S00910,8,86,2,2026-02-25
Q006490,S00910,9,85,2,2026-02-26
Q006491,S00910,10,82,1,2026-02-27
Q006492,S00911,1,72,1,2026-05-23
Q006493,S00911,2,69,2,2026-05-30
Q006494,S00911,3,63,2,2026-06-05
Q006495,S00911,4,57,1,2026-06-17
Q006496,S00911,5,63,3,2026-06-30
Q006497,S00912,1,80,2,2026-04-24
Q006498,S00912,2,64,2,2026-04-27
Q006499,S00912,3,66,2,2026-04-29
Q006500,S00912,4,71,1,2026-04-30
Q006501,S00912,5,67,2,2026-05-02
Q006502,S00912,6,64,2,2026-05-05
Q006503,S00912,7,75,1,2026-05-08
Q006504,S00912,8,69,1,2026-05-11
Q006505,S00912,9,73,1,2026-05-13
Q006506,S00912,10,63,1,2026-05-15
Q006507,S00913,1,68,1,2026-01-26
Q006508,S00913,2,66,2,2026-02-03
Q006509,S00914,1,85,1,2026-05-28
Q006510,S00914,2,69,1,2026-05-29
Q006511,S00914,3,78,2,2026-06-01
Q006512,S00914,4,80,2,2026-06-02
Q006513,S00914,5,83,1,2026-06-03
Q006514,S00914,6,73,1,2026-06-04
Q006515,S00914,7,71,2,2026-06-05
Q006516,S00914,8,79,1,2026-06-08
Q006517,S00914,9,82,2,2026-06-09
Q006518,S00914,10,70,1,2026-06-11
Q006519,S00915,1,72,2,2026-05-28
Q006520,S00915,2,77,1,2026-06-02
Q006521,S00915,3,72,2,2026-06-13
Q006522,S00915,4,70,2,2026-06-26
Q006523,S00915,5,67,3,2026-07-12
Q006524,S00916,1,72,1,2026-02-20
Q006525,S00916,2,77,1,2026-02-21
Q006526,S00916,3,79,2,2026-02-22
Q006527,S00916,4,86,2,2026-02-23
Q006528,S00916,5,84,1,2026-02-26
Q006529,S00916,6,81,2,2026-03-01
Q006530,S00916,7,72,1,2026-03-02
Q006531,S00916,8,84,1,2026-03-05
Q006532,S00916,9,77,2,2026-03-07
Q006533,S00916,10,70,2,2026-03-10
Q006534,S00917,1,77,2,2026-04-11
Q006535,S00917,2,60,2,2026-04-12
Q006536,S00917,3,59,2,2026-04-14
Q006537,S00917,4,63,1,2026-04-15
Q006538,S00917,5,58,2,2026-04-16
Q006539,S00917,6,66,1,2026-04-17
Q006540,S00917,7,70,2,2026-04-18
Q006541,S00917,8,62,1,2026-04-20
Q006542,S00917,9,68,2,2026-04-21
Q006543,S00917,10,59,2,2026-04-23
Q006544,S00919,1,69,1,2026-04-22
Q006545,S00919,2,67,2,2026-05-10
Q006546,S00920,1,71,2,2026-01-10
Q006547,S00920,2,78,2,2026-01-11
Q006548,S00920,3,66,2,2026-01-12
Q006549,S00920,4,67,1,2026-01-13
Q006550,S00920,5,77,2,2026-01-14
Q006551,S00920,6,75,2,2026-01-16
Q006552,S00920,7,77,1,2026-01-18
Q006553,S00920,8,75,2,2026-01-20
Q006554,S00920,9,73,2,2026-01-23
Q006555,S00920,10,68,2,2026-01-24
Q006556,S00922,1,86,2,2026-03-21
Q006557,S00922,2,77,1,2026-03-22
Q006558,S00922,3,78,1,2026-03-23
Q006559,S00922,4,71,1,2026-03-26
Q006560,S00922,5,84,2,2026-03-28
Q006561,S00922,6,81,1,2026-03-31
Q006562,S00922,7,74,2,2026-04-02
Q006563,S00922,8,74,1,2026-04-03
Q006564,S00922,9,80,2,2026-04-06
Q006565,S00922,10,72,1,2026-04-09
Q006566,S00924,1,62,3,2026-03-19
Q006567,S00924,2,64,3,2026-03-27
Q006568,S00924,3,51,3,2026-04-07
Q006569,S00924,4,48,2,2026-04-20
Q006570,S00925,1,70,1,2026-02-13
Q006571,S00925,2,78,1,2026-02-16
Q006572,S00925,3,83,2,2026-02-19
Q006573,S00925,4,74,1,2026-02-21
Q006574,S00925,5,79,1,2026-02-23
Q006575,S00925,6,79,1,2026-02-25
Q006576,S00925,7,79,2,2026-02-27
Q006577,S00925,8,73,2,2026-03-01
Q006578,S00925,9,67,2,2026-03-04
Q006579,S00925,10,81,2,2026-03-07
Q006580,S00926,1,78,1,2026-01-25
Q006581,S00926,2,91,2,2026-01-27
Q006582,S00926,3,89,2,2026-01-30
Q006583,S00926,4,85,2,2026-02-01
Q006584,S00926,5,85,1,2026-02-04
Q006585,S00926,6,89,1,2026-02-06
Q006586,S00926,7,75,2,2026-02-07
Q006587,S00926,8,91,2,2026-02-10
Q006588,S00926,9,85,1,2026-02-13
Q006589,S00926,10,79,2,2026-02-15
Q006590,S00927,1,90,2,2026-01-21
Q006591,S00927,2,80,2,2026-01-22
Q006592,S00927,3,90,2,2026-01-24
Q006593,S00927,4,80,1,2026-01-27
Q006594,S00927,5,86,2,2026-01-28
Q006595,S00927,6,85,1,2026-01-29
Q006596,S00927,7,91,2,2026-01-31
Q006597,S00927,8,89,2,2026-02-02
Q006598,S00927,9,76,2,2026-02-05
Q006599,S00927,10,81,2,2026-02-08
Q006600,S00928,1,83,1,2026-02-16
Q006601,S00928,2,90,2,2026-02-19
Q006602,S00928,3,80,1,2026-02-22
Q006603,S00928,4,86,1,2026-02-25
Q006604,S00928,5,91,1,2026-02-28
Q006605,S00928,6,95,1,2026-03-01
Q006606,S00928,7,96,1,2026-03-02
Q006607,S00928,8,81,1,2026-03-05
Q006608,S00928,9,95,1,2026-03-06
Q006609,S00928,10,93,1,2026-03-07
Q006610,S00929,1,82,3,2026-05-26
Q006611,S00929,2,79,3,2026-06-06
Q006612,S00929,3,82,1,2026-06-19
Q006613,S00930,1,80,2,2026-02-22
Q006614,S00930,2,74,2,2026-02-25
Q006615,S00930,3,68,2,2026-02-27
Q006616,S00930,4,63,1,2026-03-02
Q006617,S00930,5,74,1,2026-03-05
Q006618,S00930,6,67,2,2026-03-07
Q006619,S00930,7,69,1,2026-03-10
Q006620,S00930,8,65,2,2026-03-12
Q006621,S00930,9,78,2,2026-03-13
Q006622,S00930,10,79,2,2026-03-16
Q006623,S00931,1,84,1,2026-02-12
Q006624,S00931,2,77,2,2026-02-13
Q006625,S00931,3,80,2,2026-02-14
Q006626,S00931,4,85,2,2026-02-17
Q006627,S00931,5,92,2,2026-02-19
Q006628,S00931,6,86,2,2026-02-20
Q006629,S00931,7,85,2,2026-02-22
Q006630,S00931,8,76,1,2026-02-25
Q006631,S00931,9,89,2,2026-02-27
Q006632,S00931,10,75,1,2026-03-01
Q006633,S00932,1,72,2,2026-04-12
Q006634,S00932,2,66,1,2026-04-16
Q006635,S00932,3,63,2,2026-04-24
Q006636,S00932,4,67,2,2026-05-01
Q006637,S00932,5,60,3,2026-05-13
Q006638,S00932,6,68,1,2026-05-22
Q006639,S00932,7,59,2,2026-06-01
Q006640,S00932,8,51,2,2026-06-09
Q006641,S00934,1,82,2,2026-05-25
Q006642,S00934,2,86,1,2026-05-28
Q006643,S00934,3,69,1,2026-05-31
Q006644,S00934,4,83,1,2026-06-01
Q006645,S00934,5,82,1,2026-06-02
Q006646,S00934,6,82,1,2026-06-04
Q006647,S00934,7,84,2,2026-06-06
Q006648,S00934,8,78,2,2026-06-08
Q006649,S00934,9,75,1,2026-06-10
Q006650,S00934,10,85,2,2026-06-12
Q006651,S00935,1,70,1,2026-03-13
Q006652,S00935,2,83,2,2026-03-16
Q006653,S00935,3,79,1,2026-03-17
Q006654,S00935,4,89,2,2026-03-18
Q006655,S00935,5,81,2,2026-03-19
Q006656,S00935,6,89,1,2026-03-20
Q006657,S00935,7,83,1,2026-03-21
Q006658,S00935,8,83,2,2026-03-23
Q006659,S00935,9,77,2,2026-03-24
Q006660,S00935,10,77,1,2026-03-25
Q006661,S00936,1,78,2,2026-03-28
Q006662,S00936,2,85,1,2026-03-29
Q006663,S00936,3,86,2,2026-03-30
Q006664,S00936,4,88,1,2026-04-01
Q006665,S00936,5,80,2,2026-04-02
Q006666,S00936,6,88,1,2026-04-04
Q006667,S00936,7,83,1,2026-04-05
Q006668,S00936,8,85,2,2026-04-07
Q006669,S00936,9,77,2,2026-04-08
Q006670,S00936,10,91,2,2026-04-11
Q006671,S00937,1,61,2,2026-03-06
Q006672,S00937,2,68,1,2026-03-08
Q006673,S00937,3,72,1,2026-03-09
Q006674,S00937,4,77,2,2026-03-10
Q006675,S00937,5,74,1,2026-03-11
Q006676,S00937,6,70,2,2026-03-14
Q006677,S00937,7,75,2,2026-03-15
Q006678,S00937,8,74,1,2026-03-16
Q006679,S00937,9,74,1,2026-03-19
Q006680,S00937,10,70,1,2026-03-22
Q006681,S00939,1,89,2,2026-02-07
Q006682,S00939,2,75,2,2026-02-09
Q006683,S00939,3,81,2,2026-02-12
Q006684,S00939,4,84,2,2026-02-14
Q006685,S00939,5,88,1,2026-02-16
Q006686,S00939,6,93,2,2026-02-19
Q006687,S00939,7,85,1,2026-02-20
Q006688,S00939,8,78,1,2026-02-23
Q006689,S00939,9,80,1,2026-02-24
Q006690,S00939,10,77,1,2026-02-26
Q006691,S00940,1,66,1,2026-04-12
Q006692,S00940,2,71,1,2026-04-17
Q006693,S00940,3,63,1,2026-04-20
Q006694,S00940,4,67,1,2026-04-26
Q006695,S00940,5,59,2,2026-05-03
Q006696,S00940,6,53,2,2026-05-12
Q006697,S00940,7,48,2,2026-05-25
Q006698,S00940,8,55,2,2026-06-10
Q006699,S00941,1,76,2,2026-03-21
Q006700,S00941,2,68,2,2026-03-24
Q006701,S00941,3,85,1,2026-03-25
Q006702,S00941,4,69,2,2026-03-27
Q006703,S00941,5,73,2,2026-03-29
Q006704,S00941,6,75,1,2026-03-30
Q006705,S00941,7,74,2,2026-04-01
Q006706,S00941,8,82,2,2026-04-02
Q006707,S00941,9,76,2,2026-04-04
Q006708,S00941,10,72,2,2026-04-06
Q006709,S00942,1,80,1,2026-03-23
Q006710,S00942,2,79,2,2026-03-28
Q006711,S00942,3,78,2,2026-04-01
Q006712,S00942,4,75,1,2026-04-08
Q006713,S00942,5,67,2,2026-04-15
Q006714,S00942,6,65,2,2026-04-29
Q006715,S00943,1,65,3,2026-01-14
Q006716,S00943,2,61,3,2026-01-23
Q006717,S00943,3,60,3,2026-01-29
Q006718,S00943,4,59,3,2026-02-13
Q006719,S00944,1,70,1,2026-05-18
Q006720,S00944,2,63,1,2026-05-27
Q006721,S00944,3,72,3,2026-06-07
Q006722,S00944,4,67,1,2026-06-18
Q006723,S00945,1,77,1,2026-03-21
Q006724,S00945,2,86,1,2026-03-24
Q006725,S00945,3,83,1,2026-03-27
Q006726,S00945,4,74,1,2026-03-29
Q006727,S00945,5,78,1,2026-04-01
Q006728,S00945,6,88,1,2026-04-02
Q006729,S00945,7,88,2,2026-04-04
Q006730,S00945,8,77,2,2026-04-07
Q006731,S00945,9,84,1,2026-04-08
Q006732,S00945,10,73,1,2026-04-09
Q006733,S00946,1,81,2,2026-03-14
Q006734,S00946,2,71,1,2026-03-15
Q006735,S00946,3,69,1,2026-03-17
Q006736,S00946,4,76,1,2026-03-18
Q006737,S00946,5,76,1,2026-03-19
Q006738,S00946,6,85,2,2026-03-22
Q006739,S00946,7,78,2,2026-03-24
Q006740,S00946,8,80,1,2026-03-26
Q006741,S00946,9,69,2,2026-03-27
Q006742,S00946,10,82,2,2026-03-28
Q006743,S00947,1,69,1,2026-04-27
Q006744,S00947,2,79,1,2026-04-28
Q006745,S00947,3,65,2,2026-04-30
Q006746,S00947,4,73,2,2026-05-02
Q006747,S00947,5,80,2,2026-05-04
Q006748,S00947,6,77,1,2026-05-06
Q006749,S00947,7,75,1,2026-05-09
Q006750,S00947,8,69,2,2026-05-11
Q006751,S00947,9,65,2,2026-05-13
Q006752,S00947,10,69,2,2026-05-15
Q006753,S00948,1,50,1,2026-04-06
Q006754,S00948,2,46,1,2026-04-08
Q006755,S00949,1,64,1,2026-04-09
Q006756,S00949,2,58,1,2026-04-11
Q006757,S00950,1,76,2,2026-01-19
Q006758,S00950,2,77,3,2026-01-26
Q006759,S00951,1,64,1,2026-04-30
Q006760,S00951,2,60,1,2026-05-08
Q006761,S00951,3,64,1,2026-05-18
Q006762,S00951,4,55,2,2026-05-26
Q006763,S00951,5,53,1,2026-06-06
Q006764,S00952,1,66,2,2026-04-23
Q006765,S00952,2,60,2,2026-04-29
Q006766,S00952,3,63,2,2026-05-05
Q006767,S00952,4,62,2,2026-05-14
Q006768,S00952,5,59,1,2026-05-26
Q006769,S00952,6,59,2,2026-06-03
Q006770,S00952,7,53,2,2026-06-15
Q006771,S00952,8,53,3,2026-06-25
Q006772,S00953,1,79,1,2026-04-26
Q006773,S00953,2,94,2,2026-04-27
Q006774,S00953,3,79,1,2026-04-28
Q006775,S00953,4,93,2,2026-05-01
Q006776,S00953,5,83,2,2026-05-02
Q006777,S00953,6,89,1,2026-05-05
Q006778,S00953,7,76,2,2026-05-07
Q006779,S00953,8,93,1,2026-05-10
Q006780,S00953,9,88,1,2026-05-12
Q006781,S00953,10,89,1,2026-05-14
Q006782,S00954,1,47,1,2026-01-21
Q006783,S00954,2,53,1,2026-01-23
Q006784,S00955,1,76,1,2026-02-08
Q006785,S00955,2,74,1,2026-02-09
Q006786,S00955,3,79,1,2026-02-10
Q006787,S00955,4,63,1,2026-02-12
Q006788,S00955,5,64,2,2026-02-13
Q006789,S00955,6,69,2,2026-02-14
Q006790,S00955,7,64,2,2026-02-16
Q006791,S00955,8,68,1,2026-02-17
Q006792,S00955,9,76,2,2026-02-18
Q006793,S00955,10,79,2,2026-02-19
Q006794,S00956,1,77,1,2026-05-04
Q006795,S00956,2,72,2,2026-05-06
Q006796,S00956,3,73,2,2026-05-08
Q006797,S00956,4,82,2,2026-05-10
Q006798,S00956,5,77,2,2026-05-12
Q006799,S00956,6,83,1,2026-05-15
Q006800,S00956,7,77,2,2026-05-18
Q006801,S00956,8,89,2,2026-05-21
Q006802,S00956,9,86,1,2026-05-24
Q006803,S00956,10,79,1,2026-05-27
Q006804,S00957,1,78,2,2026-05-16
Q006805,S00957,2,80,2,2026-05-18
Q006806,S00957,3,86,2,2026-05-21
Q006807,S00957,4,77,2,2026-05-24
Q006808,S00957,5,77,2,2026-05-25
Q006809,S00957,6,78,1,2026-05-28
Q006810,S00957,7,78,1,2026-05-30
Q006811,S00957,8,94,2,2026-06-01
Q006812,S00957,9,87,2,2026-06-03
Q006813,S00957,10,80,1,2026-06-04
Q006814,S00958,1,68,2,2026-03-16
Q006815,S00958,2,77,2,2026-03-17
Q006816,S00958,3,66,1,2026-03-18
Q006817,S00958,4,75,1,2026-03-21
Q006818,S00958,5,69,2,2026-03-22
Q006819,S00958,6,78,2,2026-03-24
Q006820,S00958,7,72,1,2026-03-26
Q006821,S00958,8,75,2,2026-03-28
Q006822,S00958,9,67,2,2026-03-31
Q006823,S00958,10,65,1,2026-04-02
Q006824,S00959,1,76,1,2026-01-05
Q006825,S00959,2,76,2,2026-01-08
Q006826,S00959,3,92,2,2026-01-09
Q006827,S00959,4,79,1,2026-01-12
Q006828,S00959,5,91,1,2026-01-15
Q006829,S00959,6,91,1,2026-01-16
Q006830,S00959,7,82,1,2026-01-18
Q006831,S00959,8,90,1,2026-01-19
Q006832,S00959,9,82,1,2026-01-20
Q006833,S00959,10,88,1,2026-01-23
Q006834,S00960,1,80,3,2026-01-22
Q006835,S00960,2,77,3,2026-01-28
Q006836,S00960,3,70,2,2026-02-01
Q006837,S00960,4,64,2,2026-02-12
Q006838,S00960,5,70,2,2026-02-22
Q006839,S00960,6,64,3,2026-03-02
Q006840,S00960,7,72,2,2026-03-16
Q006841,S00961,1,73,2,2026-05-31
Q006842,S00961,2,67,2,2026-06-03
Q006843,S00961,3,84,2,2026-06-06
Q006844,S00961,4,86,2,2026-06-09
Q006845,S00961,5,82,1,2026-06-10
Q006846,S00961,6,79,2,2026-06-13
Q006847,S00961,7,84,1,2026-06-14
Q006848,S00961,8,81,2,2026-06-16
Q006849,S00961,9,86,2,2026-06-19
Q006850,S00961,10,69,2,2026-06-21
Q006851,S00962,1,74,2,2026-03-10
Q006852,S00962,2,69,2,2026-03-14
Q006853,S00962,3,68,3,2026-03-21
Q006854,S00962,4,60,2,2026-04-07
Q006855,S00963,1,84,2,2026-02-07
Q006856,S00963,2,94,2,2026-02-09
Q006857,S00963,3,92,1,2026-02-10
Q006858,S00963,4,90,2,2026-02-11
Q006859,S00963,5,89,1,2026-02-13
Q006860,S00963,6,79,1,2026-02-16
Q006861,S00963,7,78,1,2026-02-18
Q006862,S00963,8,97,1,2026-02-19
Q006863,S00963,9,95,1,2026-02-21
Q006864,S00963,10,82,1,2026-02-22
Q006865,S00964,1,84,1,2026-05-12
Q006866,S00964,2,95,2,2026-05-14
Q006867,S00964,3,91,2,2026-05-15
Q006868,S00964,4,85,2,2026-05-16
Q006869,S00964,5,95,2,2026-05-19
Q006870,S00964,6,78,2,2026-05-21
Q006871,S00964,7,80,2,2026-05-23
Q006872,S00964,8,87,1,2026-05-26
Q006873,S00964,9,96,1,2026-05-28
Q006874,S00964,10,80,2,2026-05-29
Q006875,S00965,1,83,2,2026-03-29
Q006876,S00965,2,94,2,2026-03-31
Q006877,S00965,3,93,2,2026-04-02
Q006878,S00965,4,91,2,2026-04-05
Q006879,S00965,5,96,1,2026-04-06
Q006880,S00965,6,85,1,2026-04-07
Q006881,S00965,7,93,1,2026-04-09
Q006882,S00965,8,87,1,2026-04-12
Q006883,S00965,9,97,2,2026-04-15
Q006884,S00965,10,83,2,2026-04-16
Q006885,S00966,1,81,1,2026-01-30
Q006886,S00966,2,81,1,2026-02-01
Q006887,S00966,3,87,2,2026-02-04
Q006888,S00966,4,82,2,2026-02-06
Q006889,S00966,5,76,2,2026-02-07
Q006890,S00966,6,91,2,2026-02-08
Q006891,S00966,7,73,1,2026-02-11
Q006892,S00966,8,86,2,2026-02-12
Q006893,S00966,9,91,1,2026-02-14
Q006894,S00966,10,80,2,2026-02-15
Q006895,S00967,1,74,2,2026-04-06
Q006896,S00967,2,66,3,2026-04-12
Q006897,S00967,3,63,1,2026-04-19
Q006898,S00967,4,61,2,2026-04-25
Q006899,S00967,5,60,1,2026-05-02
Q006900,S00967,6,52,2,2026-05-11
Q006901,S00967,7,57,1,2026-05-25
Q006902,S00967,8,46,2,2026-06-06
Q006903,S00968,1,95,2,2026-01-12
Q006904,S00968,2,87,1,2026-01-15
Q006905,S00968,3,99,1,2026-01-17
Q006906,S00968,4,97,1,2026-01-20
Q006907,S00968,5,84,2,2026-01-21
Q006908,S00968,6,85,1,2026-01-22
Q006909,S00968,7,80,2,2026-01-24
Q006910,S00968,8,86,2,2026-01-26
Q006911,S00968,9,94,1,2026-01-28
Q006912,S00968,10,80,1,2026-01-31
Q006913,S00969,1,77,3,2026-01-12
Q006914,S00969,2,70,1,2026-01-16
Q006915,S00969,3,73,3,2026-01-23
Q006916,S00969,4,74,1,2026-02-01
Q006917,S00969,5,73,1,2026-02-17
Q006918,S00970,1,88,1,2026-03-22
Q006919,S00970,2,96,2,2026-03-24
Q006920,S00970,3,99,2,2026-03-27
Q006921,S00970,4,98,2,2026-03-28
Q006922,S00970,5,84,2,2026-03-29
Q006923,S00970,6,88,2,2026-04-01
Q006924,S00970,7,91,2,2026-04-03
Q006925,S00970,8,81,2,2026-04-04
Q006926,S00970,9,87,2,2026-04-05
Q006927,S00970,10,93,1,2026-04-08
Q006928,S00971,1,74,1,2026-05-09
Q006929,S00971,2,70,3,2026-05-15
Q006930,S00971,3,64,2,2026-05-20
Q006931,S00971,4,63,1,2026-05-26
Q006932,S00971,5,58,3,2026-06-09
Q006933,S00971,6,66,3,2026-06-26
Q006934,S00972,1,71,1,2026-05-27
Q006935,S00973,1,70,3,2026-03-17
Q006936,S00973,2,66,1,2026-03-26
Q006937,S00974,1,76,1,2026-04-12
Q006938,S00974,2,81,1,2026-04-13
Q006939,S00974,3,80,2,2026-04-15
Q006940,S00974,4,77,2,2026-04-18
Q006941,S00974,5,78,1,2026-04-20
Q006942,S00974,6,77,1,2026-04-21
Q006943,S00974,7,71,1,2026-04-22
Q006944,S00974,8,71,1,2026-04-23
Q006945,S00974,9,78,2,2026-04-25
Q006946,S00974,10,85,1,2026-04-26
Q006947,S00975,1,73,2,2026-02-10
Q006948,S00975,2,68,1,2026-02-12
Q006949,S00975,3,78,2,2026-02-14
Q006950,S00975,4,73,2,2026-02-16
Q006951,S00975,5,86,2,2026-02-17
Q006952,S00975,6,84,2,2026-02-19
Q006953,S00975,7,69,1,2026-02-20
Q006954,S00975,8,78,1,2026-02-22
Q006955,S00975,9,86,1,2026-02-25
Q006956,S00975,10,69,1,2026-02-28
Q006957,S00976,1,83,1,2026-04-15
Q006958,S00976,2,80,2,2026-04-17
Q006959,S00976,3,81,2,2026-04-20
Q006960,S00976,4,79,2,2026-04-21
Q006961,S00976,5,91,2,2026-04-24
Q006962,S00976,6,98,1,2026-04-26
Q006963,S00976,7,87,2,2026-04-28
Q006964,S00976,8,85,2,2026-05-01
Q006965,S00976,9,97,2,2026-05-04
Q006966,S00976,10,85,1,2026-05-06
Q006967,S00977,1,81,2,2026-02-18
Q006968,S00977,2,78,2,2026-02-25
Q006969,S00978,1,81,1,2026-02-16
Q006970,S00978,2,83,2,2026-02-18
Q006971,S00978,3,89,2,2026-02-20
Q006972,S00978,4,93,1,2026-02-22
Q006973,S00978,5,86,1,2026-02-24
Q006974,S00978,6,88,2,2026-02-25
Q006975,S00978,7,92,1,2026-02-27
Q006976,S00978,8,79,2,2026-03-02
Q006977,S00978,9,79,2,2026-03-03
Q006978,S00978,10,86,2,2026-03-05
Q006979,S00979,1,76,2,2026-03-20
Q006980,S00979,2,59,2,2026-03-21
Q006981,S00979,3,58,2,2026-03-23
Q006982,S00979,4,65,1,2026-03-24
Q006983,S00979,5,59,2,2026-03-25
Q006984,S00979,6,75,2,2026-03-28
Q006985,S00979,7,64,2,2026-03-31
Q006986,S00979,8,59,1,2026-04-03
Q006987,S00979,9,70,1,2026-04-06
Q006988,S00979,10,58,2,2026-04-09
Q006989,S00980,1,88,3,2026-01-13
Q006990,S00980,2,83,1,2026-01-17
Q006991,S00980,3,78,3,2026-01-25
Q006992,S00980,4,80,1,2026-02-01
Q006993,S00980,5,77,1,2026-02-09
Q006994,S00981,1,91,2,2026-03-30
Q006995,S00981,2,77,2,2026-04-01
Q006996,S00981,3,80,2,2026-04-04
Q006997,S00981,4,75,1,2026-04-06
Q006998,S00981,5,79,2,2026-04-09
Q006999,S00981,6,74,1,2026-04-10
Q007000,S00981,7,76,1,2026-04-13
Q007001,S00981,8,73,2,2026-04-16
Q007002,S00981,9,85,1,2026-04-19
Q007003,S00981,10,80,1,2026-04-21
Q007004,S00982,1,71,3,2026-05-23
Q007005,S00982,2,69,2,2026-05-28
Q007006,S00982,3,69,1,2026-06-04
Q007007,S00982,4,55,2,2026-06-20
Q007008,S00983,1,84,2,2026-02-20
Q007009,S00983,2,96,1,2026-02-21
Q007010,S00983,3,96,2,2026-02-23
Q007011,S00983,4,82,2,2026-02-26
Q007012,S00983,5,89,1,2026-02-28
Q007013,S00983,6,87,2,2026-03-01
Q007014,S00983,7,81,1,2026-03-03
Q007015,S00983,8,83,1,2026-03-05
Q007016,S00983,9,94,1,2026-03-08
Q007017,S00983,10,97,1,2026-03-10
Q007018,S00984,1,92,1,2026-01-07
Q007019,S00984,2,92,1,2026-01-08
Q007020,S00984,3,93,1,2026-01-10
Q007021,S00984,4,98,1,2026-01-12
Q007022,S00984,5,86,2,2026-01-13
Q007023,S00984,6,98,1,2026-01-14
Q007024,S00984,7,97,1,2026-01-16
Q007025,S00984,8,93,1,2026-01-18
Q007026,S00984,9,85,1,2026-01-20
Q007027,S00984,10,91,2,2026-01-22
Q007028,S00985,1,68,3,2026-05-18
Q007029,S00985,2,65,3,2026-05-23
Q007030,S00985,3,67,2,2026-06-02
Q007031,S00985,4,58,3,2026-06-07
Q007032,S00985,5,59,1,2026-06-16
Q007033,S00985,6,64,3,2026-06-26
Q007034,S00986,1,82,1,2026-04-21
Q007035,S00986,2,84,1,2026-04-24
Q007036,S00986,3,92,2,2026-04-26
Q007037,S00986,4,79,2,2026-04-29
Q007038,S00986,5,81,2,2026-04-30
Q007039,S00986,6,74,2,2026-05-02
Q007040,S00986,7,90,1,2026-05-03
Q007041,S00986,8,86,2,2026-05-06
Q007042,S00986,9,87,1,2026-05-07
Q007043,S00986,10,92,2,2026-05-08
Q007044,S00987,1,63,2,2026-03-11
Q007045,S00987,2,66,2,2026-03-18
Q007046,S00987,3,64,2,2026-03-22
Q007047,S00987,4,56,3,2026-03-31
Q007048,S00987,5,58,2,2026-04-08
Q007049,S00987,6,49,2,2026-04-21
Q007050,S00988,1,75,1,2026-02-15
Q007051,S00988,2,80,2,2026-02-16
Q007052,S00988,3,86,1,2026-02-17
Q007053,S00988,4,90,1,2026-02-19
Q007054,S00988,5,83,2,2026-02-22
Q007055,S00988,6,78,2,2026-02-24
Q007056,S00988,7,86,1,2026-02-25
Q007057,S00988,8,77,2,2026-02-28
Q007058,S00988,9,91,2,2026-03-02
Q007059,S00988,10,76,1,2026-03-05
Q007060,S00989,1,75,1,2026-02-12
Q007061,S00989,2,80,1,2026-02-15
Q007062,S00989,3,81,2,2026-02-17
Q007063,S00989,4,63,1,2026-02-19
Q007064,S00989,5,72,2,2026-02-20
Q007065,S00989,6,73,1,2026-02-23
Q007066,S00989,7,79,2,2026-02-24
Q007067,S00989,8,69,1,2026-02-25
Q007068,S00989,9,63,1,2026-02-28
Q007069,S00989,10,74,2,2026-03-03
Q007070,S00990,1,80,1,2026-04-08
Q007071,S00990,2,80,1,2026-04-14
Q007072,S00990,3,79,2,2026-04-23
Q007073,S00990,4,72,2,2026-05-04
Q007074,S00990,5,73,3,2026-05-13
Q007075,S00990,6,72,3,2026-05-29
Q007076,S00990,7,64,1,2026-06-15
Q007077,S00991,1,86,1,2026-02-04
Q007078,S00991,2,79,2,2026-02-15
Q007079,S00991,3,82,2,2026-03-04
Q007080,S00992,1,66,2,2026-01-23
Q007081,S00992,2,65,3,2026-01-28
Q007082,S00992,3,67,3,2026-02-05
Q007083,S00992,4,66,2,2026-02-16
Q007084,S00992,5,66,3,2026-02-24
Q007085,S00992,6,58,1,2026-03-12
Q007086,S00992,7,56,2,2026-03-27
Q007087,S00993,1,88,2,2026-03-08
Q007088,S00993,2,84,1,2026-03-11
Q007089,S00993,3,93,1,2026-03-12
Q007090,S00993,4,88,1,2026-03-13
Q007091,S00993,5,87,2,2026-03-14
Q007092,S00993,6,93,2,2026-03-15
Q007093,S00993,7,86,1,2026-03-16
Q007094,S00993,8,91,2,2026-03-17
Q007095,S00993,9,90,2,2026-03-18
Q007096,S00993,10,92,2,2026-03-19
Q007097,S00994,1,64,1,2026-01-14
Q007098,S00994,2,68,1,2026-01-20
Q007099,S00994,3,66,3,2026-01-26
Q007100,S00994,4,54,2,2026-02-03
Q007101,S00994,5,46,2,2026-02-12
Q007102,S00994,6,56,1,2026-02-23
Q007103,S00994,7,50,3,2026-03-03
Q007104,S00995,1,84,2,2026-05-14
Q007105,S00995,2,86,2,2026-05-17
Q007106,S00995,3,76,1,2026-05-19
Q007107,S00995,4,80,1,2026-05-22
Q007108,S00995,5,76,1,2026-05-24
Q007109,S00995,6,76,1,2026-05-27
Q007110,S00995,7,72,1,2026-05-30
Q007111,S00995,8,77,1,2026-06-01
Q007112,S00995,9,74,2,2026-06-03
Q007113,S00995,10,74,1,2026-06-04
Q007114,S00996,1,72,1,2026-04-12
Q007115,S00996,2,80,1,2026-04-15
Q007116,S00996,3,70,1,2026-04-18
Q007117,S00996,4,86,2,2026-04-19
Q007118,S00996,5,80,2,2026-04-20
Q007119,S00996,6,73,1,2026-04-23
Q007120,S00996,7,74,2,2026-04-24
Q007121,S00996,8,76,1,2026-04-27
Q007122,S00996,9,77,2,2026-04-28
Q007123,S00996,10,76,1,2026-04-30
Q007124,S00997,1,51,1,2026-01-20
Q007125,S00997,2,56,1,2026-01-22
Q007126,S00998,1,80,2,2026-01-11
Q007127,S00998,2,89,1,2026-01-13
Q007128,S00998,3,80,2,2026-01-15
Q007129,S00998,4,78,2,2026-01-17
Q007130,S00998,5,80,1,2026-01-19
Q007131,S00998,6,86,1,2026-01-21
Q007132,S00998,7,77,1,2026-01-22
Q007133,S00998,8,81,2,2026-01-25
Q007134,S00998,9,85,1,2026-01-27
Q007135,S00998,10,77,2,2026-01-30
Q007136,S00999,1,70,1,2026-01-13
Q007137,S00999,2,61,1,2026-01-15
Q007138,S01000,1,92,2,2026-05-20
Q007139,S01000,2,93,2,2026-05-22
Q007140,S01000,3,90,2,2026-05-24
Q007141,S01000,4,83,2,2026-05-26
Q007142,S01000,5,95,1,2026-05-29
Q007143,S01000,6,87,2,2026-06-01
Q007144,S01000,7,83,2,2026-06-04
Q007145,S01000,8,82,2,2026-06-07
Q007146,S01000,9,91,2,2026-06-10
Q007147,S01000,10,88,1,2026-06-11
Q007148,S01001,1,59,2,2026-03-24
Q007149,S01001,2,73,2,2026-03-25
Q007150,S01001,3,77,1,2026-03-27
Q007151,S01001,4,74,2,2026-03-30
Q007152,S01001,5,58,2,2026-04-01
Q007153,S01001,6,58,2,2026-04-04
Q007154,S01001,7,60,1,2026-04-05
Q007155,S01001,8,59,1,2026-04-08
Q007156,S01001,9,61,2,2026-04-09
Q007157,S01001,10,70,1,2026-04-11
Q007158,S01002,1,84,1,2026-04-05
Q007159,S01002,2,81,2,2026-04-07
Q007160,S01002,3,81,2,2026-04-08
Q007161,S01002,4,96,1,2026-04-10
Q007162,S01002,5,93,1,2026-04-11
Q007163,S01002,6,84,2,2026-04-14
Q007164,S01002,7,80,1,2026-04-17
Q007165,S01002,8,94,1,2026-04-20
Q007166,S01002,9,90,2,2026-04-22
Q007167,S01002,10,79,1,2026-04-24
Q007168,S01003,1,63,1,2026-04-21
Q007169,S01003,2,56,1,2026-04-23
Q007170,S01004,1,81,3,2026-03-28
Q007171,S01004,2,71,2,2026-04-04
Q007172,S01004,3,78,2,2026-04-12
Q007173,S01004,4,63,3,2026-04-24
Q007174,S01005,1,78,3,2026-03-30
Q007175,S01005,2,71,3,2026-04-06
Q007176,S01005,3,73,2,2026-04-11
Q007177,S01005,4,68,3,2026-04-23
Q007178,S01005,5,68,1,2026-05-08
Q007179,S01006,1,77,3,2026-03-18
Q007180,S01006,2,69,2,2026-03-24
Q007181,S01006,3,70,3,2026-03-31
Q007182,S01006,4,69,2,2026-04-07
Q007183,S01006,5,63,3,2026-04-15
Q007184,S01006,6,67,2,2026-04-25
Q007185,S01006,7,54,3,2026-05-05
Q007186,S01006,8,56,3,2026-05-21
Q007187,S01007,1,81,1,2026-03-19
Q007188,S01007,2,74,1,2026-03-30
Q007189,S01008,1,82,1,2026-02-01
Q007190,S01008,2,79,2,2026-02-16
Q007191,S01009,1,74,2,2026-02-16
Q007192,S01009,2,67,1,2026-02-18
Q007193,S01009,3,66,2,2026-02-19
Q007194,S01009,4,74,2,2026-02-20
Q007195,S01009,5,81,1,2026-02-22
Q007196,S01009,6,66,2,2026-02-25
Q007197,S01009,7,75,2,2026-02-27
Q007198,S01009,8,70,2,2026-02-28
Q007199,S01009,9,69,2,2026-03-03
Q007200,S01009,10,75,1,2026-03-06
Q007201,S01010,1,76,1,2026-05-21
Q007202,S01010,2,74,2,2026-05-24
Q007203,S01010,3,62,2,2026-05-27
Q007204,S01010,4,79,2,2026-05-30
Q007205,S01010,5,63,1,2026-05-31
Q007206,S01010,6,62,1,2026-06-03
Q007207,S01010,7,74,1,2026-06-06
Q007208,S01010,8,74,1,2026-06-07
Q007209,S01010,9,73,1,2026-06-09
Q007210,S01010,10,67,2,2026-06-10
Q007211,S01011,1,72,1,2026-05-20
Q007212,S01011,2,64,2,2026-05-21
Q007213,S01011,3,67,1,2026-05-24
Q007214,S01011,4,67,2,2026-05-26
Q007215,S01011,5,64,2,2026-05-29
Q007216,S01011,6,65,1,2026-05-30
Q007217,S01011,7,75,2,2026-06-02
Q007218,S01011,8,65,2,2026-06-04
Q007219,S01011,9,69,1,2026-06-07
Q007220,S01011,10,73,1,2026-06-10
Q007221,S01012,1,52,1,2026-05-04
Q007222,S01012,2,56,1,2026-05-05
Q007223,S01013,1,60,1,2026-02-20
Q007224,S01014,1,83,2,2026-05-29
Q007225,S01014,2,100,1,2026-05-30
Q007226,S01014,3,88,1,2026-06-01
Q007227,S01014,4,87,2,2026-06-02
Q007228,S01014,5,87,2,2026-06-03
Q007229,S01014,6,85,1,2026-06-05
Q007230,S01014,7,98,1,2026-06-08
Q007231,S01014,8,100,2,2026-06-10
Q007232,S01014,9,91,1,2026-06-13
Q007233,S01014,10,86,2,2026-06-15
Q007234,S01015,1,80,3,2026-01-06
Q007235,S01015,2,85,3,2026-01-13
Q007236,S01015,3,76,2,2026-01-22
Q007237,S01016,1,56,1,2026-01-31
Q007238,S01017,1,90,2,2026-04-08
Q007239,S01017,2,80,1,2026-04-09
Q007240,S01017,3,92,1,2026-04-12
Q007241,S01017,4,89,1,2026-04-13
Q007242,S01017,5,75,2,2026-04-15
Q007243,S01017,6,77,2,2026-04-17
Q007244,S01017,7,86,1,2026-04-20
Q007245,S01017,8,81,2,2026-04-23
Q007246,S01017,9,82,2,2026-04-24
Q007247,S01017,10,90,2,2026-04-27
Q007248,S01018,1,78,3,2026-05-09
Q007249,S01018,2,77,1,2026-05-14
Q007250,S01018,3,74,2,2026-05-21
Q007251,S01018,4,80,2,2026-05-30
Q007252,S01018,5,70,2,2026-06-04
Q007253,S01018,6,70,2,2026-06-17
Q007254,S01018,7,71,3,2026-07-04
Q007255,S01019,1,54,1,2026-01-15
Q007256,S01020,1,70,2,2026-02-08
Q007257,S01020,2,70,1,2026-02-09
Q007258,S01020,3,73,1,2026-02-11
Q007259,S01020,4,63,2,2026-02-13
Q007260,S01020,5,71,1,2026-02-14
Q007261,S01020,6,71,1,2026-02-16
Q007262,S01020,7,65,1,2026-02-17
Q007263,S01020,8,70,2,2026-02-20
Q007264,S01020,9,68,1,2026-02-21
Q007265,S01020,10,60,2,2026-02-23
Q007266,S01021,1,82,2,2026-05-10
Q007267,S01021,2,85,1,2026-05-16
Q007268,S01021,3,77,1,2026-05-22
Q007269,S01021,4,70,2,2026-06-05
Q007270,S01022,1,88,1,2026-04-02
Q007271,S01022,2,82,1,2026-04-03
Q007272,S01022,3,82,1,2026-04-05
Q007273,S01022,4,81,2,2026-04-07
Q007274,S01022,5,90,1,2026-04-09
Q007275,S01022,6,85,2,2026-04-12
Q007276,S01022,7,86,2,2026-04-14
Q007277,S01022,8,97,2,2026-04-16
Q007278,S01022,9,96,1,2026-04-19
Q007279,S01022,10,92,1,2026-04-22
Q007280,S01023,1,57,1,2026-04-11
Q007281,S01023,2,59,1,2026-04-12
Q007282,S01025,1,56,1,2026-02-02
Q007283,S01026,1,89,2,2026-05-03
Q007284,S01026,2,71,1,2026-05-04
Q007285,S01026,3,71,1,2026-05-06
Q007286,S01026,4,77,2,2026-05-08
Q007287,S01026,5,83,2,2026-05-09
Q007288,S01026,6,84,1,2026-05-11
Q007289,S01026,7,73,2,2026-05-14
Q007290,S01026,8,80,2,2026-05-15
Q007291,S01026,9,74,1,2026-05-18
Q007292,S01026,10,72,2,2026-05-19
Q007293,S01027,1,62,1,2026-05-01
Q007294,S01027,2,69,1,2026-05-03
Q007295,S01028,1,76,2,2026-02-09
Q007296,S01028,2,73,1,2026-02-15
Q007297,S01028,3,76,2,2026-02-24
Q007298,S01028,4,69,1,2026-03-04
Q007299,S01028,5,72,3,2026-03-16
Q007300,S01029,1,76,2,2026-02-06
Q007301,S01029,2,79,2,2026-02-07
Q007302,S01029,3,60,2,2026-02-10
Q007303,S01029,4,73,2,2026-02-12
Q007304,S01029,5,70,2,2026-02-15
Q007305,S01029,6,79,2,2026-02-18
Q007306,S01029,7,61,2,2026-02-20
Q007307,S01029,8,77,2,2026-02-21
Q007308,S01029,9,69,2,2026-02-23
Q007309,S01029,10,73,2,2026-02-25
Q007310,S01030,1,68,2,2026-01-17
Q007311,S01030,2,69,2,2026-01-24
Q007312,S01030,3,61,3,2026-01-29
Q007313,S01030,4,57,3,2026-02-06
Q007314,S01030,5,57,1,2026-02-18
Q007315,S01030,6,55,3,2026-03-07
Q007316,S01031,1,85,1,2026-05-09
Q007317,S01031,2,77,1,2026-05-12
Q007318,S01031,3,87,1,2026-05-15
Q007319,S01031,4,91,1,2026-05-16
Q007320,S01031,5,87,2,2026-05-17
Q007321,S01031,6,86,2,2026-05-20
Q007322,S01031,7,78,2,2026-05-23
Q007323,S01031,8,95,2,2026-05-24
Q007324,S01031,9,82,1,2026-05-26
Q007325,S01031,10,78,2,2026-05-27
Q007326,S01032,1,70,3,2026-01-11
Q007327,S01032,2,69,3,2026-01-18
Q007328,S01032,3,64,1,2026-01-24
Q007329,S01032,4,59,2,2026-02-07
Q007330,S01032,5,59,3,2026-02-23
Q007331,S01033,1,65,2,2026-04-05
Q007332,S01033,2,67,1,2026-04-06
Q007333,S01033,3,73,2,2026-04-08
Q007334,S01033,4,70,2,2026-04-09
Q007335,S01033,5,69,1,2026-04-10
Q007336,S01033,6,68,1,2026-04-11
Q007337,S01033,7,61,1,2026-04-12
Q007338,S01033,8,70,2,2026-04-13
Q007339,S01033,9,73,2,2026-04-16
Q007340,S01033,10,70,2,2026-04-19
Q007341,S01034,1,94,1,2026-03-20
Q007342,S01034,2,87,2,2026-03-22
Q007343,S01034,3,83,2,2026-03-25
Q007344,S01034,4,83,2,2026-03-26
Q007345,S01034,5,94,1,2026-03-29
Q007346,S01034,6,84,2,2026-03-31
Q007347,S01034,7,84,1,2026-04-01
Q007348,S01034,8,93,1,2026-04-02
Q007349,S01034,9,80,1,2026-04-04
Q007350,S01034,10,82,2,2026-04-05
Q007351,S01035,1,75,1,2026-02-07
Q007352,S01035,2,92,2,2026-02-09
Q007353,S01035,3,80,1,2026-02-11
Q007354,S01035,4,78,2,2026-02-12
Q007355,S01035,5,93,1,2026-02-13
Q007356,S01035,6,93,2,2026-02-14
Q007357,S01035,7,83,2,2026-02-17
Q007358,S01035,8,92,2,2026-02-20
Q007359,S01035,9,93,2,2026-02-23
Q007360,S01035,10,89,1,2026-02-25
Q007361,S01036,1,66,1,2026-02-03
Q007362,S01036,2,59,1,2026-02-19
Q007363,S01037,1,94,2,2026-04-10
Q007364,S01037,2,86,2,2026-04-13
Q007365,S01037,3,87,1,2026-04-16
Q007366,S01037,4,85,1,2026-04-17
Q007367,S01037,5,95,2,2026-04-18
Q007368,S01037,6,93,2,2026-04-20
Q007369,S01037,7,99,1,2026-04-22
Q007370,S01037,8,97,2,2026-04-24
Q007371,S01037,9,89,2,2026-04-27
Q007372,S01037,10,83,1,2026-04-30
Q007373,S01038,1,81,1,2026-03-17
Q007374,S01038,2,84,3,2026-03-23
Q007375,S01038,3,80,1,2026-03-28
Q007376,S01038,4,73,3,2026-04-07
Q007377,S01038,5,79,3,2026-04-18
Q007378,S01038,6,71,2,2026-04-28
Q007379,S01038,7,73,3,2026-05-11
Q007380,S01039,1,83,1,2026-02-27
Q007381,S01039,2,82,2,2026-03-02
Q007382,S01039,3,87,2,2026-03-05
Q007383,S01039,4,87,1,2026-03-07
Q007384,S01039,5,86,1,2026-03-08
Q007385,S01039,6,78,1,2026-03-11
Q007386,S01039,7,77,1,2026-03-14
Q007387,S01039,8,79,1,2026-03-15
Q007388,S01039,9,85,1,2026-03-16
Q007389,S01039,10,73,1,2026-03-19
Q007390,S01040,1,74,1,2026-02-05
Q007391,S01040,2,77,2,2026-02-06
Q007392,S01040,3,73,2,2026-02-07
Q007393,S01040,4,72,2,2026-02-08
Q007394,S01040,5,90,1,2026-02-09
Q007395,S01040,6,88,2,2026-02-12
Q007396,S01040,7,80,1,2026-02-13
Q007397,S01040,8,91,1,2026-02-16
Q007398,S01040,9,72,1,2026-02-17
Q007399,S01040,10,84,2,2026-02-20
Q007400,S01041,1,86,2,2026-02-04
Q007401,S01041,2,76,2,2026-02-06
Q007402,S01041,3,89,1,2026-02-08
Q007403,S01041,4,74,1,2026-02-09
Q007404,S01041,5,83,1,2026-02-11
Q007405,S01041,6,88,1,2026-02-14
Q007406,S01041,7,85,2,2026-02-17
Q007407,S01041,8,86,1,2026-02-18
Q007408,S01041,9,82,2,2026-02-20
Q007409,S01041,10,77,2,2026-02-21
Q007410,S01042,1,64,2,2026-05-11
Q007411,S01042,2,67,3,2026-05-20
Q007412,S01042,3,57,2,2026-05-31
Q007413,S01042,4,63,1,2026-06-16
Q007414,S01043,1,98,1,2026-02-15
Q007415,S01043,2,97,2,2026-02-18
Q007416,S01043,3,81,1,2026-02-19
Q007417,S01043,4,91,1,2026-02-21
Q007418,S01043,5,96,2,2026-02-23
Q007419,S01043,6,98,2,2026-02-26
Q007420,S01043,7,97,2,2026-02-27
Q007421,S01043,8,82,2,2026-03-02
Q007422,S01043,9,83,1,2026-03-04
Q007423,S01043,10,86,1,2026-03-05
Q007424,S01044,1,85,3,2026-03-10
Q007425,S01044,2,80,3,2026-03-15
Q007426,S01044,3,76,2,2026-03-19
Q007427,S01044,4,83,1,2026-03-28
Q007428,S01044,5,74,3,2026-04-06
Q007429,S01044,6,70,1,2026-04-18
Q007430,S01044,7,78,3,2026-04-29
Q007431,S01046,1,79,3,2026-04-07
Q007432,S01046,2,76,2,2026-04-15
Q007433,S01046,3,64,3,2026-04-21
Q007434,S01046,4,71,2,2026-04-28
Q007435,S01046,5,60,2,2026-05-09
Q007436,S01046,6,70,1,2026-05-27
Q007437,S01047,1,66,1,2026-04-10
Q007438,S01047,2,74,1,2026-04-12
Q007439,S01047,3,68,1,2026-04-14
Q007440,S01047,4,72,2,2026-04-17
Q007441,S01047,5,63,1,2026-04-18
Q007442,S01047,6,64,1,2026-04-20
Q007443,S01047,7,78,2,2026-04-23
Q007444,S01047,8,73,2,2026-04-24
Q007445,S01047,9,74,1,2026-04-26
Q007446,S01047,10,73,2,2026-04-29
Q007447,S01048,1,65,1,2026-04-18
Q007448,S01048,2,73,1,2026-04-19
Q007449,S01048,3,66,1,2026-04-21
Q007450,S01048,4,77,2,2026-04-22
Q007451,S01048,5,76,2,2026-04-25
Q007452,S01048,6,65,1,2026-04-26
Q007453,S01048,7,66,1,2026-04-29
Q007454,S01048,8,74,1,2026-05-01
Q007455,S01048,9,68,2,2026-05-04
Q007456,S01048,10,73,1,2026-05-06
Q007457,S01049,1,50,1,2026-05-06
Q007458,S01049,2,59,1,2026-05-07
Q007459,S01050,1,88,1,2026-05-24
Q007460,S01050,2,80,2,2026-05-26
Q007461,S01050,3,98,2,2026-05-29
Q007462,S01050,4,96,1,2026-05-30
Q007463,S01050,5,98,2,2026-05-31
Q007464,S01050,6,92,1,2026-06-02
Q007465,S01050,7,85,1,2026-06-03
Q007466,S01050,8,98,1,2026-06-05
Q007467,S01050,9,95,2,2026-06-08
Q007468,S01050,10,98,1,2026-06-11
Q007469,S01051,1,53,1,2026-01-02
Q007470,S01051,2,42,1,2026-01-03
Q007471,S01052,1,78,2,2026-04-07
Q007472,S01052,2,87,1,2026-04-09
Q007473,S01052,3,88,2,2026-04-11
Q007474,S01052,4,69,1,2026-04-13
Q007475,S01052,5,74,1,2026-04-14
Q007476,S01052,6,85,1,2026-04-17
Q007477,S01052,7,75,2,2026-04-20
Q007478,S01052,8,70,2,2026-04-22
Q007479,S01052,9,78,1,2026-04-24
Q007480,S01052,10,74,1,2026-04-25
Q007481,S01053,1,58,1,2026-02-21
Q007482,S01054,1,65,1,2026-03-06
Q007483,S01054,2,57,2,2026-03-11
Q007484,S01054,3,62,3,2026-03-17
Q007485,S01054,4,58,2,2026-03-24
Q007486,S01054,5,52,1,2026-04-05
Q007487,S01054,6,51,2,2026-04-19
Q007488,S01055,1,48,1,2026-02-20
Q007489,S01055,2,59,1,2026-02-22
Q007490,S01056,1,87,1,2026-03-23
Q007491,S01056,2,74,2,2026-03-25
Q007492,S01056,3,86,1,2026-03-26
Q007493,S01056,4,75,2,2026-03-27
Q007494,S01056,5,90,1,2026-03-29
Q007495,S01056,6,75,2,2026-04-01
Q007496,S01056,7,88,2,2026-04-03
Q007497,S01056,8,79,1,2026-04-05
Q007498,S01056,9,86,1,2026-04-07
Q007499,S01056,10,84,2,2026-04-09
Q007500,S01057,1,79,3,2026-04-22
Q007501,S01057,2,79,3,2026-04-29
Q007502,S01057,3,75,3,2026-05-05
Q007503,S01057,4,70,1,2026-05-12
Q007504,S01057,5,78,1,2026-05-22
Q007505,S01057,6,66,1,2026-06-05
Q007506,S01057,7,76,3,2026-06-18
Q007507,S01058,1,65,2,2026-02-12
Q007508,S01058,2,63,1,2026-02-13
Q007509,S01058,3,73,2,2026-02-14
Q007510,S01058,4,72,2,2026-02-15
Q007511,S01058,5,62,1,2026-02-16
Q007512,S01058,6,63,2,2026-02-19
Q007513,S01058,7,74,2,2026-02-20
Q007514,S01058,8,62,2,2026-02-21
Q007515,S01058,9,66,1,2026-02-24
Q007516,S01058,10,64,1,2026-02-26
Q007517,S01059,1,85,1,2026-02-01
Q007518,S01059,2,84,1,2026-02-04
Q007519,S01059,3,87,1,2026-02-05
Q007520,S01059,4,77,1,2026-02-06
Q007521,S01059,5,89,1,2026-02-08
Q007522,S01059,6,84,2,2026-02-11
Q007523,S01059,7,80,2,2026-02-12
Q007524,S01059,8,72,1,2026-02-15
Q007525,S01059,9,86,1,2026-02-18
Q007526,S01059,10,81,2,2026-02-21
Q007527,S01060,1,79,1,2026-05-20
Q007528,S01060,2,79,3,2026-05-24
Q007529,S01060,3,80,3,2026-05-31
Q007530,S01060,4,75,2,2026-06-08
Q007531,S01060,5,75,1,2026-06-18
Q007532,S01060,6,67,1,2026-07-01
Q007533,S01060,7,74,3,2026-07-10
Q007534,S01060,8,71,3,2026-07-23
Q007535,S01062,1,67,1,2026-03-30
Q007536,S01062,2,71,1,2026-04-01
Q007537,S01063,1,65,3,2026-04-13
Q007538,S01063,2,57,1,2026-04-20
Q007539,S01063,3,59,1,2026-04-25
Q007540,S01063,4,49,3,2026-05-06
Q007541,S01063,5,51,1,2026-05-17
Q007542,S01063,6,51,3,2026-05-24
Q007543,S01064,1,84,2,2026-01-11
Q007544,S01064,2,96,1,2026-01-13
Q007545,S01064,3,84,1,2026-01-14
Q007546,S01064,4,89,2,2026-01-17
Q007547,S01064,5,84,1,2026-01-19
Q007548,S01064,6,90,1,2026-01-21
Q007549,S01064,7,95,2,2026-01-24
Q007550,S01064,8,86,2,2026-01-25
Q007551,S01064,9,98,1,2026-01-27
Q007552,S01064,10,95,1,2026-01-29
Q007553,S01065,1,86,2,2026-04-18
Q007554,S01065,2,80,2,2026-04-19
Q007555,S01065,3,80,2,2026-04-21
Q007556,S01065,4,86,1,2026-04-23
Q007557,S01065,5,82,2,2026-04-24
Q007558,S01065,6,83,1,2026-04-26
Q007559,S01065,7,82,2,2026-04-28
Q007560,S01065,8,77,1,2026-04-30
Q007561,S01065,9,74,2,2026-05-03
Q007562,S01065,10,82,1,2026-05-04
Q007563,S01066,1,64,3,2026-01-24
Q007564,S01066,2,65,3,2026-02-01
Q007565,S01067,1,87,1,2026-03-25
Q007566,S01067,2,89,2,2026-03-27
Q007567,S01067,3,81,2,2026-03-28
Q007568,S01067,4,85,2,2026-03-29
Q007569,S01067,5,93,1,2026-03-30
Q007570,S01067,6,82,1,2026-04-02
Q007571,S01067,7,85,2,2026-04-03
Q007572,S01067,8,90,2,2026-04-04
Q007573,S01067,9,86,2,2026-04-07
Q007574,S01067,10,80,1,2026-04-08
Q007575,S01068,1,73,1,2026-05-07
Q007576,S01068,2,72,1,2026-05-10
Q007577,S01068,3,69,2,2026-05-11
Q007578,S01068,4,73,1,2026-05-14
Q007579,S01068,5,79,2,2026-05-15
Q007580,S01068,6,64,1,2026-05-17
Q007581,S01068,7,64,1,2026-05-19
Q007582,S01068,8,66,1,2026-05-20
Q007583,S01068,9,69,1,2026-05-23
Q007584,S01068,10,81,2,2026-05-24
Q007585,S01069,1,87,2,2026-04-02
Q007586,S01069,2,92,2,2026-04-05
Q007587,S01069,3,92,1,2026-04-08
Q007588,S01069,4,77,1,2026-04-10
Q007589,S01069,5,89,1,2026-04-13
Q007590,S01069,6,85,2,2026-04-15
Q007591,S01069,7,87,1,2026-04-16
Q007592,S01069,8,80,1,2026-04-19
Q007593,S01069,9,88,1,2026-04-21
Q007594,S01069,10,85,1,2026-04-23
Q007595,S01070,1,77,1,2026-02-18
Q007596,S01070,2,83,1,2026-02-19
Q007597,S01070,3,84,2,2026-02-21
Q007598,S01070,4,80,1,2026-02-22
Q007599,S01070,5,79,2,2026-02-23
Q007600,S01070,6,89,1,2026-02-24
Q007601,S01070,7,76,1,2026-02-25
Q007602,S01070,8,76,2,2026-02-27
Q007603,S01070,9,74,1,2026-02-28
Q007604,S01070,10,86,1,2026-03-03
Q007605,S01071,1,87,2,2026-04-22
Q007606,S01071,2,86,2,2026-04-25
Q007607,S01071,3,96,2,2026-04-28
Q007608,S01071,4,92,1,2026-04-30
Q007609,S01071,5,97,2,2026-05-01
Q007610,S01071,6,82,2,2026-05-03
Q007611,S01071,7,88,1,2026-05-05
Q007612,S01071,8,84,2,2026-05-06
Q007613,S01071,9,80,1,2026-05-08
Q007614,S01071,10,87,1,2026-05-09
Q007615,S01072,1,81,2,2026-02-05
Q007616,S01072,2,93,2,2026-02-07
Q007617,S01072,3,88,2,2026-02-10
Q007618,S01072,4,81,2,2026-02-12
Q007619,S01072,5,81,1,2026-02-15
Q007620,S01072,6,95,2,2026-02-17
Q007621,S01072,7,95,1,2026-02-18
Q007622,S01072,8,88,1,2026-02-20
Q007623,S01072,9,90,2,2026-02-21
Q007624,S01072,10,89,1,2026-02-22
Q007625,S01073,1,92,2,2026-01-10
Q007626,S01073,2,89,1,2026-01-13
Q007627,S01073,3,90,1,2026-01-15
Q007628,S01073,4,89,1,2026-01-18
Q007629,S01073,5,92,1,2026-01-21
Q007630,S01073,6,97,1,2026-01-24
Q007631,S01073,7,97,1,2026-01-26
Q007632,S01073,8,90,2,2026-01-28
Q007633,S01073,9,81,1,2026-01-31
Q007634,S01073,10,94,2,2026-02-03
Q007635,S01074,1,84,2,2026-03-27
Q007636,S01074,2,81,1,2026-03-28
Q007637,S01074,3,97,1,2026-03-31
Q007638,S01074,4,84,1,2026-04-02
Q007639,S01074,5,87,1,2026-04-03
Q007640,S01074,6,86,2,2026-04-04
Q007641,S01074,7,81,2,2026-04-07
Q007642,S01074,8,84,2,2026-04-09
Q007643,S01074,9,89,1,2026-04-10
Q007644,S01074,10,89,1,2026-04-11
Q007645,S01075,1,61,1,2026-02-27
Q007646,S01076,1,78,2,2026-02-15
Q007647,S01076,2,67,1,2026-02-18
Q007648,S01076,3,80,1,2026-02-20
Q007649,S01076,4,80,2,2026-02-21
Q007650,S01076,5,76,2,2026-02-22
Q007651,S01076,6,69,2,2026-02-25
Q007652,S01076,7,70,2,2026-02-28
Q007653,S01076,8,75,2,2026-03-01
Q007654,S01076,9,71,2,2026-03-03
Q007655,S01076,10,79,2,2026-03-05
Q007656,S01077,1,88,2,2026-01-28
Q007657,S01077,2,89,1,2026-01-29
Q007658,S01077,3,98,1,2026-02-01
Q007659,S01077,4,96,1,2026-02-04
Q007660,S01077,5,90,2,2026-02-06
Q007661,S01077,6,97,1,2026-02-08
Q007662,S01077,7,86,1,2026-02-11
Q007663,S01077,8,83,2,2026-02-14
Q007664,S01077,9,86,2,2026-02-17
Q007665,S01077,10,90,1,2026-02-18
Q007666,S01078,1,74,1,2026-05-20
Q007667,S01078,2,68,1,2026-05-28
Q007668,S01078,3,65,1,2026-06-07
Q007669,S01078,4,61,1,2026-06-18
Q007670,S01078,5,55,2,2026-06-30
Q007671,S01078,6,49,1,2026-07-12
Q007672,S01079,1,77,2,2026-01-03
Q007673,S01079,2,75,2,2026-01-06
Q007674,S01079,3,76,2,2026-01-09
Q007675,S01079,4,78,2,2026-01-12
Q007676,S01079,5,68,2,2026-01-14
Q007677,S01079,6,73,2,2026-01-16
Q007678,S01079,7,68,1,2026-01-17
Q007679,S01079,8,66,1,2026-01-18
Q007680,S01079,9,66,1,2026-01-20
Q007681,S01079,10,75,2,2026-01-21
Q007682,S01080,1,64,1,2026-02-01
Q007683,S01080,2,55,1,2026-02-02
Q007684,S01081,1,63,2,2026-06-01
Q007685,S01081,2,57,1,2026-06-05
Q007686,S01081,3,61,1,2026-06-09
Q007687,S01081,4,53,3,2026-06-14
Q007688,S01081,5,54,2,2026-06-22
Q007689,S01081,6,51,1,2026-07-02
Q007690,S01081,7,45,2,2026-07-12
Q007691,S01081,8,38,1,2026-07-26
Q007692,S01082,1,92,2,2026-03-28
Q007693,S01082,2,89,1,2026-03-30
Q007694,S01082,3,79,2,2026-03-31
Q007695,S01082,4,83,1,2026-04-03
Q007696,S01082,5,93,2,2026-04-06
Q007697,S01082,6,91,2,2026-04-08
Q007698,S01082,7,77,1,2026-04-11
Q007699,S01082,8,84,1,2026-04-13
Q007700,S01082,9,82,2,2026-04-16
Q007701,S01082,10,90,1,2026-04-17
Q007702,S01083,1,73,2,2026-01-31
Q007703,S01083,2,77,2,2026-02-01
Q007704,S01083,3,74,2,2026-02-04
Q007705,S01083,4,79,1,2026-02-07
Q007706,S01083,5,78,2,2026-02-10
Q007707,S01083,6,82,1,2026-02-11
Q007708,S01083,7,83,1,2026-02-14
Q007709,S01083,8,66,1,2026-02-16
Q007710,S01083,9,79,1,2026-02-18
Q007711,S01083,10,65,1,2026-02-20
Q007712,S01085,1,69,1,2026-03-08
Q007713,S01086,1,87,2,2026-01-14
Q007714,S01086,2,93,1,2026-01-15
Q007715,S01086,3,86,1,2026-01-16
Q007716,S01086,4,97,1,2026-01-17
Q007717,S01086,5,81,1,2026-01-18
Q007718,S01086,6,80,2,2026-01-21
Q007719,S01086,7,92,2,2026-01-22
Q007720,S01086,8,81,2,2026-01-23
Q007721,S01086,9,99,1,2026-01-24
Q007722,S01086,10,81,1,2026-01-26
Q007723,S01087,1,81,1,2026-02-06
Q007724,S01087,2,73,3,2026-02-14
Q007725,S01087,3,76,1,2026-02-26
Q007726,S01087,4,68,1,2026-03-12
Q007727,S01088,1,70,2,2026-01-21
Q007728,S01088,2,83,1,2026-01-24
Q007729,S01088,3,80,2,2026-01-27
Q007730,S01088,4,77,2,2026-01-30
Q007731,S01088,5,69,2,2026-01-31
Q007732,S01088,6,70,2,2026-02-03
Q007733,S01088,7,75,2,2026-02-06
Q007734,S01088,8,67,2,2026-02-09
Q007735,S01088,9,72,2,2026-02-10
Q007736,S01088,10,67,1,2026-02-13
Q007737,S01090,1,77,1,2026-02-17
Q007738,S01090,2,67,2,2026-02-19
Q007739,S01090,3,70,2,2026-02-20
Q007740,S01090,4,86,2,2026-02-21
Q007741,S01090,5,81,2,2026-02-22
Q007742,S01090,6,85,1,2026-02-24
Q007743,S01090,7,68,2,2026-02-25
Q007744,S01090,8,81,1,2026-02-27
Q007745,S01090,9,73,2,2026-03-02
Q007746,S01090,10,67,2,2026-03-03
Q007747,S01091,1,54,1,2026-01-31
Q007748,S01092,1,71,2,2026-03-17
Q007749,S01092,2,71,3,2026-03-26
Q007750,S01092,3,64,2,2026-04-08
Q007751,S01092,4,64,1,2026-04-24
Q007752,S01093,1,65,3,2026-05-07
Q007753,S01093,2,63,1,2026-05-14
Q007754,S01093,3,54,2,2026-05-19
Q007755,S01093,4,62,3,2026-05-27
Q007756,S01093,5,53,1,2026-06-11
Q007757,S01094,1,64,2,2026-05-30
Q007758,S01094,2,80,2,2026-06-02
Q007759,S01094,3,78,2,2026-06-04
Q007760,S01094,4,78,2,2026-06-06
Q007761,S01094,5,68,1,2026-06-09
Q007762,S01094,6,68,1,2026-06-12
Q007763,S01094,7,67,2,2026-06-15
Q007764,S01094,8,66,1,2026-06-18
Q007765,S01094,9,76,2,2026-06-21
Q007766,S01094,10,74,2,2026-06-23
Q007767,S01095,1,64,2,2026-01-18
Q007768,S01095,2,62,2,2026-01-20
Q007769,S01095,3,80,2,2026-01-22
Q007770,S01095,4,70,2,2026-01-24
Q007771,S01095,5,79,1,2026-01-25
Q007772,S01095,6,62,1,2026-01-27
Q007773,S01095,7,72,1,2026-01-28
Q007774,S01095,8,65,1,2026-01-29
Q007775,S01095,9,72,1,2026-01-31
Q007776,S01095,10,80,2,2026-02-02
Q007777,S01096,1,92,1,2026-05-12
Q007778,S01096,2,93,1,2026-05-15
Q007779,S01096,3,92,1,2026-05-18
Q007780,S01096,4,86,2,2026-05-21
Q007781,S01096,5,86,2,2026-05-22
Q007782,S01096,6,88,2,2026-05-24
Q007783,S01096,7,90,2,2026-05-27
Q007784,S01096,8,90,1,2026-05-30
Q007785,S01096,9,81,2,2026-05-31
Q007786,S01096,10,87,1,2026-06-01
Q007787,S01097,1,64,1,2026-03-24
Q007788,S01097,2,70,1,2026-03-27
Q007789,S01097,3,76,1,2026-03-28
Q007790,S01097,4,72,2,2026-03-30
Q007791,S01097,5,64,2,2026-04-01
Q007792,S01097,6,74,1,2026-04-03
Q007793,S01097,7,76,2,2026-04-05
Q007794,S01097,8,71,1,2026-04-06
Q007795,S01097,9,63,1,2026-04-08
Q007796,S01097,10,65,2,2026-04-10
Q007797,S01098,1,84,1,2026-01-29
Q007798,S01098,2,83,2,2026-01-30
Q007799,S01098,3,96,1,2026-01-31
Q007800,S01098,4,87,2,2026-02-01
Q007801,S01098,5,84,2,2026-02-03
Q007802,S01098,6,77,2,2026-02-05
Q007803,S01098,7,87,2,2026-02-06
Q007804,S01098,8,89,2,2026-02-08
Q007805,S01098,9,92,2,2026-02-11
Q007806,S01098,10,88,2,2026-02-14
Q007807,S01099,1,79,2,2026-01-17
Q007808,S01099,2,71,2,2026-01-23
Q007809,S01099,3,73,3,2026-02-01
Q007810,S01099,4,65,3,2026-02-11
Q007811,S01099,5,66,2,2026-02-20
Q007812,S01099,6,69,1,2026-03-05
Q007813,S01100,1,80,2,2026-05-28
Q007814,S01100,2,75,2,2026-05-31
Q007815,S01100,3,87,1,2026-06-02
Q007816,S01100,4,78,1,2026-06-05
Q007817,S01100,5,94,1,2026-06-08
Q007818,S01100,6,77,1,2026-06-11
Q007819,S01100,7,83,1,2026-06-12
Q007820,S01100,8,76,1,2026-06-14
Q007821,S01100,9,78,1,2026-06-16
Q007822,S01100,10,88,2,2026-06-18
Q007823,S01101,1,88,1,2026-03-19
Q007824,S01101,2,88,1,2026-03-20
Q007825,S01101,3,96,1,2026-03-22
Q007826,S01101,4,91,2,2026-03-23
Q007827,S01101,5,90,2,2026-03-26
Q007828,S01101,6,97,2,2026-03-27
Q007829,S01101,7,96,1,2026-03-29
Q007830,S01101,8,95,1,2026-03-31
Q007831,S01101,9,96,1,2026-04-01
Q007832,S01101,10,95,2,2026-04-02
Q007833,S01103,1,74,1,2026-05-16
Q007834,S01106,1,76,2,2026-04-13
Q007835,S01106,2,80,1,2026-04-16
Q007836,S01106,3,76,1,2026-04-18
Q007837,S01106,4,71,2,2026-04-21
Q007838,S01106,5,70,2,2026-04-23
Q007839,S01106,6,82,1,2026-04-26
Q007840,S01106,7,71,1,2026-04-28
Q007841,S01106,8,67,2,2026-04-29
Q007842,S01106,9,75,2,2026-04-30
Q007843,S01106,10,82,1,2026-05-02
Q007844,S01107,1,86,1,2026-02-16
Q007845,S01107,2,87,2,2026-02-17
Q007846,S01107,3,83,1,2026-02-18
Q007847,S01107,4,79,2,2026-02-20
Q007848,S01107,5,82,2,2026-02-23
Q007849,S01107,6,91,2,2026-02-25
Q007850,S01107,7,97,2,2026-02-26
Q007851,S01107,8,88,1,2026-02-27
Q007852,S01107,9,79,2,2026-03-02
Q007853,S01107,10,88,1,2026-03-04
Q007854,S01108,1,61,3,2026-04-06
Q007855,S01108,2,62,2,2026-04-11
Q007856,S01108,3,60,3,2026-04-19
Q007857,S01108,4,52,3,2026-04-28
Q007858,S01108,5,55,3,2026-05-07
Q007859,S01109,1,66,3,2026-02-19
Q007860,S01109,2,58,1,2026-02-23
Q007861,S01109,3,64,3,2026-03-04
Q007862,S01109,4,58,2,2026-03-19
Q007863,S01110,1,80,1,2026-04-08
Q007864,S01110,2,99,2,2026-04-10
Q007865,S01110,3,86,2,2026-04-12
Q007866,S01110,4,88,2,2026-04-14
Q007867,S01110,5,85,2,2026-04-16
Q007868,S01110,6,84,2,2026-04-18
Q007869,S01110,7,96,2,2026-04-20
Q007870,S01110,8,81,2,2026-04-22
Q007871,S01110,9,87,1,2026-04-25
Q007872,S01110,10,95,2,2026-04-27
Q007873,S01111,1,68,2,2026-04-27
Q007874,S01111,2,67,3,2026-05-03
Q007875,S01111,3,65,1,2026-05-12
Q007876,S01111,4,58,1,2026-05-21
Q007877,S01111,5,59,3,2026-06-06
Q007878,S01112,1,85,2,2026-01-27
Q007879,S01112,2,91,2,2026-01-30
Q007880,S01112,3,96,2,2026-02-02
Q007881,S01112,4,89,2,2026-02-03
Q007882,S01112,5,87,1,2026-02-05
Q007883,S01112,6,88,1,2026-02-07
Q007884,S01112,7,89,1,2026-02-10
Q007885,S01112,8,87,1,2026-02-12
Q007886,S01112,9,83,1,2026-02-14
Q007887,S01112,10,94,1,2026-02-17
Q007888,S01113,1,63,2,2026-01-21
Q007889,S01113,2,66,2,2026-01-22
Q007890,S01113,3,79,2,2026-01-23
Q007891,S01113,4,80,2,2026-01-24
Q007892,S01113,5,76,1,2026-01-25
Q007893,S01113,6,68,2,2026-01-28
Q007894,S01113,7,64,1,2026-01-31
Q007895,S01113,8,69,1,2026-02-02
Q007896,S01113,9,66,1,2026-02-03
Q007897,S01113,10,76,2,2026-02-04
Q007898,S01114,1,70,1,2026-03-13
Q007899,S01114,2,63,2,2026-03-16
Q007900,S01114,3,76,2,2026-03-17
Q007901,S01114,4,67,2,2026-03-20
Q007902,S01114,5,70,2,2026-03-22
Q007903,S01114,6,62,2,2026-03-25
Q007904,S01114,7,69,2,2026-03-27
Q007905,S01114,8,70,1,2026-03-29
Q007906,S01114,9,77,1,2026-04-01
Q007907,S01114,10,74,1,2026-04-03
Q007908,S01115,1,83,3,2026-05-20
Q007909,S01115,2,79,2,2026-05-25
Q007910,S01115,3,77,3,2026-06-03
Q007911,S01115,4,73,2,2026-06-12
Q007912,S01115,5,69,3,2026-06-22
Q007913,S01116,1,60,1,2026-01-26
Q007914,S01116,2,61,1,2026-01-30
Q007915,S01116,3,67,2,2026-02-05
Q007916,S01116,4,60,3,2026-02-13
Q007917,S01116,5,61,3,2026-02-21
Q007918,S01116,6,48,1,2026-03-06
Q007919,S01116,7,50,3,2026-03-16
Q007920,S01116,8,50,3,2026-03-28
Q007921,S01117,1,73,2,2026-05-08
Q007922,S01117,2,69,2,2026-05-09
Q007923,S01117,3,69,1,2026-05-12
Q007924,S01117,4,68,1,2026-05-14
Q007925,S01117,5,69,2,2026-05-17
Q007926,S01117,6,66,2,2026-05-20
Q007927,S01117,7,75,1,2026-05-23
Q007928,S01117,8,68,2,2026-05-24
Q007929,S01117,9,67,1,2026-05-25
Q007930,S01117,10,76,1,2026-05-27
Q007931,S01118,1,63,1,2026-03-19
Q007932,S01119,1,74,1,2026-03-27
Q007933,S01119,2,88,2,2026-03-30
Q007934,S01119,3,88,2,2026-04-01
Q007935,S01119,4,91,1,2026-04-04
Q007936,S01119,5,89,2,2026-04-07
Q007937,S01119,6,78,2,2026-04-10
Q007938,S01119,7,78,2,2026-04-11
Q007939,S01119,8,89,1,2026-04-13
Q007940,S01119,9,83,2,2026-04-14
Q007941,S01119,10,76,1,2026-04-17
Q007942,S01120,1,75,2,2026-02-06
Q007943,S01120,2,75,1,2026-02-09
Q007944,S01120,3,75,2,2026-02-12
Q007945,S01120,4,63,2,2026-02-15
Q007946,S01120,5,71,2,2026-02-16
Q007947,S01120,6,62,1,2026-02-18
Q007948,S01120,7,75,1,2026-02-19
Q007949,S01120,8,79,2,2026-02-22
Q007950,S01120,9,79,2,2026-02-23
Q007951,S01120,10,73,2,2026-02-25
Q007952,S01121,1,51,1,2026-03-16
Q007953,S01122,1,68,1,2026-01-08
Q007954,S01123,1,52,1,2026-02-15
Q007955,S01124,1,62,3,2026-05-07
Q007956,S01124,2,60,2,2026-05-15
Q007957,S01124,3,62,3,2026-05-23
Q007958,S01124,4,60,3,2026-06-04
Q007959,S01125,1,80,1,2026-01-12
Q007960,S01125,2,77,2,2026-01-18
Q007961,S01125,3,71,2,2026-01-24
Q007962,S01125,4,74,1,2026-02-01
Q007963,S01125,5,70,1,2026-02-09
Q007964,S01125,6,71,1,2026-02-17
Q007965,S01125,7,67,1,2026-03-02
Q007966,S01125,8,64,3,2026-03-11
Q007967,S01126,1,72,1,2026-03-25
Q007968,S01126,2,71,1,2026-03-31
Q007969,S01126,3,68,1,2026-04-09
Q007970,S01126,4,60,3,2026-04-22
Q007971,S01126,5,58,1,2026-05-05
Q007972,S01127,1,66,1,2026-03-24
Q007973,S01127,2,81,1,2026-03-26
Q007974,S01127,3,83,2,2026-03-28
Q007975,S01127,4,74,1,2026-03-30
Q007976,S01127,5,82,2,2026-03-31
Q007977,S01127,6,74,1,2026-04-02
Q007978,S01127,7,69,1,2026-04-04
Q007979,S01127,8,73,1,2026-04-07
Q007980,S01127,9,81,1,2026-04-08
Q007981,S01127,10,69,2,2026-04-11
Q007982,S01128,1,95,2,2026-05-15
Q007983,S01128,2,87,1,2026-05-16
Q007984,S01128,3,91,2,2026-05-17
Q007985,S01128,4,100,2,2026-05-19
Q007986,S01128,5,94,2,2026-05-20
Q007987,S01128,6,100,1,2026-05-21
Q007988,S01128,7,95,2,2026-05-24
Q007989,S01128,8,92,1,2026-05-25
Q007990,S01128,9,87,2,2026-05-27
Q007991,S01128,10,97,2,2026-05-29
Q007992,S01129,1,68,2,2026-04-26
Q007993,S01129,2,73,2,2026-04-28
Q007994,S01129,3,67,2,2026-04-30
Q007995,S01129,4,77,1,2026-05-02
Q007996,S01129,5,58,2,2026-05-03
Q007997,S01129,6,68,2,2026-05-06
Q007998,S01129,7,76,2,2026-05-07
Q007999,S01129,8,72,2,2026-05-09
Q008000,S01129,9,70,1,2026-05-12
Q008001,S01129,10,58,2,2026-05-13
Q008002,S01130,1,92,1,2026-03-24
Q008003,S01130,2,79,1,2026-03-26
Q008004,S01130,3,78,1,2026-03-27
Q008005,S01130,4,94,1,2026-03-29
Q008006,S01130,5,94,2,2026-04-01
Q008007,S01130,6,85,2,2026-04-03
Q008008,S01130,7,90,2,2026-04-04
Q008009,S01130,8,81,2,2026-04-05
Q008010,S01130,9,77,2,2026-04-08
Q008011,S01130,10,89,2,2026-04-09
Q008012,S01131,1,59,3,2026-02-03
Q008013,S01131,2,62,2,2026-02-09
Q008014,S01131,3,60,3,2026-02-14
Q008015,S01131,4,54,2,2026-02-20
Q008016,S01131,5,56,2,2026-03-03
Q008017,S01131,6,55,2,2026-03-13
Q008018,S01131,7,48,2,2026-03-19
Q008019,S01131,8,45,1,2026-03-27
Q008020,S01132,1,79,2,2026-04-20
Q008021,S01132,2,78,1,2026-04-21
Q008022,S01132,3,69,2,2026-04-24
Q008023,S01132,4,68,1,2026-04-27
Q008024,S01132,5,77,2,2026-04-28
Q008025,S01132,6,73,1,2026-05-01
Q008026,S01132,7,73,1,2026-05-03
Q008027,S01132,8,65,2,2026-05-06
Q008028,S01132,9,79,1,2026-05-08
Q008029,S01132,10,77,1,2026-05-09
Q008030,S01133,1,87,1,2026-02-11
Q008031,S01133,2,81,2,2026-02-12
Q008032,S01133,3,69,2,2026-02-14
Q008033,S01133,4,84,2,2026-02-17
Q008034,S01133,5,75,2,2026-02-18
Q008035,S01133,6,68,1,2026-02-21
Q008036,S01133,7,75,1,2026-02-23
Q008037,S01133,8,85,1,2026-02-25
Q008038,S01133,9,70,2,2026-02-27
Q008039,S01133,10,85,2,2026-03-01
Q008040,S01134,1,86,2,2026-04-13
Q008041,S01134,2,94,2,2026-04-14
Q008042,S01134,3,76,2,2026-04-16
Q008043,S01134,4,83,2,2026-04-17
Q008044,S01134,5,92,2,2026-04-18
Q008045,S01134,6,78,1,2026-04-19
Q008046,S01134,7,91,1,2026-04-22
Q008047,S01134,8,87,2,2026-04-25
Q008048,S01134,9,90,1,2026-04-28
Q008049,S01134,10,75,2,2026-04-30
Q008050,S01135,1,76,3,2026-04-24
Q008051,S01135,2,72,1,2026-05-03
Q008052,S01135,3,75,2,2026-05-15
Q008053,S01136,1,90,1,2026-04-23
Q008054,S01136,2,94,1,2026-04-26
Q008055,S01136,3,95,2,2026-04-27
Q008056,S01136,4,90,2,2026-04-30
Q008057,S01136,5,81,2,2026-05-03
Q008058,S01136,6,90,2,2026-05-05
Q008059,S01136,7,86,1,2026-05-08
Q008060,S01136,8,92,2,2026-05-10
Q008061,S01136,9,90,1,2026-05-13
Q008062,S01136,10,84,1,2026-05-14
Q008063,S01137,1,58,1,2026-02-16
Q008064,S01137,2,72,1,2026-02-17
Q008065,S01138,1,90,2,2026-05-15
Q008066,S01138,2,78,1,2026-05-16
Q008067,S01138,3,92,1,2026-05-17
Q008068,S01138,4,85,1,2026-05-18
Q008069,S01138,5,75,1,2026-05-20
Q008070,S01138,6,92,1,2026-05-22
Q008071,S01138,7,73,1,2026-05-23
Q008072,S01138,8,77,2,2026-05-25
Q008073,S01138,9,85,1,2026-05-27
Q008074,S01138,10,82,2,2026-05-30
Q008075,S01139,1,65,2,2026-04-04
Q008076,S01139,2,75,1,2026-04-07
Q008077,S01139,3,70,1,2026-04-10
Q008078,S01139,4,69,1,2026-04-12
Q008079,S01139,5,82,1,2026-04-15
Q008080,S01139,6,75,2,2026-04-16
Q008081,S01139,7,66,2,2026-04-17
Q008082,S01139,8,67,2,2026-04-19
Q008083,S01139,9,70,2,2026-04-20
Q008084,S01139,10,76,1,2026-04-23
Q008085,S01140,1,83,3,2026-02-15
Q008086,S01140,2,75,1,2026-02-21
Q008087,S01140,3,80,3,2026-02-27
Q008088,S01140,4,74,2,2026-03-05
Q008089,S01140,5,62,2,2026-03-19
Q008090,S01140,6,72,2,2026-04-03
Q008091,S01141,1,82,2,2026-03-17
Q008092,S01141,2,73,1,2026-03-23
Q008093,S01141,3,77,3,2026-03-30
Q008094,S01141,4,79,2,2026-04-04
Q008095,S01141,5,73,1,2026-04-18
Q008096,S01141,6,67,2,2026-05-01
Q008097,S01141,7,68,1,2026-05-10
Q008098,S01142,1,68,1,2026-03-26
Q008099,S01142,2,77,2,2026-03-27
Q008100,S01142,3,67,2,2026-03-30
Q008101,S01142,4,72,2,2026-04-02
Q008102,S01142,5,78,1,2026-04-05
Q008103,S01142,6,83,1,2026-04-06
Q008104,S01142,7,72,1,2026-04-09
Q008105,S01142,8,68,2,2026-04-10
Q008106,S01142,9,68,1,2026-04-13
Q008107,S01142,10,77,2,2026-04-14
Q008108,S01143,1,83,2,2026-01-11
Q008109,S01143,2,86,1,2026-01-20
Q008110,S01143,3,78,2,2026-02-02
Q008111,S01143,4,75,2,2026-02-09
Q008112,S01144,1,76,3,2026-05-01
Q008113,S01144,2,72,2,2026-05-07
Q008114,S01144,3,75,3,2026-05-12
Q008115,S01144,4,69,3,2026-05-21
Q008116,S01144,5,69,1,2026-06-01
Q008117,S01145,1,85,2,2026-05-11
Q008118,S01145,2,84,1,2026-05-14
Q008119,S01145,3,89,1,2026-05-15
Q008120,S01145,4,89,2,2026-05-17
Q008121,S01145,5,96,2,2026-05-19
Q008122,S01145,6,88,1,2026-05-21
Q008123,S01145,7,81,2,2026-05-24
Q008124,S01145,8,84,2,2026-05-27
Q008125,S01145,9,96,2,2026-05-30
Q008126,S01145,10,88,1,2026-06-02
Q008127,S01146,1,72,1,2026-01-16
Q008128,S01146,2,65,1,2026-01-17
Q008129,S01147,1,70,2,2026-02-25
Q008130,S01147,2,64,3,2026-03-08
Q008131,S01148,1,62,3,2026-05-28
Q008132,S01148,2,53,3,2026-06-06
Q008133,S01148,3,53,3,2026-06-18
Q008134,S01148,4,57,2,2026-07-01
Q008135,S01150,1,65,1,2026-03-16
Q008136,S01150,2,64,1,2026-03-17
Q008137,S01151,1,66,2,2026-01-23
Q008138,S01151,2,64,2,2026-01-31
Q008139,S01152,1,77,2,2026-04-12
Q008140,S01152,2,71,2,2026-04-17
Q008141,S01152,3,71,3,2026-04-25
Q008142,S01152,4,62,1,2026-05-01
Q008143,S01152,5,68,1,2026-05-09
Q008144,S01152,6,70,3,2026-05-22
Q008145,S01153,1,75,3,2026-03-04
Q008146,S01153,2,77,3,2026-03-07
Q008147,S01153,3,74,2,2026-03-12
Q008148,S01153,4,71,1,2026-03-21
Q008149,S01153,5,74,2,2026-03-29
Q008150,S01153,6,61,1,2026-04-08
Q008151,S01153,7,63,1,2026-04-21
Q008152,S01153,8,60,2,2026-05-06
Q008153,S01154,1,67,2,2026-04-05
Q008154,S01154,2,63,3,2026-04-18
Q008155,S01155,1,61,2,2026-02-07
Q008156,S01155,2,60,1,2026-02-14
Q008157,S01155,3,55,1,2026-02-21
Q008158,S01155,4,56,2,2026-03-06
Q008159,S01156,1,85,2,2026-02-19
Q008160,S01156,2,81,3,2026-02-26
Q008161,S01156,3,74,2,2026-03-09
Q008162,S01157,1,92,2,2026-05-16
Q008163,S01157,2,77,1,2026-05-17
Q008164,S01157,3,87,2,2026-05-18
Q008165,S01157,4,79,2,2026-05-20
Q008166,S01157,5,94,2,2026-05-22
Q008167,S01157,6,77,1,2026-05-25
Q008168,S01157,7,85,1,2026-05-26
Q008169,S01157,8,92,1,2026-05-28
Q008170,S01157,9,82,1,2026-05-30
Q008171,S01157,10,78,1,2026-06-02
Q008172,S01158,1,56,1,2026-03-08
Q008173,S01160,1,72,2,2026-04-21
Q008174,S01160,2,84,1,2026-04-22
Q008175,S01160,3,69,1,2026-04-25
Q008176,S01160,4,71,2,2026-04-28
Q008177,S01160,5,71,2,2026-04-29
Q008178,S01160,6,78,1,2026-05-02
Q008179,S01160,7,69,1,2026-05-03
Q008180,S01160,8,74,1,2026-05-06
Q008181,S01160,9,87,1,2026-05-09
Q008182,S01160,10,84,1,2026-05-10
Q008183,S01161,1,76,3,2026-03-15
Q008184,S01161,2,74,1,2026-03-18
Q008185,S01161,3,72,1,2026-03-26
Q008186,S01161,4,63,2,2026-04-01
Q008187,S01161,5,66,3,2026-04-13
Q008188,S01161,6,63,1,2026-04-20
Q008189,S01161,7,58,3,2026-05-01
Q008190,S01162,1,62,1,2026-01-06
Q008191,S01162,2,69,2,2026-01-07
Q008192,S01162,3,77,2,2026-01-08
Q008193,S01162,4,76,2,2026-01-10
Q008194,S01162,5,60,2,2026-01-13
Q008195,S01162,6,77,2,2026-01-16
Q008196,S01162,7,71,1,2026-01-17
Q008197,S01162,8,70,1,2026-01-19
Q008198,S01162,9,74,2,2026-01-22
Q008199,S01162,10,70,2,2026-01-23
Q008200,S01163,1,77,1,2026-03-28
Q008201,S01163,2,70,1,2026-03-31
Q008202,S01163,3,72,2,2026-04-03
Q008203,S01163,4,76,2,2026-04-04
Q008204,S01163,5,81,1,2026-04-07
Q008205,S01163,6,66,1,2026-04-08
Q008206,S01163,7,69,2,2026-04-11
Q008207,S01163,8,76,2,2026-04-14
Q008208,S01163,9,71,1,2026-04-16
Q008209,S01163,10,81,1,2026-04-18
Q008210,S01164,1,65,1,2026-02-22
Q008211,S01164,2,61,3,2026-03-02
Q008212,S01164,3,65,2,2026-03-11
Q008213,S01164,4,57,3,2026-03-22
Q008214,S01164,5,55,1,2026-04-03
Q008215,S01165,1,83,1,2026-03-03
Q008216,S01165,2,92,1,2026-03-04
Q008217,S01165,3,99,2,2026-03-06
Q008218,S01165,4,96,2,2026-03-08
Q008219,S01165,5,84,2,2026-03-10
Q008220,S01165,6,81,2,2026-03-11
Q008221,S01165,7,84,1,2026-03-12
Q008222,S01165,8,81,1,2026-03-13
Q008223,S01165,9,84,1,2026-03-14
Q008224,S01165,10,86,2,2026-03-16
Q008225,S01166,1,76,2,2026-03-12
Q008226,S01166,2,68,1,2026-03-16
Q008227,S01166,3,72,1,2026-03-25
Q008228,S01166,4,65,2,2026-04-06
Q008229,S01166,5,63,3,2026-04-20
Q008230,S01166,6,55,3,2026-04-29
Q008231,S01167,1,69,1,2026-05-28
Q008232,S01167,2,72,1,2026-06-03
Q008233,S01167,3,60,1,2026-06-09
Q008234,S01167,4,67,1,2026-06-17
Q008235,S01167,5,62,2,2026-07-03
Q008236,S01168,1,69,1,2026-01-06
Q008237,S01168,2,64,2,2026-01-09
Q008238,S01168,3,73,1,2026-01-10
Q008239,S01168,4,75,1,2026-01-11
Q008240,S01168,5,73,1,2026-01-14
Q008241,S01168,6,65,1,2026-01-16
Q008242,S01168,7,73,2,2026-01-18
Q008243,S01168,8,80,2,2026-01-20
Q008244,S01168,9,67,1,2026-01-23
Q008245,S01168,10,75,1,2026-01-26
Q008246,S01169,1,73,2,2026-01-22
Q008247,S01169,2,79,1,2026-01-24
Q008248,S01169,3,73,2,2026-01-26
Q008249,S01169,4,88,2,2026-01-27
Q008250,S01169,5,86,2,2026-01-28
Q008251,S01169,6,72,2,2026-01-29
Q008252,S01169,7,72,2,2026-02-01
Q008253,S01169,8,74,2,2026-02-02
Q008254,S01169,9,77,1,2026-02-03
Q008255,S01169,10,87,2,2026-02-06
Q008256,S01170,1,83,2,2026-02-23
Q008257,S01170,2,82,2,2026-02-26
Q008258,S01170,3,77,2,2026-02-28
Q008259,S01170,4,83,2,2026-03-03
Q008260,S01170,5,80,2,2026-03-04
Q008261,S01170,6,92,2,2026-03-07
Q008262,S01170,7,94,1,2026-03-08
Q008263,S01170,8,89,1,2026-03-09
Q008264,S01170,9,77,2,2026-03-11
Q008265,S01170,10,82,1,2026-03-13
Q008266,S01171,1,81,1,2026-02-14
Q008267,S01171,2,77,1,2026-02-19
Q008268,S01171,3,70,1,2026-02-24
Q008269,S01171,4,68,2,2026-03-03
Q008270,S01171,5,75,1,2026-03-17
Q008271,S01171,6,73,2,2026-03-26
Q008272,S01172,1,73,1,2026-03-07
Q008273,S01172,2,70,1,2026-03-09
Q008274,S01173,1,76,3,2026-03-16
Q008275,S01173,2,70,2,2026-03-20
Q008276,S01173,3,72,3,2026-03-26
Q008277,S01173,4,74,3,2026-04-03
Q008278,S01173,5,66,3,2026-04-14
Q008279,S01173,6,59,2,2026-04-22
Q008280,S01173,7,58,3,2026-05-04
Q008281,S01173,8,55,3,2026-05-11
Q008282,S01174,1,71,1,2026-05-20
Q008283,S01174,2,81,2,2026-05-22
Q008284,S01174,3,78,1,2026-05-23
Q008285,S01174,4,65,2,2026-05-24
Q008286,S01174,5,77,1,2026-05-27
Q008287,S01174,6,77,2,2026-05-28
Q008288,S01174,7,64,2,2026-05-31
Q008289,S01174,8,70,2,2026-06-03
Q008290,S01174,9,68,1,2026-06-04
Q008291,S01174,10,71,1,2026-06-05
Q008292,S01175,1,74,1,2026-02-04
Q008293,S01175,2,73,2,2026-02-13
Q008294,S01175,3,71,1,2026-03-02
Q008295,S01176,1,58,2,2026-03-16
Q008296,S01176,2,61,2,2026-03-18
Q008297,S01176,3,66,1,2026-03-21
Q008298,S01176,4,73,1,2026-03-22
Q008299,S01176,5,70,1,2026-03-24
Q008300,S01176,6,63,2,2026-03-26
Q008301,S01176,7,76,2,2026-03-27
Q008302,S01176,8,69,2,2026-03-29
Q008303,S01176,9,69,2,2026-03-30
Q008304,S01176,10,58,1,2026-04-01
Q008305,S01177,1,81,3,2026-06-05
Q008306,S01177,2,80,3,2026-06-19
Q008307,S01178,1,78,1,2026-04-24
Q008308,S01178,2,69,1,2026-04-27
Q008309,S01178,3,68,1,2026-04-29
Q008310,S01178,4,75,1,2026-04-30
Q008311,S01178,5,72,2,2026-05-02
Q008312,S01178,6,79,2,2026-05-03
Q008313,S01178,7,79,1,2026-05-04
Q008314,S01178,8,79,2,2026-05-07
Q008315,S01178,9,64,2,2026-05-08
Q008316,S01178,10,73,1,2026-05-09
Q008317,S01179,1,68,2,2026-04-21
Q008318,S01179,2,66,1,2026-04-27
Q008319,S01179,3,63,3,2026-05-04
Q008320,S01179,4,66,3,2026-05-13
Q008321,S01179,5,58,3,2026-05-18
Q008322,S01179,6,63,1,2026-05-31
Q008323,S01179,7,55,2,2026-06-09
Q008324,S01180,1,92,1,2026-01-08
Q008325,S01180,2,86,1,2026-01-10
Q008326,S01180,3,78,1,2026-01-13
Q008327,S01180,4,92,1,2026-01-14
Q008328,S01180,5,82,1,2026-01-15
Q008329,S01180,6,90,1,2026-01-16
Q008330,S01180,7,90,2,2026-01-18
Q008331,S01180,8,81,1,2026-01-19
Q008332,S01180,9,76,2,2026-01-22
Q008333,S01180,10,93,1,2026-01-25
Q008334,S01181,1,60,1,2026-04-18
Q008335,S01182,1,81,2,2026-06-01
Q008336,S01182,2,81,1,2026-06-03
Q008337,S01182,3,81,2,2026-06-04
Q008338,S01182,4,87,2,2026-06-07
Q008339,S01182,5,78,2,2026-06-09
Q008340,S01182,6,78,2,2026-06-12
Q008341,S01182,7,85,2,2026-06-13
Q008342,S01182,8,75,1,2026-06-14
Q008343,S01182,9,91,2,2026-06-16
Q008344,S01182,10,83,2,2026-06-17
Q008345,S01183,1,88,2,2026-04-04
Q008346,S01183,2,86,1,2026-04-11
Q008347,S01183,3,81,1,2026-04-19
Q008348,S01183,4,76,1,2026-04-27
Q008349,S01183,5,69,3,2026-05-06
Q008350,S01185,1,64,1,2026-05-30
Q008351,S01185,2,72,1,2026-06-02
Q008352,S01185,3,76,2,2026-06-03
Q008353,S01185,4,69,1,2026-06-05
Q008354,S01185,5,78,2,2026-06-06
Q008355,S01185,6,69,2,2026-06-09
Q008356,S01185,7,74,2,2026-06-11
Q008357,S01185,8,82,1,2026-06-13
Q008358,S01185,9,81,1,2026-06-16
Q008359,S01185,10,68,2,2026-06-17
Q008360,S01186,1,74,1,2026-02-02
Q008361,S01187,1,84,1,2026-01-14
Q008362,S01187,2,82,1,2026-01-18
Q008363,S01187,3,77,1,2026-01-22
Q008364,S01187,4,76,1,2026-01-30
Q008365,S01187,5,70,2,2026-02-13
Q008366,S01187,6,70,1,2026-03-03
Q008367,S01188,1,88,2,2026-04-13
Q008368,S01188,2,84,2,2026-04-16
Q008369,S01188,3,91,1,2026-04-19
Q008370,S01188,4,83,2,2026-04-20
Q008371,S01188,5,76,1,2026-04-21
Q008372,S01188,6,80,2,2026-04-24
Q008373,S01188,7,86,2,2026-04-27
Q008374,S01188,8,76,2,2026-04-29
Q008375,S01188,9,94,1,2026-05-02
Q008376,S01188,10,89,2,2026-05-05
Q008377,S01189,1,77,2,2026-02-01
Q008378,S01189,2,73,2,2026-02-03
Q008379,S01189,3,85,1,2026-02-04
Q008380,S01189,4,82,1,2026-02-07
Q008381,S01189,5,70,1,2026-02-09
Q008382,S01189,6,71,1,2026-02-11
Q008383,S01189,7,88,1,2026-02-13
Q008384,S01189,8,88,2,2026-02-15
Q008385,S01189,9,74,2,2026-02-16
Q008386,S01189,10,82,2,2026-02-17
Q008387,S01190,1,78,1,2026-03-30
Q008388,S01190,2,73,3,2026-04-05
Q008389,S01190,3,75,2,2026-04-13
Q008390,S01190,4,68,1,2026-04-21
Q008391,S01190,5,70,3,2026-04-30
Q008392,S01190,6,65,2,2026-05-10
Q008393,S01191,1,63,2,2026-03-23
Q008394,S01191,2,66,2,2026-03-24
Q008395,S01191,3,73,1,2026-03-27
Q008396,S01191,4,62,2,2026-03-29
Q008397,S01191,5,77,2,2026-04-01
Q008398,S01191,6,70,1,2026-04-03
Q008399,S01191,7,63,1,2026-04-06
Q008400,S01191,8,75,1,2026-04-08
Q008401,S01191,9,77,1,2026-04-09
Q008402,S01191,10,71,1,2026-04-11
Q008403,S01192,1,59,3,2026-01-25
Q008404,S01192,2,65,1,2026-01-29
Q008405,S01192,3,59,1,2026-02-03
Q008406,S01192,4,51,1,2026-02-13
Q008407,S01192,5,54,2,2026-02-25
Q008408,S01192,6,42,1,2026-03-14
Q008409,S01193,1,67,1,2026-03-05
Q008410,S01193,2,74,2,2026-03-06
Q008411,S01193,3,73,1,2026-03-07
Q008412,S01193,4,67,1,2026-03-10
Q008413,S01193,5,65,1,2026-03-11
Q008414,S01193,6,78,2,2026-03-14
Q008415,S01193,7,80,2,2026-03-16
Q008416,S01193,8,70,2,2026-03-17
Q008417,S01193,9,77,2,2026-03-18
Q008418,S01193,10,73,1,2026-03-21
Q008419,S01194,1,87,2,2026-03-26
Q008420,S01194,2,81,3,2026-03-30
Q008421,S01194,3,69,1,2026-04-07
Q008422,S01194,4,80,1,2026-04-14
Q008423,S01194,5,67,3,2026-04-21
Q008424,S01194,6,64,3,2026-05-04
Q008425,S01195,1,87,2,2026-02-23
Q008426,S01195,2,80,1,2026-02-24
Q008427,S01195,3,71,1,2026-02-25
Q008428,S01195,4,86,2,2026-02-27
Q008429,S01195,5,89,1,2026-02-28
Q008430,S01195,6,71,2,2026-03-03
Q008431,S01195,7,89,1,2026-03-04
Q008432,S01195,8,71,1,2026-03-06
Q008433,S01195,9,88,1,2026-03-07
Q008434,S01195,10,74,1,2026-03-10
Q008435,S01196,1,54,1,2026-01-17
Q008436,S01196,2,60,1,2026-01-19
Q008437,S01197,1,66,1,2026-03-29
Q008438,S01197,2,53,1,2026-03-30
Q008439,S01198,1,74,1,2026-01-11
Q008440,S01198,2,77,1,2026-01-12
Q008441,S01199,1,82,3,2026-03-15
Q008442,S01199,2,81,1,2026-03-20
Q008443,S01199,3,82,2,2026-03-28
Q008444,S01199,4,79,2,2026-04-02
Q008445,S01199,5,74,1,2026-04-10
Q008446,S01199,6,80,2,2026-04-19
Q008447,S01199,7,67,3,2026-05-01
Q008448,S01199,8,60,3,2026-05-17
Q008449,S01200,1,96,1,2026-02-01
Q008450,S01200,2,96,2,2026-02-02
Q008451,S01200,3,80,1,2026-02-05
Q008452,S01200,4,85,1,2026-02-07
Q008453,S01200,5,81,1,2026-02-09
Q008454,S01200,6,97,2,2026-02-11
Q008455,S01200,7,94,1,2026-02-13
Q008456,S01200,8,94,2,2026-02-14
Q008457,S01200,9,84,1,2026-02-16
Q008458,S01200,10,84,1,2026-02-17
Q008459,S01201,1,79,3,2026-04-22
Q008460,S01201,2,80,2,2026-04-27
Q008461,S01201,3,75,1,2026-05-06
Q008462,S01201,4,69,3,2026-05-16
Q008463,S01201,5,75,1,2026-06-01
Q008464,S01202,1,67,1,2026-02-26
Q008465,S01202,2,77,2,2026-02-27
Q008466,S01202,3,76,2,2026-03-01
Q008467,S01202,4,59,1,2026-03-03
Q008468,S01202,5,74,1,2026-03-05
Q008469,S01202,6,65,1,2026-03-08
Q008470,S01202,7,64,2,2026-03-11
Q008471,S01202,8,64,1,2026-03-14
Q008472,S01202,9,73,2,2026-03-15
Q008473,S01202,10,77,1,2026-03-18
Q008474,S01203,1,90,1,2026-01-10
Q008475,S01203,2,86,2,2026-01-13
Q008476,S01203,3,93,1,2026-01-15
Q008477,S01203,4,80,1,2026-01-17
Q008478,S01203,5,87,1,2026-01-18
Q008479,S01203,6,79,1,2026-01-20
Q008480,S01203,7,97,1,2026-01-23
Q008481,S01203,8,88,1,2026-01-26
Q008482,S01203,9,88,2,2026-01-29
Q008483,S01203,10,96,1,2026-01-31
Q008484,S01204,1,96,2,2026-02-15
Q008485,S01204,2,82,2,2026-02-18
Q008486,S01204,3,97,2,2026-02-20
Q008487,S01204,4,91,1,2026-02-23
Q008488,S01204,5,92,2,2026-02-26
Q008489,S01204,6,93,1,2026-02-27
Q008490,S01204,7,90,2,2026-03-01
Q008491,S01204,8,82,1,2026-03-02
Q008492,S01204,9,84,1,2026-03-04
Q008493,S01204,10,83,2,2026-03-05
Q008494,S01205,1,76,1,2026-05-28
Q008495,S01205,2,67,1,2026-05-31
Q008496,S01205,3,82,1,2026-06-03
Q008497,S01205,4,78,2,2026-06-04
Q008498,S01205,5,80,1,2026-06-05
Q008499,S01205,6,77,1,2026-06-07
Q008500,S01205,7,74,2,2026-06-09
Q008501,S01205,8,68,2,2026-06-10
Q008502,S01205,9,69,2,2026-06-13
Q008503,S01205,10,65,1,2026-06-14
Q008504,S01206,1,65,3,2026-05-24
Q008505,S01206,2,64,1,2026-06-04
Q008506,S01206,3,59,2,2026-06-21
Q008507,S01207,1,75,3,2026-03-27
Q008508,S01207,2,77,3,2026-04-06
Q008509,S01207,3,74,2,2026-04-24
Q008510,S01208,1,74,1,2026-01-24
Q008511,S01208,2,80,1,2026-01-27
Q008512,S01208,3,75,1,2026-01-28
Q008513,S01208,4,65,2,2026-01-31
Q008514,S01208,5,73,1,2026-02-01
Q008515,S01208,6,73,2,2026-02-04
Q008516,S01208,7,77,2,2026-02-06
Q008517,S01208,8,81,1,2026-02-09
Q008518,S01208,9,64,2,2026-02-10
Q008519,S01208,10,71,2,2026-02-12
Q008520,S01209,1,62,2,2026-03-16
Q008521,S01209,2,76,1,2026-03-18
Q008522,S01209,3,68,2,2026-03-20
Q008523,S01209,4,74,1,2026-03-23
Q008524,S01209,5,66,1,2026-03-25
Q008525,S01209,6,71,2,2026-03-27
Q008526,S01209,7,69,1,2026-03-28
Q008527,S01209,8,72,1,2026-03-30
Q008528,S01209,9,67,2,2026-03-31
Q008529,S01209,10,64,2,2026-04-03
Q008530,S01210,1,54,1,2026-04-07
Q008531,S01211,1,76,2,2026-05-14
Q008532,S01211,2,61,2,2026-05-16
Q008533,S01211,3,70,1,2026-05-17
Q008534,S01211,4,67,2,2026-05-19
Q008535,S01211,5,74,2,2026-05-22
Q008536,S01211,6,76,2,2026-05-25
Q008537,S01211,7,70,1,2026-05-26
Q008538,S01211,8,58,2,2026-05-27
Q008539,S01211,9,75,1,2026-05-29
Q008540,S01211,10,68,2,2026-05-30
Q008541,S01212,1,69,1,2026-02-08
Q008542,S01212,2,64,1,2026-02-09
Q008543,S01212,3,79,1,2026-02-12
Q008544,S01212,4,64,1,2026-02-13
Q008545,S01212,5,78,1,2026-02-14
Q008546,S01212,6,70,2,2026-02-15
Q008547,S01212,7,67,2,2026-02-17
Q008548,S01212,8,78,1,2026-02-20
Q008549,S01212,9,82,1,2026-02-23
Q008550,S01212,10,68,1,2026-02-24
Q008551,S01213,1,70,2,2026-03-17
Q008552,S01213,2,74,2,2026-03-20
Q008553,S01213,3,70,1,2026-03-21
Q008554,S01213,4,75,1,2026-03-22
Q008555,S01213,5,65,2,2026-03-24
Q008556,S01213,6,79,1,2026-03-27
Q008557,S01213,7,75,2,2026-03-29
Q008558,S01213,8,78,2,2026-03-30
Q008559,S01213,9,78,1,2026-04-02
Q008560,S01213,10,72,1,2026-04-03
Q008561,S01214,1,79,1,2026-05-17
Q008562,S01214,2,79,2,2026-05-22
Q008563,S01214,3,69,2,2026-05-30
Q008564,S01214,4,67,1,2026-06-07
Q008565,S01214,5,64,1,2026-06-14
Q008566,S01214,6,58,3,2026-06-24
Q008567,S01214,7,71,1,2026-07-04
Q008568,S01214,8,55,2,2026-07-17
Q008569,S01215,1,87,3,2026-01-14
Q008570,S01215,2,77,2,2026-01-23
Q008571,S01216,1,71,1,2026-01-19
Q008572,S01216,2,58,1,2026-01-21
Q008573,S01216,3,57,2,2026-01-24
Q008574,S01216,4,68,2,2026-01-26
Q008575,S01216,5,62,2,2026-01-28
Q008576,S01216,6,61,1,2026-01-31
Q008577,S01216,7,69,1,2026-02-02
Q008578,S01216,8,76,1,2026-02-05
Q008579,S01216,9,57,2,2026-02-06
Q008580,S01216,10,76,2,2026-02-09
Q008581,S01217,1,66,1,2026-02-18
Q008582,S01217,2,74,1,2026-02-19
Q008583,S01217,3,64,1,2026-02-22
Q008584,S01217,4,72,1,2026-02-25
Q008585,S01217,5,60,2,2026-02-27
Q008586,S01217,6,68,2,2026-03-02
Q008587,S01217,7,70,2,2026-03-04
Q008588,S01217,8,76,2,2026-03-07
Q008589,S01217,9,73,1,2026-03-08
Q008590,S01217,10,61,2,2026-03-09
Q008591,S01218,1,85,3,2026-03-17
Q008592,S01218,2,84,1,2026-03-23
Q008593,S01218,3,80,2,2026-03-30
Q008594,S01218,4,77,1,2026-04-13
Q008595,S01218,5,74,1,2026-04-23
Q008596,S01219,1,73,3,2026-04-07
Q008597,S01219,2,69,2,2026-04-16
Q008598,S01219,3,64,1,2026-04-26
Q008599,S01219,4,64,3,2026-05-11
Q008600,S01220,1,87,1,2026-01-02
Q008601,S01220,2,89,2,2026-01-05
Q008602,S01220,3,80,1,2026-01-06
Q008603,S01220,4,80,2,2026-01-07
Q008604,S01220,5,85,2,2026-01-09
Q008605,S01220,6,74,1,2026-01-11
Q008606,S01220,7,76,1,2026-01-14
Q008607,S01220,8,78,1,2026-01-15
Q008608,S01220,9,73,1,2026-01-17
Q008609,S01220,10,90,2,2026-01-19
Q008610,S01222,1,75,2,2026-01-20
Q008611,S01222,2,90,1,2026-01-23
Q008612,S01222,3,72,2,2026-01-25
Q008613,S01222,4,77,2,2026-01-28
Q008614,S01222,5,75,1,2026-01-29
Q008615,S01222,6,83,2,2026-02-01
Q008616,S01222,7,76,1,2026-02-03
Q008617,S01222,8,80,1,2026-02-06
Q008618,S01222,9,78,1,2026-02-09
Q008619,S01222,10,86,2,2026-02-11
Q008620,S01223,1,70,2,2026-03-30
Q008621,S01223,2,66,2,2026-04-02
Q008622,S01223,3,70,1,2026-04-05
Q008623,S01223,4,74,1,2026-04-07
Q008624,S01223,5,65,1,2026-04-10
Q008625,S01223,6,69,2,2026-04-13
Q008626,S01223,7,79,2,2026-04-15
Q008627,S01223,8,83,2,2026-04-18
Q008628,S01223,9,73,2,2026-04-21
Q008629,S01223,10,71,1,2026-04-24
Q008630,S01224,1,66,1,2026-04-24
Q008631,S01225,1,78,2,2026-02-23
Q008632,S01225,2,81,1,2026-02-24
Q008633,S01225,3,87,1,2026-02-26
Q008634,S01225,4,83,1,2026-02-28
Q008635,S01225,5,84,2,2026-03-01
Q008636,S01225,6,87,1,2026-03-03
Q008637,S01225,7,74,1,2026-03-04
Q008638,S01225,8,76,1,2026-03-05
Q008639,S01225,9,88,2,2026-03-06
Q008640,S01225,10,79,2,2026-03-09
Q008641,S01226,1,83,2,2026-04-29
Q008642,S01226,2,82,3,2026-05-05
Q008643,S01226,3,82,3,2026-05-11
Q008644,S01226,4,75,3,2026-05-17
Q008645,S01226,5,75,3,2026-05-25
Q008646,S01226,6,65,3,2026-06-02
Q008647,S01226,7,70,1,2026-06-14
Q008648,S01226,8,74,3,2026-06-22
Q008649,S01227,1,65,2,2026-02-23
Q008650,S01227,2,64,2,2026-02-25
Q008651,S01227,3,65,2,2026-02-26
Q008652,S01227,4,74,2,2026-02-27
Q008653,S01227,5,66,2,2026-03-02
Q008654,S01227,6,65,1,2026-03-04
Q008655,S01227,7,83,2,2026-03-06
Q008656,S01227,8,78,2,2026-03-09
Q008657,S01227,9,77,1,2026-03-12
Q008658,S01227,10,67,1,2026-03-14
Q008659,S01228,1,78,1,2026-01-12
Q008660,S01228,2,82,2,2026-01-13
Q008661,S01228,3,82,1,2026-01-14
Q008662,S01228,4,88,2,2026-01-15
Q008663,S01228,5,83,2,2026-01-16
Q008664,S01228,6,90,2,2026-01-18
Q008665,S01228,7,78,2,2026-01-19
Q008666,S01228,8,86,1,2026-01-22
Q008667,S01228,9,94,2,2026-01-23
Q008668,S01228,10,75,2,2026-01-26
Q008669,S01229,1,65,1,2026-02-18
Q008670,S01229,2,65,1,2026-02-19
Q008671,S01230,1,87,2,2026-03-05
Q008672,S01230,2,82,1,2026-03-07
Q008673,S01230,3,79,2,2026-03-08
Q008674,S01230,4,76,1,2026-03-09
Q008675,S01230,5,80,1,2026-03-12
Q008676,S01230,6,75,2,2026-03-15
Q008677,S01230,7,89,1,2026-03-16
Q008678,S01230,8,86,2,2026-03-17
Q008679,S01230,9,80,2,2026-03-18
Q008680,S01230,10,83,2,2026-03-21
Q008681,S01231,1,48,1,2026-05-08
Q008682,S01231,2,49,1,2026-05-10
Q008683,S01232,1,86,2,2026-05-29
Q008684,S01232,2,92,1,2026-06-01
Q008685,S01232,3,82,1,2026-06-04
Q008686,S01232,4,88,2,2026-06-07
Q008687,S01232,5,85,2,2026-06-10
Q008688,S01232,6,77,2,2026-06-13
Q008689,S01232,7,83,2,2026-06-16
Q008690,S01232,8,78,1,2026-06-17
Q008691,S01232,9,89,1,2026-06-18
Q008692,S01232,10,91,2,2026-06-19
Q008693,S01233,1,88,1,2026-03-06
Q008694,S01233,2,88,1,2026-03-07
Q008695,S01233,3,93,1,2026-03-10
Q008696,S01233,4,84,2,2026-03-12
Q008697,S01233,5,81,2,2026-03-15
Q008698,S01233,6,88,1,2026-03-18
Q008699,S01233,7,95,1,2026-03-19
Q008700,S01233,8,92,2,2026-03-20
Q008701,S01233,9,95,2,2026-03-21
Q008702,S01233,10,87,2,2026-03-22
Q008703,S01234,1,93,1,2026-01-24
Q008704,S01234,2,80,2,2026-01-25
Q008705,S01234,3,87,1,2026-01-27
Q008706,S01234,4,87,2,2026-01-29
Q008707,S01234,5,82,1,2026-02-01
Q008708,S01234,6,83,2,2026-02-02
Q008709,S01234,7,79,2,2026-02-05
Q008710,S01234,8,82,2,2026-02-08
Q008711,S01234,9,83,1,2026-02-10
Q008712,S01234,10,88,1,2026-02-13
Q008713,S01235,1,62,2,2026-05-18
Q008714,S01235,2,67,1,2026-06-01
Q008715,S01236,1,81,1,2026-02-10
Q008716,S01236,2,89,2,2026-02-11
Q008717,S01236,3,76,1,2026-02-13
Q008718,S01236,4,90,1,2026-02-15
Q008719,S01236,5,88,1,2026-02-16
Q008720,S01236,6,78,1,2026-02-19
Q008721,S01236,7,86,1,2026-02-21
Q008722,S01236,8,77,1,2026-02-24
Q008723,S01236,9,89,1,2026-02-25
Q008724,S01236,10,81,1,2026-02-26
Q008725,S01238,1,88,2,2026-05-29
Q008726,S01238,2,76,2,2026-05-30
Q008727,S01238,3,90,1,2026-05-31
Q008728,S01238,4,88,1,2026-06-02
Q008729,S01238,5,90,1,2026-06-04
Q008730,S01238,6,77,1,2026-06-07
Q008731,S01238,7,85,1,2026-06-08
Q008732,S01238,8,89,1,2026-06-10
Q008733,S01238,9,91,1,2026-06-11
Q008734,S01238,10,80,2,2026-06-14
Q008735,S01239,1,62,1,2026-01-28
Q008736,S01239,2,56,1,2026-01-30
Q008737,S01240,1,79,2,2026-04-14
Q008738,S01240,2,84,2,2026-04-15
Q008739,S01240,3,78,2,2026-04-18
Q008740,S01240,4,73,2,2026-04-20
Q008741,S01240,5,88,2,2026-04-23
Q008742,S01240,6,86,2,2026-04-24
Q008743,S01240,7,77,1,2026-04-26
Q008744,S01240,8,88,2,2026-04-28
Q008745,S01240,9,84,1,2026-04-30
Q008746,S01240,10,80,2,2026-05-03
Q008747,S01241,1,59,1,2026-05-14
Q008748,S01241,2,59,1,2026-05-16
Q008749,S01242,1,71,3,2026-06-01
Q008750,S01242,2,71,3,2026-06-07
Q008751,S01242,3,68,1,2026-06-15
Q008752,S01242,4,65,1,2026-06-21
Q008753,S01242,5,63,1,2026-06-30
Q008754,S01242,6,56,1,2026-07-13
Q008755,S01243,1,74,2,2026-02-14
Q008756,S01243,2,70,3,2026-02-20
Q008757,S01243,3,64,1,2026-02-26
Q008758,S01243,4,65,2,2026-03-06
Q008759,S01243,5,63,2,2026-03-18
Q008760,S01243,6,65,1,2026-03-29
Q008761,S01243,7,68,3,2026-04-11
Q008762,S01244,1,75,3,2026-04-06
Q008763,S01244,2,68,1,2026-04-12
Q008764,S01244,3,74,3,2026-04-18
Q008765,S01244,4,66,1,2026-04-29
Q008766,S01244,5,70,3,2026-05-10
Q008767,S01244,6,59,1,2026-05-24
Q008768,S01244,7,61,3,2026-06-05
Q008769,S01245,1,77,1,2026-03-21
Q008770,S01245,2,67,1,2026-03-27
Q008771,S01245,3,67,2,2026-04-06
Q008772,S01245,4,62,1,2026-04-17
Q008773,S01246,1,79,1,2026-02-16
Q008774,S01246,2,80,2,2026-02-25
Q008775,S01246,3,74,2,2026-03-10
Q008776,S01247,1,83,2,2026-03-08
Q008777,S01247,2,69,1,2026-03-10
Q008778,S01247,3,70,1,2026-03-11
Q008779,S01247,4,83,1,2026-03-12
Q008780,S01247,5,80,1,2026-03-14
Q008781,S01247,6,70,2,2026-03-15
Q008782,S01247,7,76,2,2026-03-18
Q008783,S01247,8,83,1,2026-03-19
Q008784,S01247,9,73,1,2026-03-21
Q008785,S01247,10,85,1,2026-03-24
Q008786,S01248,1,87,2,2026-01-10
Q008787,S01248,2,82,2,2026-01-12
Q008788,S01248,3,97,2,2026-01-14
Q008789,S01248,4,82,1,2026-01-15
Q008790,S01248,5,98,2,2026-01-16
Q008791,S01248,6,94,2,2026-01-17
Q008792,S01248,7,97,2,2026-01-18
Q008793,S01248,8,84,1,2026-01-21
Q008794,S01248,9,91,2,2026-01-22
Q008795,S01248,10,91,1,2026-01-23
Q008796,S01249,1,57,1,2026-04-04
Q008797,S01250,1,81,1,2026-04-10
Q008798,S01250,2,75,1,2026-04-15
Q008799,S01250,3,80,2,2026-04-24
Q008800,S01250,4,77,2,2026-05-05
Q008801,S01250,5,73,1,2026-05-11
Q008802,S01250,6,68,3,2026-05-19
Q008803,S01250,7,67,3,2026-06-04
Q008804,S01251,1,71,3,2026-01-24
Q008805,S01251,2,67,2,2026-01-28
Q008806,S01251,3,62,2,2026-02-04
Q008807,S01251,4,59,3,2026-02-14
Q008808,S01251,5,50,1,2026-02-26
Q008809,S01251,6,55,3,2026-03-11
Q008810,S01252,1,93,2,2026-04-19
Q008811,S01252,2,88,1,2026-04-22
Q008812,S01252,3,77,2,2026-04-23
Q008813,S01252,4,94,1,2026-04-24
Q008814,S01252,5,89,2,2026-04-26
Q008815,S01252,6,81,1,2026-04-28
Q008816,S01252,7,89,2,2026-04-30
Q008817,S01252,8,87,1,2026-05-03
Q008818,S01252,9,92,1,2026-05-06
Q008819,S01252,10,82,2,2026-05-08
Q008820,S01253,1,67,1,2026-03-20
Q008821,S01253,2,79,2,2026-03-21
Q008822,S01253,3,76,2,2026-03-23
Q008823,S01253,4,73,1,2026-03-26
Q008824,S01253,5,83,2,2026-03-28
Q008825,S01253,6,65,1,2026-03-31
Q008826,S01253,7,78,2,2026-04-02
Q008827,S01253,8,79,2,2026-04-05
Q008828,S01253,9,78,2,2026-04-08
Q008829,S01253,10,68,2,2026-04-09
Q008830,S01254,1,74,1,2026-03-07
Q008831,S01254,2,69,1,2026-03-08
Q008832,S01254,3,64,2,2026-03-10
Q008833,S01254,4,69,2,2026-03-11
Q008834,S01254,5,63,1,2026-03-13
Q008835,S01254,6,62,2,2026-03-14
Q008836,S01254,7,60,2,2026-03-17
Q008837,S01254,8,63,1,2026-03-18
Q008838,S01254,9,63,1,2026-03-21
Q008839,S01254,10,61,2,2026-03-23
Q008840,S01255,1,59,3,2026-02-14
Q008841,S01255,2,62,2,2026-02-28
Q008842,S01256,1,76,2,2026-05-27
Q008843,S01256,2,74,2,2026-05-29
Q008844,S01256,3,64,2,2026-06-01
Q008845,S01256,4,71,2,2026-06-03
Q008846,S01256,5,69,1,2026-06-06
Q008847,S01256,6,70,2,2026-06-08
Q008848,S01256,7,64,1,2026-06-11
Q008849,S01256,8,58,1,2026-06-13
Q008850,S01256,9,73,2,2026-06-15
Q008851,S01256,10,73,2,2026-06-16
Q008852,S01257,1,75,1,2026-01-07
Q008853,S01257,2,70,2,2026-01-08
Q008854,S01257,3,75,2,2026-01-11
Q008855,S01257,4,89,2,2026-01-14
Q008856,S01257,5,84,2,2026-01-15
Q008857,S01257,6,74,1,2026-01-16
Q008858,S01257,7,84,1,2026-01-18
Q008859,S01257,8,75,2,2026-01-19
Q008860,S01257,9,84,1,2026-01-20
Q008861,S01257,10,85,2,2026-01-22
Q008862,S01258,1,70,2,2026-01-08
Q008863,S01258,2,84,1,2026-01-10
Q008864,S01258,3,78,1,2026-01-13
Q008865,S01258,4,82,2,2026-01-15
Q008866,S01258,5,66,2,2026-01-17
Q008867,S01258,6,70,1,2026-01-18
Q008868,S01258,7,68,1,2026-01-19
Q008869,S01258,8,73,2,2026-01-20
Q008870,S01258,9,79,2,2026-01-23
Q008871,S01258,10,77,1,2026-01-24
Q008872,S01259,1,83,2,2026-04-18
Q008873,S01259,2,84,2,2026-04-21
Q008874,S01259,3,79,2,2026-04-22
Q008875,S01259,4,84,1,2026-04-24
Q008876,S01259,5,83,2,2026-04-26
Q008877,S01259,6,77,2,2026-04-27
Q008878,S01259,7,76,2,2026-04-28
Q008879,S01259,8,90,1,2026-04-29
Q008880,S01259,9,88,2,2026-05-01
Q008881,S01259,10,88,1,2026-05-02
Q008882,S01260,1,69,3,2026-05-10
Q008883,S01260,2,66,1,2026-05-18
Q008884,S01260,3,62,1,2026-05-23
Q008885,S01260,4,61,2,2026-06-01
Q008886,S01261,1,77,1,2026-02-10
Q008887,S01261,2,87,2,2026-02-13
Q008888,S01261,3,73,2,2026-02-15
Q008889,S01261,4,87,2,2026-02-16
Q008890,S01261,5,75,2,2026-02-19
Q008891,S01261,6,74,2,2026-02-21
Q008892,S01261,7,71,1,2026-02-24
Q008893,S01261,8,71,1,2026-02-26
Q008894,S01261,9,82,2,2026-02-28
Q008895,S01261,10,87,2,2026-03-03
Q008896,S01262,1,72,2,2026-05-09
Q008897,S01262,2,68,2,2026-05-14
Q008898,S01262,3,60,3,2026-05-20
Q008899,S01262,4,58,1,2026-05-27
Q008900,S01262,5,52,3,2026-06-04
Q008901,S01262,6,55,2,2026-06-11
Q008902,S01262,7,45,3,2026-06-21
Q008903,S01262,8,45,1,2026-07-02
Q008904,S01263,1,79,2,2026-05-12
Q008905,S01263,2,85,1,2026-05-14
Q008906,S01263,3,85,2,2026-05-17
Q008907,S01263,4,76,2,2026-05-19
Q008908,S01263,5,77,2,2026-05-22
Q008909,S01263,6,74,2,2026-05-24
Q008910,S01263,7,75,2,2026-05-27
Q008911,S01263,8,75,1,2026-05-28
Q008912,S01263,9,85,1,2026-05-30
Q008913,S01263,10,75,2,2026-05-31
Q008914,S01264,1,77,1,2026-01-08
Q008915,S01264,2,73,2,2026-01-11
Q008916,S01264,3,66,1,2026-01-13
Q008917,S01264,4,79,1,2026-01-14
Q008918,S01264,5,71,2,2026-01-15
Q008919,S01264,6,74,1,2026-01-18
Q008920,S01264,7,73,1,2026-01-19
Q008921,S01264,8,63,1,2026-01-20
Q008922,S01264,9,73,1,2026-01-21
Q008923,S01264,10,64,2,2026-01-23
Q008924,S01265,1,59,2,2026-03-28
Q008925,S01265,2,63,2,2026-03-31
Q008926,S01265,3,63,2,2026-04-02
Q008927,S01265,4,75,1,2026-04-05
Q008928,S01265,5,70,1,2026-04-06
Q008929,S01265,6,73,2,2026-04-09
Q008930,S01265,7,60,1,2026-04-10
Q008931,S01265,8,63,2,2026-04-13
Q008932,S01265,9,63,2,2026-04-16
Q008933,S01265,10,78,1,2026-04-19
Q008934,S01266,1,92,2,2026-02-15
Q008935,S01266,2,83,1,2026-02-16
Q008936,S01266,3,82,2,2026-02-17
Q008937,S01266,4,78,2,2026-02-18
Q008938,S01266,5,87,1,2026-02-21
Q008939,S01266,6,78,2,2026-02-22
Q008940,S01266,7,83,1,2026-02-23
Q008941,S01266,8,87,2,2026-02-24
Q008942,S01266,9,78,1,2026-02-25
Q008943,S01266,10,95,1,2026-02-27
Q008944,S01267,1,78,2,2026-05-16
Q008945,S01267,2,84,2,2026-05-19
Q008946,S01267,3,90,1,2026-05-20
Q008947,S01267,4,93,1,2026-05-23
Q008948,S01267,5,85,1,2026-05-25
Q008949,S01267,6,82,1,2026-05-26
Q008950,S01267,7,93,2,2026-05-29
Q008951,S01267,8,89,1,2026-05-30
Q008952,S01267,9,77,2,2026-06-01
Q008953,S01267,10,87,1,2026-06-03
Q008954,S01268,1,66,2,2026-01-31
Q008955,S01268,2,66,2,2026-02-01
Q008956,S01268,3,65,2,2026-02-03
Q008957,S01268,4,78,1,2026-02-05
Q008958,S01268,5,63,1,2026-02-06
Q008959,S01268,6,66,2,2026-02-09
Q008960,S01268,7,66,2,2026-02-11
Q008961,S01268,8,75,2,2026-02-14
Q008962,S01268,9,75,1,2026-02-17
Q008963,S01268,10,80,1,2026-02-19
Q008964,S01269,1,85,2,2026-04-16
Q008965,S01269,2,73,1,2026-04-23
Q008966,S01269,3,73,3,2026-04-29
Q008967,S01269,4,73,1,2026-05-08
Q008968,S01269,5,67,2,2026-05-14
Q008969,S01269,6,69,2,2026-05-23
Q008970,S01269,7,65,1,2026-06-05
Q008971,S01269,8,61,2,2026-06-14
Q008972,S01270,1,82,1,2026-05-17
Q008973,S01270,2,77,2,2026-05-20
Q008974,S01270,3,73,1,2026-05-23
Q008975,S01270,4,74,2,2026-05-26
Q008976,S01270,5,76,2,2026-05-27
Q008977,S01270,6,89,1,2026-05-29
Q008978,S01270,7,88,1,2026-06-01
Q008979,S01270,8,90,2,2026-06-02
Q008980,S01270,9,73,2,2026-06-04
Q008981,S01270,10,91,1,2026-06-05
Q008982,S01271,1,67,2,2026-03-10
Q008983,S01271,2,62,2,2026-03-15
Q008984,S01271,3,66,1,2026-03-23
Q008985,S01271,4,62,2,2026-04-02
Q008986,S01271,5,62,3,2026-04-12
Q008987,S01271,6,57,2,2026-04-22
Q008988,S01271,7,47,2,2026-05-05
Q008989,S01271,8,48,2,2026-05-21
Q008990,S01272,1,57,1,2026-05-18
Q008991,S01272,2,60,1,2026-05-19
Q008992,S01273,1,87,2,2026-04-28
Q008993,S01273,2,79,1,2026-05-05
Q008994,S01273,3,74,1,2026-05-13
Q008995,S01273,4,81,1,2026-05-23
Q008996,S01273,5,77,3,2026-06-05
Q008997,S01274,1,89,1,2026-05-10
Q008998,S01274,2,95,1,2026-05-12
Q008999,S01274,3,83,2,2026-05-15
Q009000,S01274,4,89,1,2026-05-17
Q009001,S01274,5,95,2,2026-05-20
Q009002,S01274,6,77,1,2026-05-23
Q009003,S01274,7,77,2,2026-05-24
Q009004,S01274,8,85,1,2026-05-27
Q009005,S01274,9,96,2,2026-05-30
Q009006,S01274,10,79,2,2026-06-01
Q009007,S01275,1,78,1,2026-05-04
Q009008,S01275,2,62,2,2026-05-06
Q009009,S01275,3,68,1,2026-05-07
Q009010,S01275,4,70,2,2026-05-08
Q009011,S01275,5,68,2,2026-05-11
Q009012,S01275,6,67,2,2026-05-14
Q009013,S01275,7,75,1,2026-05-16
Q009014,S01275,8,72,1,2026-05-18
Q009015,S01275,9,78,1,2026-05-21
Q009016,S01275,10,78,1,2026-05-22
Q009017,S01276,1,90,2,2026-04-29
Q009018,S01276,2,83,1,2026-05-02
Q009019,S01276,3,89,2,2026-05-05
Q009020,S01276,4,92,1,2026-05-07
Q009021,S01276,5,100,1,2026-05-10
Q009022,S01276,6,93,2,2026-05-12
Q009023,S01276,7,83,2,2026-05-13
Q009024,S01276,8,97,1,2026-05-16
Q009025,S01276,9,85,2,2026-05-19
Q009026,S01276,10,97,1,2026-05-21
Q009027,S01277,1,73,2,2026-03-10
Q009028,S01277,2,75,1,2026-03-11
Q009029,S01277,3,82,1,2026-03-12
Q009030,S01277,4,81,2,2026-03-14
Q009031,S01277,5,70,1,2026-03-16
Q009032,S01277,6,84,2,2026-03-18
Q009033,S01277,7,85,1,2026-03-21
Q009034,S01277,8,70,2,2026-03-23
Q009035,S01277,9,77,1,2026-03-25
Q009036,S01277,10,75,1,2026-03-28
Q009037,S01278,1,68,1,2026-04-13
Q009038,S01278,2,69,1,2026-04-14
Q009039,S01279,1,83,1,2026-04-08
Q009040,S01279,2,93,2,2026-04-09
Q009041,S01279,3,92,2,2026-04-12
Q009042,S01279,4,93,1,2026-04-14
Q009043,S01279,5,99,1,2026-04-16
Q009044,S01279,6,97,2,2026-04-18
Q009045,S01279,7,100,1,2026-04-20
Q009046,S01279,8,96,1,2026-04-23
Q009047,S01279,9,97,1,2026-04-25
Q009048,S01279,10,92,1,2026-04-27
Q009049,S01280,1,81,2,2026-03-25
Q009050,S01280,2,86,1,2026-03-27
Q009051,S01280,3,80,2,2026-03-30
Q009052,S01280,4,90,2,2026-04-02
Q009053,S01280,5,92,2,2026-04-05
Q009054,S01280,6,85,2,2026-04-06
Q009055,S01280,7,89,1,2026-04-08
Q009056,S01280,8,92,1,2026-04-09
Q009057,S01280,9,93,2,2026-04-12
Q009058,S01280,10,99,1,2026-04-13
Q009059,S01281,1,63,2,2026-04-03
Q009060,S01281,2,60,2,2026-04-11
Q009061,S01281,3,54,3,2026-04-23
Q009062,S01282,1,74,1,2026-04-26
Q009063,S01282,2,72,3,2026-05-04
Q009064,S01282,3,64,1,2026-05-16
Q009065,S01282,4,68,3,2026-05-28
Q009066,S01282,5,64,1,2026-06-06
Q009067,S01283,1,80,3,2026-02-05
Q009068,S01283,2,73,2,2026-02-10
Q009069,S01283,3,78,2,2026-02-23
Q009070,S01283,4,72,3,2026-03-04
Q009071,S01284,1,80,2,2026-03-20
Q009072,S01284,2,88,2,2026-03-23
Q009073,S01284,3,80,1,2026-03-25
Q009074,S01284,4,84,1,2026-03-27
Q009075,S01284,5,71,1,2026-03-30
Q009076,S01284,6,73,2,2026-04-02
Q009077,S01284,7,73,1,2026-04-05
Q009078,S01284,8,82,2,2026-04-08
Q009079,S01284,9,84,2,2026-04-09
Q009080,S01284,10,86,1,2026-04-10
Q009081,S01285,1,95,1,2026-04-29
Q009082,S01285,2,96,1,2026-04-30
Q009083,S01285,3,85,1,2026-05-02
Q009084,S01285,4,91,1,2026-05-05
Q009085,S01285,5,81,1,2026-05-08
Q009086,S01285,6,89,2,2026-05-11
Q009087,S01285,7,91,2,2026-05-12
Q009088,S01285,8,91,2,2026-05-13
Q009089,S01285,9,99,2,2026-05-16
Q009090,S01285,10,88,2,2026-05-19
Q009091,S01286,1,83,1,2026-03-16
Q009092,S01286,2,88,2,2026-03-17
Q009093,S01286,3,74,2,2026-03-19
Q009094,S01286,4,72,2,2026-03-22
Q009095,S01286,5,88,1,2026-03-24
Q009096,S01286,6,85,1,2026-03-26
Q009097,S01286,7,74,1,2026-03-28
Q009098,S01286,8,70,1,2026-03-30
Q009099,S01286,9,85,1,2026-04-01
Q009100,S01286,10,88,1,2026-04-02
Q009101,S01287,1,74,2,2026-05-13
Q009102,S01287,2,73,1,2026-05-15
Q009103,S01287,3,76,1,2026-05-17
Q009104,S01287,4,62,2,2026-05-18
Q009105,S01287,5,68,1,2026-05-20
Q009106,S01287,6,61,1,2026-05-21
Q009107,S01287,7,62,2,2026-05-23
Q009108,S01287,8,76,2,2026-05-24
Q009109,S01287,9,68,1,2026-05-26
Q009110,S01287,10,60,2,2026-05-28
Q009111,S01288,1,73,1,2026-04-17
Q009112,S01288,2,65,2,2026-04-19
Q009113,S01288,3,82,1,2026-04-21
Q009114,S01288,4,73,2,2026-04-23
Q009115,S01288,5,64,1,2026-04-26
Q009116,S01288,6,67,1,2026-04-28
Q009117,S01288,7,65,2,2026-04-29
Q009118,S01288,8,72,1,2026-05-02
Q009119,S01288,9,64,2,2026-05-05
Q009120,S01288,10,65,1,2026-05-08
Q009121,S01289,1,77,2,2026-01-10
Q009122,S01289,2,85,2,2026-01-13
Q009123,S01289,3,75,2,2026-01-16
Q009124,S01289,4,82,2,2026-01-19
Q009125,S01289,5,78,1,2026-01-22
Q009126,S01289,6,76,2,2026-01-24
Q009127,S01289,7,86,1,2026-01-26
Q009128,S01289,8,78,1,2026-01-29
Q009129,S01289,9,76,2,2026-01-30
Q009130,S01289,10,81,1,2026-01-31
Q009131,S01290,1,97,2,2026-01-31
Q009132,S01290,2,91,2,2026-02-01
Q009133,S01290,3,83,2,2026-02-02
Q009134,S01290,4,84,2,2026-02-03
Q009135,S01290,5,93,2,2026-02-06
Q009136,S01290,6,96,1,2026-02-09
Q009137,S01290,7,90,2,2026-02-12
Q009138,S01290,8,93,1,2026-02-14
Q009139,S01290,9,81,1,2026-02-16
Q009140,S01290,10,82,2,2026-02-18
Q009141,S01291,1,85,2,2026-06-02
Q009142,S01291,2,70,2,2026-06-05
Q009143,S01291,3,74,1,2026-06-06
Q009144,S01291,4,73,1,2026-06-08
Q009145,S01291,5,74,1,2026-06-11
Q009146,S01291,6,72,1,2026-06-13
Q009147,S01291,7,73,2,2026-06-14
Q009148,S01291,8,69,2,2026-06-16
Q009149,S01291,9,74,2,2026-06-19
Q009150,S01291,10,85,2,2026-06-21
Q009151,S01292,1,74,1,2026-05-21
Q009152,S01292,2,76,2,2026-05-22
Q009153,S01292,3,84,1,2026-05-24
Q009154,S01292,4,80,1,2026-05-26
Q009155,S01292,5,73,1,2026-05-27
Q009156,S01292,6,73,1,2026-05-29
Q009157,S01292,7,71,2,2026-05-30
Q009158,S01292,8,79,2,2026-06-01
Q009159,S01292,9,72,2,2026-06-03
Q009160,S01292,10,76,2,2026-06-05
Q009161,S01293,1,89,1,2026-01-21
Q009162,S01293,2,86,3,2026-01-31
Q009163,S01294,1,66,2,2026-02-07
Q009164,S01294,2,70,2,2026-02-13
Q009165,S01294,3,62,3,2026-02-18
Q009166,S01294,4,66,2,2026-02-28
Q009167,S01294,5,52,2,2026-03-11
Q009168,S01294,6,58,3,2026-03-22
Q009169,S01295,1,86,2,2026-05-27
Q009170,S01295,2,78,1,2026-06-02
Q009171,S01295,3,75,1,2026-06-08
Q009172,S01295,4,78,2,2026-06-14
Q009173,S01295,5,71,2,2026-06-24
Q009174,S01295,6,61,3,2026-07-05
Q009175,S01295,7,54,3,2026-07-16
Q009176,S01296,1,66,2,2026-03-16
Q009177,S01296,2,80,1,2026-03-17
Q009178,S01296,3,69,2,2026-03-20
Q009179,S01296,4,83,2,2026-03-23
Q009180,S01296,5,67,1,2026-03-24
Q009181,S01296,6,81,1,2026-03-25
Q009182,S01296,7,68,1,2026-03-26
Q009183,S01296,8,79,2,2026-03-27
Q009184,S01296,9,67,1,2026-03-28
Q009185,S01296,10,85,1,2026-03-29
Q009186,S01297,1,84,1,2026-05-28
Q009187,S01297,2,80,2,2026-05-31
Q009188,S01297,3,82,2,2026-06-02
Q009189,S01297,4,99,1,2026-06-04
Q009190,S01297,5,89,2,2026-06-07
Q009191,S01297,6,94,2,2026-06-09
Q009192,S01297,7,99,1,2026-06-12
Q009193,S01297,8,90,2,2026-06-15
Q009194,S01297,9,95,1,2026-06-17
Q009195,S01297,10,92,1,2026-06-18
Q009196,S01298,1,85,2,2026-04-17
Q009197,S01298,2,70,2,2026-04-18
Q009198,S01298,3,77,1,2026-04-20
Q009199,S01298,4,71,2,2026-04-22
Q009200,S01298,5,77,1,2026-04-25
Q009201,S01298,6,77,1,2026-04-27
Q009202,S01298,7,68,2,2026-04-28
Q009203,S01298,8,74,1,2026-05-01
Q009204,S01298,9,66,1,2026-05-03
Q009205,S01298,10,73,2,2026-05-04
Q009206,S01299,1,63,2,2026-01-20
Q009207,S01299,2,57,2,2026-01-26
Q009208,S01299,3,62,3,2026-02-10
Q009209,S01300,1,79,1,2026-01-30
Q009210,S01300,2,85,3,2026-02-13
Q009211,S01301,1,71,2,2026-02-15
Q009212,S01301,2,70,1,2026-02-18
Q009213,S01301,3,81,1,2026-02-19
Q009214,S01301,4,76,1,2026-02-22
Q009215,S01301,5,74,1,2026-02-23
Q009216,S01301,6,80,2,2026-02-24
Q009217,S01301,7,81,1,2026-02-26
Q009218,S01301,8,72,2,2026-02-27
Q009219,S01301,9,82,2,2026-02-28
Q009220,S01301,10,81,1,2026-03-01
Q009221,S01303,1,78,1,2026-04-26
Q009222,S01303,2,87,2,2026-04-28
Q009223,S01303,3,78,1,2026-05-01
Q009224,S01303,4,77,1,2026-05-03
Q009225,S01303,5,82,1,2026-05-04
Q009226,S01303,6,94,2,2026-05-06
Q009227,S01303,7,89,1,2026-05-07
Q009228,S01303,8,92,1,2026-05-08
Q009229,S01303,9,84,2,2026-05-10
Q009230,S01303,10,90,2,2026-05-12
Q009231,S01304,1,84,2,2026-01-20
Q009232,S01304,2,75,2,2026-01-22
Q009233,S01304,3,80,1,2026-01-25
Q009234,S01304,4,74,2,2026-01-27
Q009235,S01304,5,84,1,2026-01-30
Q009236,S01304,6,86,2,2026-01-31
Q009237,S01304,7,86,1,2026-02-02
Q009238,S01304,8,77,1,2026-02-03
Q009239,S01304,9,78,1,2026-02-04
Q009240,S01304,10,90,2,2026-02-07
Q009241,S01305,1,75,2,2026-01-22
Q009242,S01305,2,71,3,2026-01-27
Q009243,S01305,3,66,2,2026-02-03
Q009244,S01305,4,59,3,2026-02-13
Q009245,S01305,5,60,1,2026-02-22
Q009246,S01305,6,61,2,2026-03-01
Q009247,S01305,7,56,1,2026-03-12
Q009248,S01305,8,59,2,2026-03-24
Q009249,S01306,1,53,1,2026-05-07
Q009250,S01307,1,81,2,2026-01-15
Q009251,S01307,2,78,1,2026-01-19
Q009252,S01307,3,79,3,2026-01-26
Q009253,S01307,4,74,3,2026-02-01
Q009254,S01307,5,67,3,2026-02-13
Q009255,S01307,6,74,3,2026-02-27
Q009256,S01308,1,84,3,2026-04-04
Q009257,S01308,2,84,3,2026-04-13
Q009258,S01309,1,85,1,2026-04-12
Q009259,S01309,2,84,1,2026-04-14
Q009260,S01309,3,72,1,2026-04-17
Q009261,S01309,4,90,1,2026-04-20
Q009262,S01309,5,87,1,2026-04-23
Q009263,S01309,6,82,2,2026-04-26
Q009264,S01309,7,85,2,2026-04-29
Q009265,S01309,8,78,2,2026-04-30
Q009266,S01309,9,78,2,2026-05-02
Q009267,S01309,10,77,2,2026-05-05
Q009268,S01310,1,68,1,2026-04-21
Q009269,S01310,2,59,3,2026-04-26
Q009270,S01310,3,59,3,2026-05-02
Q009271,S01310,4,50,3,2026-05-12
Q009272,S01310,5,58,3,2026-05-20
Q009273,S01310,6,56,1,2026-05-30
Q009274,S01310,7,43,1,2026-06-08
Q009275,S01311,1,70,1,2026-03-07
Q009276,S01311,2,76,2,2026-03-10
Q009277,S01311,3,66,1,2026-03-13
Q009278,S01311,4,64,1,2026-03-16
Q009279,S01311,5,65,1,2026-03-17
Q009280,S01311,6,61,2,2026-03-20
Q009281,S01311,7,68,1,2026-03-23
Q009282,S01311,8,65,1,2026-03-26
Q009283,S01311,9,75,2,2026-03-28
Q009284,S01311,10,75,2,2026-03-29
Q009285,S01313,1,79,2,2026-02-15
Q009286,S01313,2,90,2,2026-02-17
Q009287,S01313,3,73,1,2026-02-18
Q009288,S01313,4,87,2,2026-02-20
Q009289,S01313,5,82,2,2026-02-22
Q009290,S01313,6,88,2,2026-02-23
Q009291,S01313,7,87,2,2026-02-26
Q009292,S01313,8,76,1,2026-02-27
Q009293,S01313,9,76,2,2026-02-28
Q009294,S01313,10,74,2,2026-03-01
Q009295,S01314,1,79,2,2026-02-12
Q009296,S01314,2,75,3,2026-02-23
Q009297,S01314,3,73,1,2026-03-02
Q009298,S01315,1,77,2,2026-04-15
Q009299,S01315,2,88,1,2026-04-16
Q009300,S01315,3,73,1,2026-04-18
Q009301,S01315,4,75,2,2026-04-21
Q009302,S01315,5,73,2,2026-04-22
Q009303,S01315,6,89,1,2026-04-24
Q009304,S01315,7,88,1,2026-04-25
Q009305,S01315,8,91,2,2026-04-27
Q009306,S01315,9,74,1,2026-04-28
Q009307,S01315,10,91,1,2026-05-01
Q009308,S01316,1,65,2,2026-02-01
Q009309,S01316,2,62,3,2026-02-06
Q009310,S01316,3,57,1,2026-02-14
Q009311,S01316,4,57,3,2026-02-20
Q009312,S01316,5,53,3,2026-03-02
Q009313,S01316,6,58,3,2026-03-10
Q009314,S01316,7,57,2,2026-03-24
Q009315,S01316,8,42,2,2026-04-03
Q009316,S01317,1,77,1,2026-03-31
Q009317,S01317,2,65,1,2026-04-03
Q009318,S01317,3,65,1,2026-04-04
Q009319,S01317,4,63,1,2026-04-05
Q009320,S01317,5,64,2,2026-04-07
Q009321,S01317,6,67,2,2026-04-10
Q009322,S01317,7,61,1,2026-04-11
Q009323,S01317,8,63,2,2026-04-12
Q009324,S01317,9,61,2,2026-04-14
Q009325,S01317,10,74,2,2026-04-16
Q009326,S01318,1,78,1,2026-04-05
Q009327,S01318,2,68,3,2026-04-18
Q009328,S01318,3,70,1,2026-05-03
Q009329,S01319,1,91,2,2026-01-07
Q009330,S01319,2,84,2,2026-01-10
Q009331,S01319,3,85,1,2026-01-11
Q009332,S01319,4,87,2,2026-01-12
Q009333,S01319,5,78,2,2026-01-13
Q009334,S01319,6,81,2,2026-01-15
Q009335,S01319,7,81,2,2026-01-18
Q009336,S01319,8,77,2,2026-01-20
Q009337,S01319,9,92,2,2026-01-22
Q009338,S01319,10,93,1,2026-01-24
Q009339,S01320,1,91,1,2026-01-29
Q009340,S01320,2,96,1,2026-01-30
Q009341,S01320,3,83,1,2026-01-31
Q009342,S01320,4,81,2,2026-02-02
Q009343,S01320,5,94,1,2026-02-05
Q009344,S01320,6,85,2,2026-02-06
Q009345,S01320,7,85,2,2026-02-09
Q009346,S01320,8,84,1,2026-02-11
Q009347,S01320,9,89,2,2026-02-13
Q009348,S01320,10,94,2,2026-02-14
Q009349,S01321,1,78,2,2026-05-19
Q009350,S01321,2,88,1,2026-05-20
Q009351,S01321,3,70,2,2026-05-23
Q009352,S01321,4,82,1,2026-05-26
Q009353,S01321,5,75,1,2026-05-27
Q009354,S01321,6,76,1,2026-05-30
Q009355,S01321,7,77,1,2026-06-01
Q009356,S01321,8,74,1,2026-06-03
Q009357,S01321,9,80,2,2026-06-04
Q009358,S01321,10,79,1,2026-06-07
Q009359,S01322,1,80,2,2026-05-02
Q009360,S01322,2,86,1,2026-05-03
Q009361,S01322,3,83,2,2026-05-05
Q009362,S01322,4,71,1,2026-05-08
Q009363,S01322,5,80,1,2026-05-11
Q009364,S01322,6,72,1,2026-05-12
Q009365,S01322,7,75,2,2026-05-14
Q009366,S01322,8,83,1,2026-05-15
Q009367,S01322,9,69,2,2026-05-16
Q009368,S01322,10,87,1,2026-05-19
Q009369,S01323,1,44,1,2026-01-10
Q009370,S01324,1,79,1,2026-05-22
Q009371,S01324,2,81,1,2026-05-23
Q009372,S01324,3,82,2,2026-05-25
Q009373,S01324,4,81,2,2026-05-28
Q009374,S01324,5,91,2,2026-05-31
Q009375,S01324,6,85,2,2026-06-03
Q009376,S01324,7,97,1,2026-06-04
Q009377,S01324,8,94,2,2026-06-05
Q009378,S01324,9,82,2,2026-06-08
Q009379,S01324,10,86,2,2026-06-10
Q009380,S01326,1,76,1,2026-05-09
Q009381,S01326,2,75,1,2026-05-12
Q009382,S01326,3,74,1,2026-05-15
Q009383,S01326,4,64,2,2026-05-18
Q009384,S01326,5,74,2,2026-05-20
Q009385,S01326,6,64,1,2026-05-21
Q009386,S01326,7,77,2,2026-05-23
Q009387,S01326,8,71,1,2026-05-25
Q009388,S01326,9,63,1,2026-05-27
Q009389,S01326,10,66,2,2026-05-30
Q009390,S01327,1,80,2,2026-01-02
Q009391,S01327,2,96,1,2026-01-04
Q009392,S01327,3,95,2,2026-01-06
Q009393,S01327,4,91,2,2026-01-07
Q009394,S01327,5,96,1,2026-01-09
Q009395,S01327,6,84,2,2026-01-11
Q009396,S01327,7,92,1,2026-01-14
Q009397,S01327,8,94,2,2026-01-16
Q009398,S01327,9,80,2,2026-01-18
Q009399,S01327,10,78,2,2026-01-20
Q009400,S01328,1,80,3,2026-03-26
Q009401,S01328,2,76,3,2026-04-03
Q009402,S01328,3,75,1,2026-04-13
Q009403,S01329,1,68,2,2026-01-22
Q009404,S01329,2,69,2,2026-01-28
Q009405,S01329,3,67,1,2026-02-05
Q009406,S01329,4,61,3,2026-02-13
Q009407,S01329,5,61,2,2026-02-21
Q009408,S01329,6,65,3,2026-03-09
Q009409,S01330,1,76,1,2026-03-15
Q009410,S01330,2,78,1,2026-03-18
Q009411,S01330,3,74,1,2026-03-19
Q009412,S01330,4,81,2,2026-03-22
Q009413,S01330,5,79,2,2026-03-23
Q009414,S01330,6,73,1,2026-03-24
Q009415,S01330,7,76,1,2026-03-26
Q009416,S01330,8,63,1,2026-03-28
Q009417,S01330,9,66,1,2026-03-30
Q009418,S01330,10,81,1,2026-03-31
Q009419,S01331,1,66,2,2026-03-14
Q009420,S01331,2,61,2,2026-03-20
Q009421,S01331,3,64,1,2026-03-27
Q009422,S01331,4,53,3,2026-04-03
Q009423,S01331,5,52,3,2026-04-12
Q009424,S01332,1,74,2,2026-01-07
Q009425,S01332,2,70,1,2026-01-15
Q009426,S01332,3,61,2,2026-01-25
Q009427,S01332,4,63,1,2026-02-03
Q009428,S01332,5,63,2,2026-02-12
Q009429,S01333,1,72,1,2026-03-24
Q009430,S01333,2,73,2,2026-03-25
Q009431,S01333,3,77,1,2026-03-28
Q009432,S01333,4,68,1,2026-03-29
Q009433,S01333,5,82,2,2026-04-01
Q009434,S01333,6,85,2,2026-04-02
Q009435,S01333,7,81,1,2026-04-03
Q009436,S01333,8,72,2,2026-04-05
Q009437,S01333,9,76,2,2026-04-06
Q009438,S01333,10,81,1,2026-04-08
Q009439,S01334,1,58,1,2026-04-30
Q009440,S01334,2,47,1,2026-05-01
Q009441,S01336,1,70,3,2026-05-23
Q009442,S01336,2,75,1,2026-06-03
Q009443,S01336,3,65,2,2026-06-17
Q009444,S01337,1,74,2,2026-02-23
Q009445,S01337,2,75,2,2026-02-24
Q009446,S01337,3,67,1,2026-02-27
Q009447,S01337,4,67,1,2026-03-02
Q009448,S01337,5,79,1,2026-03-05
Q009449,S01337,6,72,1,2026-03-07
Q009450,S01337,7,80,2,2026-03-08
Q009451,S01337,8,72,1,2026-03-10
Q009452,S01337,9,71,2,2026-03-11
Q009453,S01337,10,64,1,2026-03-14
Q009454,S01338,1,81,1,2026-03-09
Q009455,S01338,2,76,2,2026-03-14
Q009456,S01338,3,77,2,2026-03-30
Q009457,S01339,1,84,2,2026-03-25
Q009458,S01339,2,91,1,2026-03-28
Q009459,S01339,3,87,1,2026-03-31
Q009460,S01339,4,84,1,2026-04-01
Q009461,S01339,5,79,1,2026-04-03
Q009462,S01339,6,74,1,2026-04-06
Q009463,S01339,7,81,2,2026-04-09
Q009464,S01339,8,86,1,2026-04-12
Q009465,S01339,9,81,1,2026-04-14
Q009466,S01339,10,91,2,2026-04-17
Q009467,S01340,1,79,2,2026-03-01
Q009468,S01340,2,65,1,2026-03-04
Q009469,S01340,3,74,1,2026-03-05
Q009470,S01340,4,67,1,2026-03-08
Q009471,S01340,5,63,1,2026-03-11
Q009472,S01340,6,62,1,2026-03-12
Q009473,S01340,7,76,1,2026-03-13
Q009474,S01340,8,73,2,2026-03-14
Q009475,S01340,9,70,1,2026-03-16
Q009476,S01340,10,72,1,2026-03-19
Q009477,S01341,1,84,2,2026-01-30
Q009478,S01341,2,86,1,2026-01-31
Q009479,S01341,3,92,1,2026-02-01
Q009480,S01341,4,93,2,2026-02-04
Q009481,S01341,5,95,2,2026-02-06
Q009482,S01341,6,93,1,2026-02-09
Q009483,S01341,7,84,2,2026-02-12
Q009484,S01341,8,83,1,2026-02-14
Q009485,S01341,9,93,2,2026-02-16
Q009486,S01341,10,77,2,2026-02-19
Q009487,S01342,1,92,1,2026-05-31
Q009488,S01342,2,83,2,2026-06-02
Q009489,S01342,3,90,2,2026-06-05
Q009490,S01342,4,93,2,2026-06-06
Q009491,S01342,5,81,1,2026-06-07
Q009492,S01342,6,83,1,2026-06-08
Q009493,S01342,7,91,2,2026-06-11
Q009494,S01342,8,88,2,2026-06-12
Q009495,S01342,9,97,2,2026-06-14
Q009496,S01342,10,89,1,2026-06-16
Q009497,S01344,1,75,3,2026-02-02
Q009498,S01344,2,78,1,2026-02-07
Q009499,S01344,3,73,2,2026-02-14
Q009500,S01344,4,64,2,2026-02-21
Q009501,S01344,5,64,2,2026-02-26
Q009502,S01344,6,71,2,2026-03-13
Q009503,S01344,7,56,2,2026-03-21
Q009504,S01345,1,76,2,2026-05-28
Q009505,S01345,2,72,1,2026-06-03
Q009506,S01345,3,69,2,2026-06-09
Q009507,S01345,4,68,2,2026-06-17
Q009508,S01345,5,60,2,2026-06-26
Q009509,S01345,6,60,2,2026-07-04
Q009510,S01345,7,58,3,2026-07-14
Q009511,S01346,1,64,1,2026-03-18
Q009512,S01346,2,78,1,2026-03-20
Q009513,S01346,3,61,2,2026-03-22
Q009514,S01346,4,68,1,2026-03-23
Q009515,S01346,5,74,1,2026-03-24
Q009516,S01346,6,59,1,2026-03-25
Q009517,S01346,7,61,2,2026-03-28
Q009518,S01346,8,60,2,2026-03-29
Q009519,S01346,9,64,1,2026-03-31
Q009520,S01346,10,61,2,2026-04-03
Q009521,S01347,1,64,1,2026-03-25
Q009522,S01347,2,71,2,2026-03-27
Q009523,S01347,3,70,1,2026-03-30
Q009524,S01347,4,67,1,2026-04-01
Q009525,S01347,5,63,1,2026-04-04
Q009526,S01347,6,74,2,2026-04-06
Q009527,S01347,7,63,1,2026-04-07
Q009528,S01347,8,67,1,2026-04-09
Q009529,S01347,9,68,1,2026-04-10
Q009530,S01347,10,76,1,2026-04-11
Q009531,S01348,1,75,1,2026-01-24
Q009532,S01348,2,92,2,2026-01-25
Q009533,S01348,3,75,2,2026-01-27
Q009534,S01348,4,92,2,2026-01-30
Q009535,S01348,5,89,1,2026-02-02
Q009536,S01348,6,87,1,2026-02-04
Q009537,S01348,7,81,1,2026-02-05
Q009538,S01348,8,90,2,2026-02-08
Q009539,S01348,9,92,1,2026-02-11
Q009540,S01348,10,93,2,2026-02-14
Q009541,S01349,1,68,1,2026-03-24
Q009542,S01350,1,63,1,2026-05-01
Q009543,S01350,2,60,2,2026-05-02
Q009544,S01350,3,78,2,2026-05-03
Q009545,S01350,4,73,2,2026-05-05
Q009546,S01350,5,69,2,2026-05-07
Q009547,S01350,6,70,2,2026-05-10
Q009548,S01350,7,77,1,2026-05-12
Q009549,S01350,8,72,2,2026-05-15
Q009550,S01350,9,72,2,2026-05-16
Q009551,S01350,10,60,1,2026-05-17
Q009552,S01352,1,62,2,2026-04-15
Q009553,S01352,2,65,1,2026-04-27
Q009554,S01353,1,73,1,2026-03-10
Q009555,S01353,2,74,2,2026-03-13
Q009556,S01353,3,80,1,2026-03-14
Q009557,S01353,4,74,1,2026-03-16
Q009558,S01353,5,89,2,2026-03-17
Q009559,S01353,6,84,2,2026-03-18
Q009560,S01353,7,77,1,2026-03-19
Q009561,S01353,8,90,1,2026-03-20
Q009562,S01353,9,83,1,2026-03-21
Q009563,S01353,10,72,1,2026-03-23
Q009564,S01354,1,80,3,2026-06-03
Q009565,S01354,2,74,1,2026-06-07
Q009566,S01354,3,76,3,2026-06-12
Q009567,S01354,4,76,3,2026-06-19
Q009568,S01354,5,74,2,2026-06-28
Q009569,S01354,6,77,1,2026-07-06
Q009570,S01354,7,66,2,2026-07-15
Q009571,S01354,8,67,1,2026-07-25
Q009572,S01355,1,64,1,2026-03-14
Q009573,S01355,2,67,2,2026-03-15
Q009574,S01355,3,78,1,2026-03-18
Q009575,S01355,4,71,2,2026-03-19
Q009576,S01355,5,70,2,2026-03-21
Q009577,S01355,6,76,1,2026-03-23
Q009578,S01355,7,67,1,2026-03-25
Q009579,S01355,8,62,1,2026-03-26
Q009580,S01355,9,79,2,2026-03-27
Q009581,S01355,10,71,2,2026-03-28
Q009582,S01357,1,54,1,2026-04-21
Q009583,S01358,1,72,2,2026-04-29
Q009584,S01358,2,82,2,2026-05-01
Q009585,S01358,3,67,1,2026-05-02
Q009586,S01358,4,64,1,2026-05-03
Q009587,S01358,5,74,2,2026-05-04
Q009588,S01358,6,70,2,2026-05-07
Q009589,S01358,7,82,1,2026-05-10
Q009590,S01358,8,64,1,2026-05-11
Q009591,S01358,9,77,2,2026-05-12
Q009592,S01358,10,65,1,2026-05-13
Q009593,S01359,1,69,1,2026-05-02
Q009594,S01359,2,83,2,2026-05-04
Q009595,S01359,3,68,1,2026-05-07
Q009596,S01359,4,75,1,2026-05-09
Q009597,S01359,5,80,2,2026-05-11
Q009598,S01359,6,76,1,2026-05-14
Q009599,S01359,7,80,1,2026-05-16
Q009600,S01359,8,70,2,2026-05-17
Q009601,S01359,9,82,2,2026-05-20
Q009602,S01359,10,85,2,2026-05-21
Q009603,S01360,1,74,1,2026-04-18
Q009604,S01360,2,66,2,2026-04-26
Q009605,S01360,3,63,3,2026-05-14
Q009606,S01361,1,61,1,2026-03-19
Q009607,S01361,2,63,1,2026-03-20
Q009608,S01362,1,66,2,2026-03-12
Q009609,S01362,2,66,1,2026-03-14
Q009610,S01362,3,80,1,2026-03-15
Q009611,S01362,4,62,1,2026-03-18
Q009612,S01362,5,69,1,2026-03-19
Q009613,S01362,6,61,1,2026-03-20
Q009614,S01362,7,70,2,2026-03-23
Q009615,S01362,8,79,1,2026-03-25
Q009616,S01362,9,67,1,2026-03-27
Q009617,S01362,10,63,2,2026-03-28
Q009618,S01363,1,74,1,2026-03-24
Q009619,S01363,2,76,1,2026-03-29
Q009620,S01363,3,67,1,2026-04-04
Q009621,S01363,4,73,1,2026-04-19
Q009622,S01363,5,74,2,2026-04-29
Q009623,S01364,1,85,1,2026-02-26
Q009624,S01364,2,75,1,2026-03-07
Q009625,S01365,1,64,3,2026-04-14
Q009626,S01365,2,63,3,2026-04-20
Q009627,S01365,3,69,1,2026-04-28
Q009628,S01365,4,67,1,2026-05-05
Q009629,S01365,5,53,1,2026-05-14
Q009630,S01365,6,53,2,2026-05-25
Q009631,S01365,7,47,2,2026-06-03
Q009632,S01365,8,52,2,2026-06-19
Q009633,S01366,1,81,1,2026-01-03
Q009634,S01366,2,95,2,2026-01-05
Q009635,S01366,3,81,2,2026-01-08
Q009636,S01366,4,79,1,2026-01-10
Q009637,S01366,5,95,1,2026-01-12
Q009638,S01366,6,78,1,2026-01-14
Q009639,S01366,7,93,2,2026-01-16
Q009640,S01366,8,83,1,2026-01-19
Q009641,S01366,9,78,2,2026-01-21
Q009642,S01366,10,83,2,2026-01-24
Q009643,S01367,1,68,1,2026-02-07
Q009644,S01367,2,61,3,2026-02-19
Q009645,S01367,3,54,2,2026-03-08
Q009646,S01368,1,67,1,2026-04-10
Q009647,S01369,1,71,2,2026-04-18
Q009648,S01369,2,89,1,2026-04-19
Q009649,S01369,3,88,2,2026-04-22
Q009650,S01369,4,73,2,2026-04-23
Q009651,S01369,5,77,2,2026-04-26
Q009652,S01369,6,75,2,2026-04-28
Q009653,S01369,7,89,1,2026-04-29
Q009654,S01369,8,89,2,2026-05-01
Q009655,S01369,9,76,2,2026-05-02
Q009656,S01369,10,74,2,2026-05-05
Q009657,S01370,1,83,1,2026-03-30
Q009658,S01370,2,80,2,2026-03-31
Q009659,S01370,3,72,1,2026-04-03
Q009660,S01370,4,91,2,2026-04-06
Q009661,S01370,5,84,2,2026-04-08
Q009662,S01370,6,81,1,2026-04-10
Q009663,S01370,7,75,2,2026-04-11
Q009664,S01370,8,86,2,2026-04-14
Q009665,S01370,9,79,1,2026-04-16
Q009666,S01370,10,87,1,2026-04-18
Q009667,S01372,1,84,1,2026-01-31
Q009668,S01372,2,69,2,2026-02-01
Q009669,S01372,3,79,2,2026-02-02
Q009670,S01372,4,72,1,2026-02-04
Q009671,S01372,5,68,1,2026-02-07
Q009672,S01372,6,80,2,2026-02-10
Q009673,S01372,7,85,2,2026-02-12
Q009674,S01372,8,85,1,2026-02-13
Q009675,S01372,9,76,1,2026-02-16
Q009676,S01372,10,68,2,2026-02-18
Q009677,S01373,1,63,1,2026-04-18
Q009678,S01374,1,66,1,2026-05-13
Q009679,S01374,2,77,1,2026-05-14
Q009680,S01374,3,67,1,2026-05-17
Q009681,S01374,4,81,1,2026-05-18
Q009682,S01374,5,66,1,2026-05-20
Q009683,S01374,6,67,2,2026-05-21
Q009684,S01374,7,82,2,2026-05-24
Q009685,S01374,8,74,2,2026-05-27
Q009686,S01374,9,84,1,2026-05-28
Q009687,S01374,10,73,1,2026-05-29
Q009688,S01375,1,83,2,2026-04-07
Q009689,S01375,2,75,2,2026-04-08
Q009690,S01375,3,85,2,2026-04-09
Q009691,S01375,4,77,2,2026-04-10
Q009692,S01375,5,76,1,2026-04-11
Q009693,S01375,6,88,1,2026-04-14
Q009694,S01375,7,85,2,2026-04-15
Q009695,S01375,8,77,2,2026-04-17
Q009696,S01375,9,92,2,2026-04-20
Q009697,S01375,10,89,2,2026-04-23
Q009698,S01376,1,59,1,2026-03-25
Q009699,S01377,1,73,2,2026-05-13
Q009700,S01377,2,68,2,2026-05-16
Q009701,S01377,3,60,1,2026-05-19
Q009702,S01377,4,64,1,2026-05-22
Q009703,S01377,5,70,2,2026-05-25
Q009704,S01377,6,79,1,2026-05-28
Q009705,S01377,7,64,1,2026-05-29
Q009706,S01377,8,71,2,2026-05-30
Q009707,S01377,9,65,1,2026-06-01
Q009708,S01377,10,66,1,2026-06-03
Q009709,S01378,1,72,1,2026-02-11
Q009710,S01378,2,72,2,2026-02-14
Q009711,S01378,3,72,1,2026-02-15
Q009712,S01378,4,65,1,2026-02-16
Q009713,S01378,5,73,2,2026-02-18
Q009714,S01378,6,71,2,2026-02-20
Q009715,S01378,7,72,2,2026-02-23
Q009716,S01378,8,66,2,2026-02-24
Q009717,S01378,9,71,1,2026-02-25
Q009718,S01378,10,65,2,2026-02-26
Q009719,S01379,1,84,1,2026-02-25
Q009720,S01379,2,78,2,2026-02-27
Q009721,S01379,3,69,1,2026-03-02
Q009722,S01379,4,77,2,2026-03-05
Q009723,S01379,5,85,1,2026-03-06
Q009724,S01379,6,77,2,2026-03-07
Q009725,S01379,7,71,2,2026-03-09
Q009726,S01379,8,78,2,2026-03-12
Q009727,S01379,9,73,2,2026-03-14
Q009728,S01379,10,70,2,2026-03-15
Q009729,S01380,1,72,3,2026-05-27
Q009730,S01380,2,67,1,2026-06-04
Q009731,S01380,3,73,1,2026-06-12
Q009732,S01380,4,68,3,2026-06-23
Q009733,S01380,5,59,3,2026-07-02
Q009734,S01381,1,76,2,2026-01-25
Q009735,S01381,2,81,2,2026-01-28
Q009736,S01381,3,67,1,2026-01-29
Q009737,S01381,4,80,1,2026-01-31
Q009738,S01381,5,82,1,2026-02-03
Q009739,S01381,6,70,1,2026-02-04
Q009740,S01381,7,77,2,2026-02-05
Q009741,S01381,8,64,2,2026-02-08
Q009742,S01381,9,79,1,2026-02-11
Q009743,S01381,10,82,1,2026-02-12
Q009744,S01382,1,69,1,2026-02-26
Q009745,S01382,2,70,1,2026-03-01
Q009746,S01382,3,81,1,2026-03-04
Q009747,S01382,4,72,1,2026-03-06
Q009748,S01382,5,84,1,2026-03-09
Q009749,S01382,6,77,1,2026-03-10
Q009750,S01382,7,79,1,2026-03-13
Q009751,S01382,8,68,2,2026-03-14
Q009752,S01382,9,82,1,2026-03-15
Q009753,S01382,10,72,2,2026-03-18
Q009754,S01383,1,58,1,2026-04-27
Q009755,S01384,1,74,2,2026-03-23
Q009756,S01384,2,89,1,2026-03-25
Q009757,S01384,3,79,1,2026-03-27
Q009758,S01384,4,84,2,2026-03-30
Q009759,S01384,5,84,1,2026-04-01
Q009760,S01384,6,78,2,2026-04-03
Q009761,S01384,7,82,2,2026-04-05
Q009762,S01384,8,73,1,2026-04-07
Q009763,S01384,9,91,2,2026-04-10
Q009764,S01384,10,91,1,2026-04-12
Q009765,S01385,1,69,3,2026-06-04
Q009766,S01385,2,71,1,2026-06-11
Q009767,S01386,1,82,2,2026-05-09
Q009768,S01386,2,83,2,2026-05-10
Q009769,S01386,3,86,1,2026-05-11
Q009770,S01386,4,70,1,2026-05-14
Q009771,S01386,5,68,1,2026-05-15
Q009772,S01386,6,83,1,2026-05-16
Q009773,S01386,7,75,2,2026-05-17
Q009774,S01386,8,77,2,2026-05-18
Q009775,S01386,9,76,2,2026-05-19
Q009776,S01386,10,72,2,2026-05-21
Q009777,S01387,1,71,1,2026-01-13
Q009778,S01387,2,64,1,2026-01-21
Q009779,S01387,3,64,3,2026-01-31
Q009780,S01387,4,59,1,2026-02-11
Q009781,S01387,5,60,2,2026-02-20
Q009782,S01387,6,50,3,2026-03-07
Q009783,S01388,1,75,1,2026-01-07
Q009784,S01388,2,59,2,2026-01-09
Q009785,S01388,3,62,2,2026-01-11
Q009786,S01388,4,74,2,2026-01-14
Q009787,S01388,5,70,1,2026-01-15
Q009788,S01388,6,59,1,2026-01-18
Q009789,S01388,7,75,2,2026-01-20
Q009790,S01388,8,69,1,2026-01-22
Q009791,S01388,9,76,1,2026-01-23
Q009792,S01388,10,65,1,2026-01-26
Q009793,S01389,1,56,1,2026-04-12
Q009794,S01390,1,64,1,2026-03-01
Q009795,S01390,2,63,1,2026-03-04
Q009796,S01390,3,74,1,2026-03-07
Q009797,S01390,4,70,1,2026-03-08
Q009798,S01390,5,74,1,2026-03-11
Q009799,S01390,6,69,2,2026-03-14
Q009800,S01390,7,80,1,2026-03-16
Q009801,S01390,8,71,1,2026-03-17
Q009802,S01390,9,78,1,2026-03-18
Q009803,S01390,10,66,1,2026-03-21
Q009804,S01391,1,85,1,2026-01-13
Q009805,S01391,2,72,2,2026-01-15
Q009806,S01391,3,80,2,2026-01-17
Q009807,S01391,4,77,1,2026-01-20
Q009808,S01391,5,75,2,2026-01-21
Q009809,S01391,6,78,2,2026-01-23
Q009810,S01391,7,71,1,2026-01-26
Q009811,S01391,8,82,2,2026-01-27
Q009812,S01391,9,74,1,2026-01-30
Q009813,S01391,10,80,1,2026-02-01
Q009814,S01392,1,83,1,2026-03-21
Q009815,S01392,2,91,2,2026-03-24
Q009816,S01392,3,82,2,2026-03-25
Q009817,S01392,4,83,2,2026-03-27
Q009818,S01392,5,82,2,2026-03-30
Q009819,S01392,6,85,1,2026-03-31
Q009820,S01392,7,87,2,2026-04-02
Q009821,S01392,8,86,1,2026-04-05
Q009822,S01392,9,91,1,2026-04-07
Q009823,S01392,10,84,1,2026-04-10
Q009824,S01393,1,76,2,2026-01-31
Q009825,S01393,2,67,2,2026-02-03
Q009826,S01393,3,71,1,2026-02-05
Q009827,S01393,4,72,1,2026-02-07
Q009828,S01393,5,68,1,2026-02-09
Q009829,S01393,6,65,1,2026-02-11
Q009830,S01393,7,63,1,2026-02-13
Q009831,S01393,8,60,2,2026-02-15
Q009832,S01393,9,74,2,2026-02-18
Q009833,S01393,10,75,1,2026-02-21
Q009834,S01394,1,59,2,2026-05-09
Q009835,S01394,2,74,2,2026-05-11
Q009836,S01394,3,66,1,2026-05-13
Q009837,S01394,4,64,2,2026-05-15
Q009838,S01394,5,77,1,2026-05-18
Q009839,S01394,6,76,2,2026-05-19
Q009840,S01394,7,77,2,2026-05-20
Q009841,S01394,8,76,2,2026-05-23
Q009842,S01394,9,67,1,2026-05-25
Q009843,S01394,10,67,2,2026-05-26
Q009844,S01395,1,70,2,2026-01-28
Q009845,S01395,2,68,2,2026-01-29
Q009846,S01395,3,61,1,2026-01-31
Q009847,S01395,4,66,1,2026-02-01
Q009848,S01395,5,75,1,2026-02-02
Q009849,S01395,6,69,2,2026-02-04
Q009850,S01395,7,76,2,2026-02-06
Q009851,S01395,8,79,2,2026-02-07
Q009852,S01395,9,79,1,2026-02-08
Q009853,S01395,10,60,1,2026-02-09
Q009854,S01396,1,69,2,2026-01-27
Q009855,S01396,2,60,2,2026-02-02
Q009856,S01396,3,63,2,2026-02-12
Q009857,S01397,1,88,2,2026-02-26
Q009858,S01397,2,80,2,2026-02-27
Q009859,S01397,3,91,2,2026-02-28
Q009860,S01397,4,88,1,2026-03-03
Q009861,S01397,5,93,1,2026-03-06
Q009862,S01397,6,77,2,2026-03-07
Q009863,S01397,7,89,1,2026-03-10
Q009864,S01397,8,77,1,2026-03-12
Q009865,S01397,9,87,1,2026-03-15
Q009866,S01397,10,86,2,2026-03-18
Q009867,S01398,1,65,1,2026-03-10
Q009868,S01398,2,75,1,2026-03-11
Q009869,S01398,3,77,1,2026-03-14
Q009870,S01398,4,81,2,2026-03-15
Q009871,S01398,5,69,2,2026-03-17
Q009872,S01398,6,73,2,2026-03-19
Q009873,S01398,7,69,2,2026-03-21
Q009874,S01398,8,68,2,2026-03-24
Q009875,S01398,9,69,1,2026-03-25
Q009876,S01398,10,64,2,2026-03-27
Q009877,S01399,1,76,1,2026-05-19
Q009878,S01399,2,75,3,2026-05-25
Q009879,S01399,3,74,1,2026-06-03
Q009880,S01399,4,67,1,2026-06-13
Q009881,S01399,5,64,3,2026-06-22
Q009882,S01399,6,59,3,2026-07-01
Q009883,S01399,7,51,1,2026-07-13
Q009884,S01400,1,61,2,2026-01-19
Q009885,S01400,2,59,3,2026-01-24
Q009886,S01400,3,63,3,2026-02-01
Q009887,S01400,4,58,2,2026-02-11
Q009888,S01401,1,90,2,2026-01-26
Q009889,S01401,2,82,2,2026-01-29
Q009890,S01401,3,84,1,2026-01-30
Q009891,S01401,4,93,2,2026-02-02
Q009892,S01401,5,80,2,2026-02-04
Q009893,S01401,6,96,1,2026-02-05
Q009894,S01401,7,87,1,2026-02-06
Q009895,S01401,8,86,2,2026-02-08
Q009896,S01401,9,91,1,2026-02-10
Q009897,S01401,10,81,1,2026-02-12
Q009898,S01402,1,75,2,2026-05-17
Q009899,S01402,2,92,2,2026-05-20
Q009900,S01402,3,81,2,2026-05-22
Q009901,S01402,4,83,1,2026-05-25
Q009902,S01402,5,85,2,2026-05-26
Q009903,S01402,6,87,2,2026-05-29
Q009904,S01402,7,92,1,2026-06-01
Q009905,S01402,8,77,1,2026-06-02
Q009906,S01402,9,90,2,2026-06-05
Q009907,S01402,10,93,1,2026-06-07
Q009908,S01403,1,83,2,2026-02-26
Q009909,S01403,2,79,2,2026-02-28
Q009910,S01403,3,71,1,2026-03-01
Q009911,S01403,4,78,1,2026-03-04
Q009912,S01403,5,80,2,2026-03-07
Q009913,S01403,6,85,1,2026-03-08
Q009914,S01403,7,87,2,2026-03-09
Q009915,S01403,8,70,1,2026-03-12
Q009916,S01403,9,73,2,2026-03-14
Q009917,S01403,10,70,1,2026-03-15
Q009918,S01404,1,75,3,2026-05-31
Q009919,S01404,2,73,1,2026-06-07
Q009920,S01404,3,68,3,2026-06-23
Q009921,S01405,1,66,3,2026-04-06
Q009922,S01405,2,68,1,2026-04-12
Q009923,S01405,3,62,1,2026-04-19
Q009924,S01405,4,66,3,2026-05-01
Q009925,S01405,5,66,1,2026-05-10
Q009926,S01406,1,87,2,2026-02-28
Q009927,S01406,2,68,1,2026-03-02
Q009928,S01406,3,73,1,2026-03-03
Q009929,S01406,4,70,1,2026-03-06
Q009930,S01406,5,76,2,2026-03-07
Q009931,S01406,6,86,2,2026-03-08
Q009932,S01406,7,77,2,2026-03-09
Q009933,S01406,8,78,2,2026-03-11
Q009934,S01406,9,85,2,2026-03-13
Q009935,S01406,10,86,2,2026-03-14
Q009936,S01407,1,70,1,2026-03-14
Q009937,S01407,2,75,3,2026-03-23
Q009938,S01407,3,66,3,2026-04-07
Q009939,S01408,1,65,3,2026-01-20
Q009940,S01408,2,64,1,2026-01-27
Q009941,S01408,3,63,1,2026-02-03
Q009942,S01408,4,59,2,2026-02-13
Q009943,S01408,5,56,2,2026-02-25
Q009944,S01408,6,48,2,2026-03-10
Q009945,S01409,1,73,3,2026-03-11
Q009946,S01409,2,64,2,2026-03-16
Q009947,S01409,3,64,2,2026-03-27
Q009948,S01409,4,63,2,2026-04-09
Q009949,S01409,5,50,2,2026-04-17
Q009950,S01410,1,72,1,2026-04-01
Q009951,S01410,2,77,1,2026-04-02
Q009952,S01411,1,83,2,2026-01-16
Q009953,S01411,2,90,2,2026-01-18
Q009954,S01411,3,79,2,2026-01-20
Q009955,S01411,4,91,2,2026-01-22
Q009956,S01411,5,79,1,2026-01-23
Q009957,S01411,6,87,2,2026-01-25
Q009958,S01411,7,79,2,2026-01-27
Q009959,S01411,8,90,2,2026-01-30
Q009960,S01411,9,93,1,2026-01-31
Q009961,S01411,10,88,1,2026-02-01
Q009962,S01412,1,77,2,2026-05-19
Q009963,S01412,2,89,2,2026-05-22
Q009964,S01412,3,89,2,2026-05-25
Q009965,S01412,4,86,2,2026-05-26
Q009966,S01412,5,71,1,2026-05-28
Q009967,S01412,6,80,2,2026-05-30
Q009968,S01412,7,76,1,2026-06-01
Q009969,S01412,8,80,1,2026-06-02
Q009970,S01412,9,74,1,2026-06-03
Q009971,S01412,10,74,2,2026-06-04
Q009972,S01413,1,94,2,2026-01-25
Q009973,S01413,2,91,2,2026-01-28
Q009974,S01413,3,89,2,2026-01-31
Q009975,S01413,4,80,2,2026-02-02
Q009976,S01413,5,95,1,2026-02-03
Q009977,S01413,6,80,1,2026-02-06
Q009978,S01413,7,80,2,2026-02-08
Q009979,S01413,8,93,2,2026-02-10
Q009980,S01413,9,80,2,2026-02-12
Q009981,S01413,10,82,1,2026-02-13
Q009982,S01414,1,78,2,2026-03-27
Q009983,S01414,2,75,1,2026-03-30
Q009984,S01414,3,65,1,2026-04-02
Q009985,S01414,4,81,2,2026-04-05
Q009986,S01414,5,75,1,2026-04-06
Q009987,S01414,6,68,2,2026-04-08
Q009988,S01414,7,65,1,2026-04-09
Q009989,S01414,8,75,2,2026-04-10
Q009990,S01414,9,73,1,2026-04-13
Q009991,S01414,10,77,1,2026-04-14
Q009992,S01415,1,81,1,2026-05-13
Q009993,S01415,2,77,2,2026-05-16
Q009994,S01415,3,75,2,2026-05-17
Q009995,S01415,4,76,2,2026-05-18
Q009996,S01415,5,71,2,2026-05-20
Q009997,S01415,6,70,2,2026-05-23
Q009998,S01415,7,86,1,2026-05-24
Q009999,S01415,8,81,2,2026-05-25
Q010000,S01415,9,73,2,2026-05-27
Q010001,S01415,10,81,2,2026-05-29
Q010002,S01416,1,50,1,2026-05-24
Q010003,S01417,1,83,2,2026-01-10
Q010004,S01417,2,86,1,2026-01-11
Q010005,S01417,3,79,1,2026-01-12
Q010006,S01417,4,73,1,2026-01-14
Q010007,S01417,5,80,2,2026-01-17
Q010008,S01417,6,81,1,2026-01-18
Q010009,S01417,7,80,1,2026-01-21
Q010010,S01417,8,85,1,2026-01-23
Q010011,S01417,9,73,2,2026-01-26
Q010012,S01417,10,78,2,2026-01-28
Q010013,S01418,1,73,2,2026-03-04
Q010014,S01418,2,72,1,2026-03-05
Q010015,S01418,3,74,1,2026-03-08
Q010016,S01418,4,83,1,2026-03-11
Q010017,S01418,5,65,2,2026-03-14
Q010018,S01418,6,83,1,2026-03-17
Q010019,S01418,7,77,1,2026-03-18
Q010020,S01418,8,82,1,2026-03-20
Q010021,S01418,9,67,1,2026-03-23
Q010022,S01418,10,80,1,2026-03-26
Q010023,S01419,1,81,2,2026-02-04
Q010024,S01419,2,85,1,2026-02-07
Q010025,S01419,3,87,2,2026-02-10
Q010026,S01419,4,78,1,2026-02-11
Q010027,S01419,5,85,2,2026-02-13
Q010028,S01419,6,91,2,2026-02-14
Q010029,S01419,7,79,2,2026-02-17
Q010030,S01419,8,82,2,2026-02-20
Q010031,S01419,9,96,2,2026-02-23
Q010032,S01419,10,90,2,2026-02-24
Q010033,S01420,1,65,1,2026-02-06
Q010034,S01420,2,62,1,2026-02-08
Q010035,S01421,1,61,1,2026-01-20
Q010036,S01421,2,71,1,2026-01-22
Q010037,S01421,3,65,1,2026-01-23
Q010038,S01421,4,61,1,2026-01-25
Q010039,S01421,5,64,1,2026-01-27
Q010040,S01421,6,73,2,2026-01-28
Q010041,S01421,7,75,1,2026-01-29
Q010042,S01421,8,69,2,2026-02-01
Q010043,S01421,9,64,2,2026-02-04
Q010044,S01421,10,60,2,2026-02-05
Q010045,S01422,1,79,1,2026-03-17
Q010046,S01422,2,77,2,2026-03-20
Q010047,S01422,3,81,2,2026-03-22
Q010048,S01422,4,77,1,2026-03-25
Q010049,S01422,5,81,1,2026-03-28
Q010050,S01422,6,84,1,2026-03-29
Q010051,S01422,7,81,1,2026-03-31
Q010052,S01422,8,91,1,2026-04-03
Q010053,S01422,9,89,1,2026-04-05
Q010054,S01422,10,90,2,2026-04-07
Q010055,S01423,1,76,1,2026-03-09
Q010056,S01423,2,80,2,2026-03-10
Q010057,S01423,3,77,2,2026-03-13
Q010058,S01423,4,74,1,2026-03-15
Q010059,S01423,5,74,2,2026-03-16
Q010060,S01423,6,78,1,2026-03-18
Q010061,S01423,7,87,1,2026-03-21
Q010062,S01423,8,84,1,2026-03-24
Q010063,S01423,9,74,1,2026-03-26
Q010064,S01423,10,89,1,2026-03-29
Q010065,S01424,1,81,2,2026-05-01
Q010066,S01424,2,91,2,2026-05-04
Q010067,S01424,3,93,1,2026-05-07
Q010068,S01424,4,97,2,2026-05-09
Q010069,S01424,5,82,1,2026-05-11
Q010070,S01424,6,79,1,2026-05-14
Q010071,S01424,7,98,2,2026-05-17
Q010072,S01424,8,91,2,2026-05-18
Q010073,S01424,9,81,2,2026-05-19
Q010074,S01424,10,90,2,2026-05-20
Q010075,S01425,1,66,1,2026-01-25
Q010076,S01426,1,52,1,2026-04-17
Q010077,S01427,1,63,1,2026-04-02
Q010078,S01427,2,71,2,2026-04-03
Q010079,S01427,3,78,1,2026-04-04
Q010080,S01427,4,63,1,2026-04-06
Q010081,S01427,5,81,1,2026-04-09
Q010082,S01427,6,80,2,2026-04-12
Q010083,S01427,7,79,1,2026-04-15
Q010084,S01427,8,67,2,2026-04-17
Q010085,S01427,9,65,1,2026-04-19
Q010086,S01427,10,70,1,2026-04-22
Q010087,S01428,1,65,1,2026-01-05
Q010088,S01428,2,67,1,2026-01-07
Q010089,S01429,1,81,2,2026-04-18
Q010090,S01429,2,76,2,2026-04-24
Q010091,S01429,3,75,3,2026-05-01
Q010092,S01429,4,69,2,2026-05-05
Q010093,S01429,5,70,3,2026-05-14
Q010094,S01429,6,73,1,2026-05-23
Q010095,S01429,7,66,1,2026-06-01
Q010096,S01430,1,67,1,2026-01-30
Q010097,S01430,2,68,1,2026-01-31
Q010098,S01431,1,69,2,2026-02-10
Q010099,S01431,2,75,1,2026-02-12
Q010100,S01431,3,66,1,2026-02-14
Q010101,S01431,4,73,1,2026-02-17
Q010102,S01431,5,76,1,2026-02-19
Q010103,S01431,6,64,1,2026-02-21
Q010104,S01431,7,74,2,2026-02-22
Q010105,S01431,8,74,2,2026-02-25
Q010106,S01431,9,66,2,2026-02-28
Q010107,S01431,10,62,2,2026-03-03
Q010108,S01432,1,74,1,2026-04-10
Q010109,S01432,2,68,1,2026-04-11
Q010110,S01432,3,73,2,2026-04-14
Q010111,S01432,4,81,2,2026-04-15
Q010112,S01432,5,73,2,2026-04-18
Q010113,S01432,6,77,1,2026-04-21
Q010114,S01432,7,76,1,2026-04-23
Q010115,S01432,8,77,1,2026-04-26
Q010116,S01432,9,76,2,2026-04-29
Q010117,S01432,10,70,1,2026-05-02
Q010118,S01433,1,85,2,2026-05-20
Q010119,S01433,2,83,2,2026-05-23
Q010120,S01433,3,81,1,2026-05-26
Q010121,S01433,4,97,2,2026-05-28
Q010122,S01433,5,81,2,2026-05-31
Q010123,S01433,6,95,2,2026-06-03
Q010124,S01433,7,88,1,2026-06-04
Q010125,S01433,8,91,1,2026-06-05
Q010126,S01433,9,84,2,2026-06-06
Q010127,S01433,10,82,1,2026-06-07
Q010128,S01434,1,70,1,2026-05-08
Q010129,S01434,2,60,3,2026-05-14
Q010130,S01434,3,63,2,2026-05-19
Q010131,S01434,4,61,1,2026-05-25
Q010132,S01434,5,56,2,2026-05-30
Q010133,S01434,6,50,2,2026-06-05
Q010134,S01434,7,54,2,2026-06-19
Q010135,S01434,8,52,1,2026-06-27
Q010136,S01435,1,71,1,2026-04-01
Q010137,S01435,2,66,1,2026-04-04
Q010138,S01435,3,76,1,2026-04-06
Q010139,S01435,4,65,1,2026-04-08
Q010140,S01435,5,79,1,2026-04-11
Q010141,S01435,6,71,1,2026-04-12
Q010142,S01435,7,70,2,2026-04-15
Q010143,S01435,8,77,2,2026-04-18
Q010144,S01435,9,69,2,2026-04-19
Q010145,S01435,10,69,1,2026-04-21
Q010146,S01436,1,86,2,2026-05-04
Q010147,S01436,2,75,2,2026-05-07
Q010148,S01436,3,92,1,2026-05-08
Q010149,S01436,4,76,2,2026-05-11
Q010150,S01436,5,78,1,2026-05-12
Q010151,S01436,6,82,1,2026-05-13
Q010152,S01436,7,85,2,2026-05-16
Q010153,S01436,8,80,2,2026-05-18
Q010154,S01436,9,91,2,2026-05-19
Q010155,S01436,10,83,1,2026-05-20
Q010156,S01437,1,69,2,2026-04-07
Q010157,S01437,2,68,1,2026-04-08
Q010158,S01437,3,70,1,2026-04-11
Q010159,S01437,4,69,2,2026-04-12
Q010160,S01437,5,71,1,2026-04-13
Q010161,S01437,6,87,2,2026-04-14
Q010162,S01437,7,71,1,2026-04-15
Q010163,S01437,8,87,1,2026-04-16
Q010164,S01437,9,85,1,2026-04-19
Q010165,S01437,10,87,1,2026-04-21
Q010166,S01438,1,72,1,2026-01-08
Q010167,S01438,2,65,3,2026-01-13
Q010168,S01438,3,63,2,2026-01-21
Q010169,S01438,4,62,1,2026-01-28
Q010170,S01438,5,60,1,2026-02-05
Q010171,S01438,6,58,3,2026-02-12
Q010172,S01438,7,52,1,2026-02-26
Q010173,S01439,1,97,1,2026-03-25
Q010174,S01439,2,86,1,2026-03-28
Q010175,S01439,3,85,1,2026-03-31
Q010176,S01439,4,99,2,2026-04-02
Q010177,S01439,5,85,1,2026-04-05
Q010178,S01439,6,87,1,2026-04-07
Q010179,S01439,7,95,2,2026-04-08
Q010180,S01439,8,85,1,2026-04-09
Q010181,S01439,9,90,2,2026-04-10
Q010182,S01439,10,90,2,2026-04-11
Q010183,S01440,1,88,1,2026-02-27
Q010184,S01440,2,83,1,2026-03-05
Q010185,S01440,3,85,1,2026-03-12
Q010186,S01440,4,81,3,2026-03-22
Q010187,S01440,5,78,3,2026-04-03
Q010188,S01440,6,65,2,2026-04-15
Q010189,S01440,7,63,2,2026-04-24
Q010190,S01441,1,53,1,2026-05-02
Q010191,S01441,2,61,1,2026-05-03
Q010192,S01442,1,83,1,2026-01-25
Q010193,S01442,2,92,2,2026-01-26
Q010194,S01442,3,98,1,2026-01-29
Q010195,S01442,4,92,1,2026-01-30
Q010196,S01442,5,99,1,2026-02-02
Q010197,S01442,6,96,1,2026-02-04
Q010198,S01442,7,91,2,2026-02-07
Q010199,S01442,8,84,1,2026-02-08
Q010200,S01442,9,96,1,2026-02-11
Q010201,S01442,10,87,1,2026-02-12
Q010202,S01443,1,83,3,2026-05-25
Q010203,S01443,2,84,3,2026-06-01
Q010204,S01443,3,77,1,2026-06-11
Q010205,S01443,4,70,2,2026-06-18
Q010206,S01443,5,70,3,2026-06-27
Q010207,S01443,6,74,1,2026-07-09
Q010208,S01444,1,95,1,2026-04-30
Q010209,S01444,2,95,1,2026-05-01
Q010210,S01444,3,93,2,2026-05-04
Q010211,S01444,4,97,1,2026-05-07
Q010212,S01444,5,84,1,2026-05-10
Q010213,S01444,6,86,1,2026-05-11
Q010214,S01444,7,80,1,2026-05-12
Q010215,S01444,8,85,1,2026-05-13
Q010216,S01444,9,82,2,2026-05-16
Q010217,S01444,10,90,2,2026-05-17
Q010218,S01446,1,84,1,2026-04-19
Q010219,S01446,2,75,1,2026-04-20
Q010220,S01446,3,87,1,2026-04-22
Q010221,S01446,4,79,2,2026-04-24
Q010222,S01446,5,84,1,2026-04-27
Q010223,S01446,6,90,1,2026-04-28
Q010224,S01446,7,88,2,2026-04-30
Q010225,S01446,8,87,1,2026-05-01
Q010226,S01446,9,87,1,2026-05-04
Q010227,S01446,10,84,2,2026-05-05
Q010228,S01447,1,73,1,2026-02-14
Q010229,S01447,2,77,1,2026-02-21
Q010230,S01447,3,75,3,2026-02-27
Q010231,S01447,4,68,3,2026-03-12
Q010232,S01447,5,61,2,2026-03-21
Q010233,S01448,1,75,3,2026-04-13
Q010234,S01448,2,77,3,2026-04-20
Q010235,S01448,3,66,2,2026-05-01
Q010236,S01450,1,69,2,2026-01-16
Q010237,S01450,2,73,3,2026-01-21
Q010238,S01450,3,62,1,2026-01-28
Q010239,S01450,4,70,1,2026-02-05
Q010240,S01450,5,62,1,2026-02-14
Q010241,S01450,6,58,3,2026-02-27
Q010242,S01450,7,61,2,2026-03-08
Q010243,S01450,8,64,2,2026-03-25
Q010244,S01451,1,82,2,2026-02-21
Q010245,S01451,2,80,1,2026-02-24
Q010246,S01451,3,69,1,2026-02-27
Q010247,S01451,4,77,2,2026-02-28
Q010248,S01451,5,69,2,2026-03-01
Q010249,S01451,6,76,2,2026-03-04
Q010250,S01451,7,82,2,2026-03-07
Q010251,S01451,8,85,1,2026-03-09
Q010252,S01451,9,85,1,2026-03-12
Q010253,S01451,10,84,1,2026-03-15
Q010254,S01452,1,82,2,2026-02-22
Q010255,S01452,2,79,1,2026-02-28
Q010256,S01452,3,70,1,2026-03-05
Q010257,S01452,4,67,1,2026-03-16
Q010258,S01452,5,68,3,2026-03-24
Q010259,S01452,6,61,3,2026-04-03
Q010260,S01452,7,65,1,2026-04-11
Q010261,S01453,1,51,1,2026-04-22
Q010262,S01454,1,70,1,2026-03-06
Q010263,S01454,2,73,1,2026-03-12
Q010264,S01454,3,70,2,2026-03-18
Q010265,S01454,4,70,3,2026-03-22
Q010266,S01454,5,62,3,2026-03-29
Q010267,S01454,6,60,2,2026-04-08
Q010268,S01454,7,50,1,2026-04-22
Q010269,S01454,8,61,3,2026-05-04
Q010270,S01455,1,83,1,2026-01-05
Q010271,S01455,2,80,2,2026-01-06
Q010272,S01455,3,92,1,2026-01-08
Q010273,S01455,4,85,1,2026-01-11
Q010274,S01455,5,92,2,2026-01-13
Q010275,S01455,6,82,1,2026-01-16
Q010276,S01455,7,98,1,2026-01-17
Q010277,S01455,8,86,1,2026-01-19
Q010278,S01455,9,79,2,2026-01-20
Q010279,S01455,10,85,2,2026-01-22
Q010280,S01456,1,60,1,2026-05-21
Q010281,S01456,2,51,1,2026-05-23
Q010282,S01457,1,76,3,2026-02-04
Q010283,S01457,2,72,2,2026-02-15
Q010284,S01457,3,61,1,2026-02-26
Q010285,S01457,4,71,2,2026-03-05
Q010286,S01458,1,85,2,2026-04-17
Q010287,S01458,2,83,2,2026-04-21
Q010288,S01458,3,80,3,2026-04-29
Q010289,S01458,4,70,2,2026-05-11
Q010290,S01459,1,71,2,2026-02-16
Q010291,S01459,2,76,1,2026-02-18
Q010292,S01459,3,78,2,2026-02-20
Q010293,S01459,4,80,2,2026-02-22
Q010294,S01459,5,68,1,2026-02-23
Q010295,S01459,6,75,1,2026-02-26
Q010296,S01459,7,68,2,2026-02-27
Q010297,S01459,8,70,2,2026-02-28
Q010298,S01459,9,74,1,2026-03-01
Q010299,S01459,10,69,2,2026-03-03
Q010300,S01460,1,76,1,2026-04-17
Q010301,S01460,2,69,3,2026-04-21
Q010302,S01460,3,68,2,2026-05-01
Q010303,S01460,4,67,2,2026-05-08
Q010304,S01460,5,57,1,2026-05-18
Q010305,S01460,6,56,2,2026-05-24
Q010306,S01460,7,65,1,2026-06-01
Q010307,S01461,1,71,2,2026-04-04
Q010308,S01461,2,76,2,2026-04-05
Q010309,S01461,3,77,2,2026-04-06
Q010310,S01461,4,82,2,2026-04-08
Q010311,S01461,5,68,1,2026-04-10
Q010312,S01461,6,69,1,2026-04-12
Q010313,S01461,7,68,2,2026-04-13
Q010314,S01461,8,83,1,2026-04-15
Q010315,S01461,9,81,1,2026-04-17
Q010316,S01461,10,81,1,2026-04-18
Q010317,S01462,1,73,1,2026-04-04
Q010318,S01462,2,67,3,2026-04-09
Q010319,S01462,3,65,3,2026-04-17
Q010320,S01462,4,66,1,2026-04-27
Q010321,S01462,5,64,2,2026-05-09
Q010322,S01462,6,60,2,2026-05-21
Q010323,S01463,1,82,1,2026-05-26
Q010324,S01463,2,81,1,2026-05-29
Q010325,S01463,3,91,1,2026-05-30
Q010326,S01463,4,80,1,2026-06-02
Q010327,S01463,5,82,1,2026-06-03
Q010328,S01463,6,85,2,2026-06-06
Q010329,S01463,7,98,1,2026-06-08
Q010330,S01463,8,96,2,2026-06-09
Q010331,S01463,9,91,2,2026-06-11
Q010332,S01463,10,80,2,2026-06-12
Q010333,S01464,1,84,1,2026-05-11
Q010334,S01464,2,82,1,2026-05-16
Q010335,S01464,3,85,3,2026-05-22
Q010336,S01464,4,76,3,2026-06-01
Q010337,S01464,5,76,2,2026-06-11
Q010338,S01464,6,74,2,2026-06-19
Q010339,S01464,7,63,3,2026-06-29
Q010340,S01465,1,56,1,2026-02-21
Q010341,S01466,1,87,1,2026-03-02
Q010342,S01466,2,74,2,2026-03-03
Q010343,S01466,3,83,2,2026-03-06
Q010344,S01466,4,79,2,2026-03-08
Q010345,S01466,5,80,2,2026-03-10
Q010346,S01466,6,81,2,2026-03-11
Q010347,S01466,7,83,2,2026-03-14
Q010348,S01466,8,83,2,2026-03-17
Q010349,S01466,9,79,1,2026-03-20
Q010350,S01466,10,77,1,2026-03-22
Q010351,S01468,1,92,2,2026-05-26
Q010352,S01468,2,90,2,2026-05-27
Q010353,S01468,3,83,1,2026-05-30
Q010354,S01468,4,82,1,2026-06-01
Q010355,S01468,5,81,2,2026-06-02
Q010356,S01468,6,83,2,2026-06-03
Q010357,S01468,7,88,1,2026-06-04
Q010358,S01468,8,98,1,2026-06-06
Q010359,S01468,9,84,1,2026-06-08
Q010360,S01468,10,84,2,2026-06-10
Q010361,S01470,1,70,2,2026-04-07
Q010362,S01470,2,71,2,2026-04-12
Q010363,S01470,3,67,3,2026-04-20
Q010364,S01470,4,61,3,2026-04-26
Q010365,S01470,5,55,2,2026-05-05
Q010366,S01470,6,55,3,2026-05-15
Q010367,S01470,7,58,3,2026-05-24
Q010368,S01471,1,79,3,2026-03-31
Q010369,S01471,2,82,2,2026-04-08
Q010370,S01471,3,85,3,2026-04-21
Q010371,S01472,1,83,2,2026-05-01
Q010372,S01472,2,83,1,2026-05-06
Q010373,S01472,3,81,2,2026-05-14
Q010374,S01472,4,81,1,2026-05-21
Q010375,S01472,5,71,1,2026-06-01
Q010376,S01472,6,68,2,2026-06-16
Q010377,S01474,1,67,2,2026-01-04
Q010378,S01474,2,78,1,2026-01-06
Q010379,S01474,3,77,1,2026-01-07
Q010380,S01474,4,75,1,2026-01-09
Q010381,S01474,5,76,1,2026-01-12
Q010382,S01474,6,83,1,2026-01-15
Q010383,S01474,7,74,1,2026-01-18
Q010384,S01474,8,69,2,2026-01-20
Q010385,S01474,9,72,1,2026-01-23
Q010386,S01474,10,77,1,2026-01-24
Q010387,S01475,1,59,1,2026-04-10
Q010388,S01475,2,69,2,2026-04-12
Q010389,S01475,3,75,1,2026-04-15
Q010390,S01475,4,65,1,2026-04-18
Q010391,S01475,5,65,2,2026-04-21
Q010392,S01475,6,61,2,2026-04-24
Q010393,S01475,7,74,1,2026-04-26
Q010394,S01475,8,62,2,2026-04-29
Q010395,S01475,9,74,2,2026-05-01
Q010396,S01475,10,61,1,2026-05-04
Q010397,S01476,1,82,1,2026-06-04
Q010398,S01476,2,81,3,2026-06-13
Q010399,S01477,1,69,2,2026-01-06
Q010400,S01477,2,67,3,2026-01-12
Q010401,S01477,3,70,2,2026-01-17
Q010402,S01477,4,60,3,2026-01-26
Q010403,S01477,5,53,1,2026-02-03
Q010404,S01477,6,52,3,2026-02-14
Q010405,S01477,7,49,3,2026-02-27
Q010406,S01478,1,75,1,2026-03-01
Q010407,S01478,2,75,3,2026-03-13
Q010408,S01478,3,74,2,2026-03-23
Q010409,S01479,1,63,3,2026-03-26
Q010410,S01479,2,61,3,2026-04-05
Q010411,S01479,3,60,1,2026-04-14
Q010412,S01479,4,59,2,2026-04-28
Q010413,S01480,1,65,2,2026-05-21
Q010414,S01480,2,72,1,2026-05-24
Q010415,S01480,3,65,1,2026-05-27
Q010416,S01480,4,74,2,2026-05-28
Q010417,S01480,5,69,2,2026-05-31
Q010418,S01480,6,79,1,2026-06-03
Q010419,S01480,7,80,2,2026-06-04
Q010420,S01480,8,68,1,2026-06-05
Q010421,S01480,9,74,2,2026-06-07
Q010422,S01480,10,66,1,2026-06-08
Q010423,S01481,1,81,1,2026-02-22
Q010424,S01481,2,81,1,2026-03-01
Q010425,S01481,3,79,3,2026-03-08
Q010426,S01482,1,88,1,2026-05-05
Q010427,S01482,2,83,2,2026-05-08
Q010428,S01482,3,92,2,2026-05-10
Q010429,S01482,4,89,1,2026-05-11
Q010430,S01482,5,93,2,2026-05-12
Q010431,S01482,6,87,1,2026-05-15
Q010432,S01482,7,80,2,2026-05-16
Q010433,S01482,8,74,1,2026-05-17
Q010434,S01482,9,93,1,2026-05-19
Q010435,S01482,10,84,1,2026-05-21
Q010436,S01483,1,80,1,2026-04-08
Q010437,S01483,2,67,1,2026-04-10
Q010438,S01483,3,81,2,2026-04-11
Q010439,S01483,4,65,2,2026-04-13
Q010440,S01483,5,69,1,2026-04-15
Q010441,S01483,6,80,2,2026-04-17
Q010442,S01483,7,79,1,2026-04-20
Q010443,S01483,8,75,1,2026-04-23
Q010444,S01483,9,66,1,2026-04-24
Q010445,S01483,10,72,1,2026-04-25
Q010446,S01484,1,69,1,2026-05-27
Q010447,S01484,2,73,2,2026-05-28
Q010448,S01484,3,72,2,2026-05-31
Q010449,S01484,4,71,1,2026-06-01
Q010450,S01484,5,60,2,2026-06-04
Q010451,S01484,6,66,2,2026-06-05
Q010452,S01484,7,76,2,2026-06-08
Q010453,S01484,8,65,2,2026-06-11
Q010454,S01484,9,65,2,2026-06-12
Q010455,S01484,10,76,2,2026-06-14
Q010456,S01485,1,75,1,2026-01-20
Q010457,S01485,2,78,1,2026-01-22
Q010458,S01485,3,83,2,2026-01-24
Q010459,S01485,4,89,1,2026-01-26
Q010460,S01485,5,74,2,2026-01-28
Q010461,S01485,6,85,1,2026-01-29
Q010462,S01485,7,75,2,2026-01-30
Q010463,S01485,8,83,1,2026-01-31
Q010464,S01485,9,81,1,2026-02-02
Q010465,S01485,10,79,1,2026-02-05
Q010466,S01486,1,85,1,2026-04-12
Q010467,S01486,2,74,2,2026-04-15
Q010468,S01486,3,78,2,2026-04-17
Q010469,S01486,4,77,1,2026-04-20
Q010470,S01486,5,69,2,2026-04-22
Q010471,S01486,6,88,2,2026-04-23
Q010472,S01486,7,87,1,2026-04-25
Q010473,S01486,8,80,2,2026-04-28
Q010474,S01486,9,87,1,2026-04-30
Q010475,S01486,10,79,2,2026-05-03
Q010476,S01487,1,78,1,2026-04-06
Q010477,S01487,2,63,1,2026-04-09
Q010478,S01487,3,62,2,2026-04-10
Q010479,S01487,4,73,1,2026-04-12
Q010480,S01487,5,74,2,2026-04-14
Q010481,S01487,6,59,1,2026-04-17
Q010482,S01487,7,72,1,2026-04-20
Q010483,S01487,8,72,2,2026-04-23
Q010484,S01487,9,62,2,2026-04-24
Q010485,S01487,10,67,2,2026-04-26
Q010486,S01488,1,76,1,2026-03-18
Q010487,S01488,2,71,1,2026-03-25
Q010488,S01488,3,73,1,2026-03-30
Q010489,S01488,4,74,3,2026-04-03
Q010490,S01488,5,73,3,2026-04-10
Q010491,S01488,6,60,1,2026-04-20
Q010492,S01488,7,64,1,2026-04-28
Q010493,S01488,8,63,2,2026-05-14
Q010494,S01489,1,83,2,2026-01-05
Q010495,S01489,2,75,2,2026-01-08
Q010496,S01489,3,78,2,2026-01-11
Q010497,S01489,4,71,2,2026-01-12
Q010498,S01489,5,71,2,2026-01-14
Q010499,S01489,6,86,1,2026-01-17
Q010500,S01489,7,82,2,2026-01-18
Q010501,S01489,8,86,2,2026-01-21
Q010502,S01489,9,77,1,2026-01-22
Q010503,S01489,10,72,2,2026-01-24
Q010504,S01490,1,96,2,2026-03-04
Q010505,S01490,2,93,2,2026-03-07
Q010506,S01490,3,80,2,2026-03-09
Q010507,S01490,4,82,1,2026-03-11
Q010508,S01490,5,83,2,2026-03-12
Q010509,S01490,6,81,2,2026-03-14
Q010510,S01490,7,77,1,2026-03-17
Q010511,S01490,8,91,1,2026-03-18
Q010512,S01490,9,80,2,2026-03-20
Q010513,S01490,10,82,1,2026-03-21
Q010514,S01491,1,85,2,2026-05-28
Q010515,S01491,2,85,2,2026-05-30
Q010516,S01491,3,90,2,2026-06-02
Q010517,S01491,4,78,2,2026-06-04
Q010518,S01491,5,88,2,2026-06-06
Q010519,S01491,6,84,2,2026-06-07
Q010520,S01491,7,81,2,2026-06-08
Q010521,S01491,8,82,1,2026-06-09
Q010522,S01491,9,86,1,2026-06-12
Q010523,S01491,10,93,2,2026-06-15
Q010524,S01492,1,74,2,2026-04-30
Q010525,S01492,2,71,2,2026-05-01
Q010526,S01492,3,73,1,2026-05-04
Q010527,S01492,4,82,2,2026-05-06
Q010528,S01492,5,66,2,2026-05-08
Q010529,S01492,6,75,1,2026-05-09
Q010530,S01492,7,69,2,2026-05-11
Q010531,S01492,8,70,2,2026-05-13
Q010532,S01492,9,83,2,2026-05-16
Q010533,S01492,10,81,1,2026-05-17
Q010534,S01493,1,86,2,2026-05-05
Q010535,S01493,2,78,2,2026-05-08
Q010536,S01493,3,75,1,2026-05-11
Q010537,S01493,4,91,1,2026-05-14
Q010538,S01493,5,74,2,2026-05-15
Q010539,S01493,6,89,2,2026-05-17
Q010540,S01493,7,90,1,2026-05-20
Q010541,S01493,8,84,2,2026-05-21
Q010542,S01493,9,79,1,2026-05-22
Q010543,S01493,10,86,1,2026-05-24
Q010544,S01494,1,65,2,2026-05-23
Q010545,S01494,2,72,2,2026-05-25
Q010546,S01494,3,67,1,2026-05-26
Q010547,S01494,4,81,1,2026-05-29
Q010548,S01494,5,77,1,2026-06-01
Q010549,S01494,6,63,2,2026-06-03
Q010550,S01494,7,69,2,2026-06-05
Q010551,S01494,8,79,2,2026-06-06
Q010552,S01494,9,70,2,2026-06-07
Q010553,S01494,10,66,1,2026-06-09
Q010554,S01495,1,70,1,2026-01-31
Q010555,S01495,2,76,3,2026-02-07
Q010556,S01495,3,77,2,2026-02-12
Q010557,S01495,4,69,1,2026-02-17
Q010558,S01495,5,61,3,2026-02-26
Q010559,S01495,6,61,3,2026-03-10
Q010560,S01495,7,57,2,2026-03-19
Q010561,S01495,8,54,3,2026-03-31
Q010562,S01496,1,67,2,2026-02-06
Q010563,S01496,2,60,1,2026-02-14
Q010564,S01496,3,61,1,2026-02-25
Q010565,S01496,4,54,2,2026-03-06
Q010566,S01497,1,60,3,2026-01-14
Q010567,S01497,2,54,2,2026-01-23
Q010568,S01497,3,57,3,2026-01-28
Q010569,S01497,4,55,2,2026-02-05
Q010570,S01498,1,74,2,2026-04-27
Q010571,S01498,2,86,2,2026-04-30
Q010572,S01498,3,71,2,2026-05-03
Q010573,S01498,4,81,2,2026-05-04
Q010574,S01498,5,73,2,2026-05-06
Q010575,S01498,6,76,2,2026-05-09
Q010576,S01498,7,84,1,2026-05-12
Q010577,S01498,8,84,2,2026-05-14
Q010578,S01498,9,87,1,2026-05-17
Q010579,S01498,10,81,2,2026-05-19
Q010580,S01499,1,61,1,2026-05-13
Q010581,S01499,2,70,2,2026-05-14
Q010582,S01499,3,75,2,2026-05-17
Q010583,S01499,4,62,1,2026-05-18
Q010584,S01499,5,67,1,2026-05-20
Q010585,S01499,6,66,2,2026-05-22
Q010586,S01499,7,60,1,2026-05-25
Q010587,S01499,8,66,1,2026-05-28
Q010588,S01499,9,67,2,2026-05-31
Q010589,S01499,10,76,1,2026-06-01
Q010590,S01500,1,61,1,2026-04-18
