student_id,session_date,module_accessed,session_duration_min
S00001,2026-02-19,1,48
S00001,2026-02-21,2,34
S00001,2026-02-24,3,67
S00001,2026-02-25,3,42
S00001,2026-02-26,3,25
S00001,2026-02-27,4,64
S00001,2026-02-28,4,40
S00001,2026-03-01,4,42
S00001,2026-03-02,5,34
S00001,2026-03-05,6,23
S00001,2026-03-06,6,40
S00001,2026-03-07,6,32
S00001,2026-03-07,7,23
S00001,2026-03-09,8,48
S00001,2026-03-10,8,66
S00001,2026-03-11,8,47
S00001,2026-03-11,9,37
S00001,2026-03-12,9,21
S00001,2026-03-13,10,49
S00002,2026-03-16,1,11
S00002,2026-03-18,2,5
S00003,2026-02-10,1,13
S00003,2026-02-11,1,56
S00003,2026-02-18,2,31
S00003,2026-02-19,2,32
S00003,2026-03-02,3,50
S00003,2026-03-03,3,16
S00003,2026-03-13,4,30
S00003,2026-03-14,4,25
S00003,2026-03-21,5,40
S00003,2026-03-22,5,14
S00003,2026-03-23,5,37
S00004,2026-04-25,1,34
S00004,2026-05-08,2,24
S00004,2026-05-16,3,15
S00004,2026-05-17,3,29
S00004,2026-05-18,3,26
S00005,2026-01-27,1,57
S00005,2026-01-28,1,61
S00005,2026-01-29,2,52
S00005,2026-01-30,3,25
S00005,2026-01-31,4,21
S00005,2026-02-03,5,27
S00005,2026-02-05,6,73
S00005,2026-02-06,6,63
S00005,2026-02-07,6,22
S00005,2026-02-08,7,57
S00005,2026-02-09,7,36
S00005,2026-02-11,8,71
S00005,2026-02-12,8,27
S00005,2026-02-12,9,48
S00005,2026-02-15,10,49
S00005,2026-02-16,10,74
S00006,2026-05-27,1,64
S00006,2026-05-28,1,42
S00006,2026-05-29,2,39
S00006,2026-05-30,3,49
S00006,2026-06-01,4,27
S00006,2026-06-02,4,58
S00006,2026-06-03,5,33
S00006,2026-06-04,5,55
S00006,2026-06-05,6,21
S00006,2026-06-07,7,28
S00006,2026-06-08,7,20
S00006,2026-06-09,7,30
S00006,2026-06-09,8,45
S00006,2026-06-10,8,23
S00006,2026-06-11,8,37
S00006,2026-06-11,9,34
S00006,2026-06-12,9,41
S00006,2026-06-13,9,56
S00006,2026-06-14,10,61
S00007,2026-02-06,1,33
S00007,2026-02-07,1,25
S00007,2026-02-09,2,28
S00007,2026-02-10,2,34
S00007,2026-02-12,3,54
S00007,2026-02-13,3,37
S00007,2026-02-14,4,44
S00007,2026-02-15,4,21
S00007,2026-02-17,5,20
S00007,2026-02-18,5,65
S00007,2026-02-19,6,71
S00007,2026-02-20,7,44
S00007,2026-02-21,7,32
S00007,2026-02-21,8,23
S00007,2026-02-22,8,44
S00007,2026-02-22,9,50
S00007,2026-02-24,10,25
S00008,2026-03-02,1,7
S00008,2026-03-03,2,6
S00009,2026-05-14,1,21
S00009,2026-05-15,1,35
S00009,2026-05-16,1,31
S00009,2026-05-19,2,26
S00009,2026-05-20,2,26
S00009,2026-05-21,2,43
S00009,2026-05-25,3,44
S00009,2026-06-03,4,41
S00009,2026-06-04,4,13
S00009,2026-06-05,4,33
S00009,2026-06-12,5,6
S00009,2026-06-22,6,25
S00009,2026-06-23,6,41
S00009,2026-07-04,7,18
S00010,2026-05-24,1,16
S00010,2026-05-25,1,46
S00010,2026-05-28,2,48
S00010,2026-06-03,3,17
S00010,2026-06-12,4,46
S00010,2026-06-13,4,27
S00010,2026-06-22,5,19
S00010,2026-07-02,6,25
S00010,2026-07-10,7,24
S00010,2026-07-24,8,29
S00010,2026-07-25,8,34
S00011,2026-01-31,1,24
S00011,2026-02-01,1,24
S00011,2026-02-02,2,66
S00011,2026-02-03,2,51
S00011,2026-02-03,3,27
S00011,2026-02-04,3,59
S00011,2026-02-05,3,44
S00011,2026-02-06,4,22
S00011,2026-02-07,4,68
S00011,2026-02-08,5,60
S00011,2026-02-09,6,59
S00011,2026-02-10,6,21
S00011,2026-02-11,6,73
S00011,2026-02-12,7,30
S00011,2026-02-13,7,29
S00011,2026-02-14,8,28
S00011,2026-02-15,8,44
S00011,2026-02-16,8,59
S00011,2026-02-16,9,69
S00011,2026-02-17,10,65
S00011,2026-02-18,10,68
S00011,2026-02-19,10,40
S00013,2026-01-22,1,20
S00013,2026-01-23,1,52
S00013,2026-01-28,2,35
S00013,2026-01-29,2,32
S00013,2026-01-30,2,38
S00013,2026-02-03,3,35
S00013,2026-02-04,3,39
S00013,2026-02-05,3,23
S00013,2026-02-12,4,39
S00013,2026-02-25,5,29
S00013,2026-02-26,5,41
S00013,2026-02-27,5,12
S00013,2026-03-06,6,6
S00014,2026-01-12,1,46
S00014,2026-01-13,1,46
S00014,2026-01-14,1,21
S00014,2026-01-13,2,71
S00014,2026-01-15,3,73
S00014,2026-01-16,3,31
S00014,2026-01-17,4,53
S00014,2026-01-20,5,74
S00014,2026-01-21,5,25
S00014,2026-01-22,5,38
S00014,2026-01-23,6,23
S00014,2026-01-25,7,45
S00014,2026-01-26,7,56
S00014,2026-01-27,7,57
S00014,2026-01-26,8,57
S00014,2026-01-27,8,65
S00014,2026-01-27,9,39
S00014,2026-01-30,10,33
S00015,2026-03-23,1,49
S00015,2026-03-24,1,37
S00015,2026-03-26,2,65
S00015,2026-03-27,3,57
S00015,2026-03-28,3,72
S00015,2026-03-30,4,55
S00015,2026-03-31,5,71
S00015,2026-04-01,5,68
S00015,2026-04-01,6,64
S00015,2026-04-02,6,52
S00015,2026-04-04,7,34
S00015,2026-04-05,7,25
S00015,2026-04-06,7,66
S00015,2026-04-07,8,28
S00015,2026-04-08,8,45
S00015,2026-04-09,8,35
S00015,2026-04-08,9,69
S00015,2026-04-09,9,22
S00015,2026-04-09,10,73
S00015,2026-04-10,10,64
S00016,2026-04-20,1,61
S00016,2026-04-21,1,54
S00016,2026-04-22,1,65
S00016,2026-04-21,2,39
S00016,2026-04-23,3,55
S00016,2026-04-25,4,58
S00016,2026-04-26,4,69
S00016,2026-04-27,4,54
S00016,2026-04-26,5,60
S00016,2026-04-27,5,73
S00016,2026-04-27,6,39
S00016,2026-04-28,6,43
S00016,2026-04-29,6,44
S00016,2026-04-29,7,49
S00016,2026-04-30,7,41
S00016,2026-05-02,8,29
S00016,2026-05-03,8,35
S00016,2026-05-05,9,44
S00016,2026-05-06,9,32
S00016,2026-05-06,10,55
S00017,2026-04-18,1,52
S00017,2026-04-19,1,46
S00017,2026-04-21,2,37
S00017,2026-04-22,2,51
S00017,2026-04-23,2,30
S00017,2026-04-24,3,40
S00017,2026-04-25,3,61
S00017,2026-04-26,3,45
S00017,2026-04-26,4,56
S00017,2026-04-29,5,45
S00017,2026-04-30,5,56
S00017,2026-05-01,5,43
S00017,2026-05-02,6,40
S00017,2026-05-03,7,52
S00017,2026-05-06,8,26
S00017,2026-05-07,8,41
S00017,2026-05-07,9,53
S00017,2026-05-10,10,68
S00017,2026-05-11,10,36
S00018,2026-04-10,1,24
S00018,2026-04-11,2,29
S00018,2026-04-12,2,53
S00018,2026-04-14,3,58
S00018,2026-04-17,4,29
S00018,2026-04-18,4,54
S00018,2026-04-18,5,40
S00018,2026-04-19,5,39
S00018,2026-04-20,5,45
S00018,2026-04-20,6,59
S00018,2026-04-21,6,40
S00018,2026-04-22,6,34
S00018,2026-04-22,7,60
S00018,2026-04-23,7,59
S00018,2026-04-24,7,47
S00018,2026-04-24,8,22
S00018,2026-04-25,9,71
S00018,2026-04-26,9,54
S00018,2026-04-28,10,69
S00019,2026-02-22,1,55
S00019,2026-02-25,2,66
S00019,2026-02-27,3,61
S00019,2026-02-28,3,39
S00019,2026-03-01,4,35
S00019,2026-03-02,4,22
S00019,2026-03-03,4,64
S00019,2026-03-03,5,59
S00019,2026-03-04,5,57
S00019,2026-03-05,5,52
S00019,2026-03-04,6,56
S00019,2026-03-05,6,23
S00019,2026-03-06,6,49
S00019,2026-03-06,7,51
S00019,2026-03-07,7,28
S00019,2026-03-08,7,31
S00019,2026-03-09,8,64
S00019,2026-03-11,9,50
S00019,2026-03-12,9,74
S00019,2026-03-14,10,23
S00020,2026-05-09,1,47
S00020,2026-05-11,2,25
S00020,2026-05-12,2,38
S00020,2026-05-14,3,66
S00020,2026-05-15,3,63
S00020,2026-05-15,4,41
S00020,2026-05-16,4,22
S00020,2026-05-17,5,67
S00020,2026-05-18,5,40
S00020,2026-05-20,6,60
S00020,2026-05-21,6,70
S00020,2026-05-22,7,42
S00020,2026-05-23,7,67
S00020,2026-05-24,7,41
S00020,2026-05-25,8,34
S00020,2026-05-26,8,46
S00020,2026-05-26,9,21
S00020,2026-05-27,9,54
S00020,2026-05-29,10,25
S00020,2026-05-30,10,28
S00020,2026-05-31,10,39
S00021,2026-04-01,1,50
S00021,2026-04-02,1,27
S00021,2026-04-03,1,33
S00021,2026-04-06,2,46
S00021,2026-04-07,2,22
S00021,2026-04-10,3,41
S00021,2026-04-11,3,14
S00021,2026-04-12,3,35
S00021,2026-04-17,4,14
S00021,2026-04-26,5,29
S00021,2026-05-07,6,21
S00021,2026-05-22,7,7
S00021,2026-06-08,8,12
S00021,2026-06-09,8,36
S00021,2026-06-10,8,34
S00022,2026-02-23,1,72
S00022,2026-02-24,1,54
S00022,2026-02-25,1,60
S00022,2026-02-24,2,23
S00022,2026-02-25,2,47
S00022,2026-02-26,2,27
S00022,2026-02-25,3,41
S00022,2026-02-26,3,60
S00022,2026-02-27,4,67
S00022,2026-03-02,5,69
S00022,2026-03-03,5,40
S00022,2026-03-03,6,63
S00022,2026-03-04,6,52
S00022,2026-03-05,6,72
S00022,2026-03-04,7,36
S00022,2026-03-05,7,53
S00022,2026-03-06,7,43
S00022,2026-03-05,8,66
S00022,2026-03-06,8,59
S00022,2026-03-07,8,31
S00022,2026-03-08,9,60
S00022,2026-03-09,9,38
S00022,2026-03-10,9,45
S00022,2026-03-10,10,70
S00023,2026-05-15,1,31
S00023,2026-05-16,1,64
S00023,2026-05-17,2,46
S00023,2026-05-18,2,74
S00023,2026-05-20,3,25
S00023,2026-05-21,3,41
S00023,2026-05-21,4,45
S00023,2026-05-22,4,46
S00023,2026-05-23,5,48
S00023,2026-05-26,6,54
S00023,2026-05-27,6,67
S00023,2026-05-27,7,57
S00023,2026-05-28,8,27
S00023,2026-05-29,8,62
S00023,2026-05-29,9,58
S00023,2026-05-30,9,40
S00023,2026-05-31,10,62
S00023,2026-06-01,10,73
S00024,2026-02-07,1,43
S00024,2026-02-10,2,60
S00024,2026-02-11,2,58
S00024,2026-02-12,2,32
S00024,2026-02-13,3,32
S00024,2026-02-14,3,65
S00024,2026-02-15,3,64
S00024,2026-02-16,4,72
S00024,2026-02-17,5,64
S00024,2026-02-19,6,27
S00024,2026-02-21,7,66
S00024,2026-02-23,8,21
S00024,2026-02-24,8,23
S00024,2026-02-25,9,38
S00024,2026-02-26,10,31
S00025,2026-01-04,1,70
S00025,2026-01-05,1,30
S00025,2026-01-06,2,70
S00025,2026-01-07,2,73
S00025,2026-01-09,3,39
S00025,2026-01-10,3,25
S00025,2026-01-11,3,46
S00025,2026-01-11,4,35
S00025,2026-01-12,4,49
S00025,2026-01-13,4,59
S00025,2026-01-12,5,31
S00025,2026-01-13,5,54
S00025,2026-01-15,6,34
S00025,2026-01-17,7,50
S00025,2026-01-18,8,62
S00025,2026-01-19,8,37
S00025,2026-01-19,9,28
S00025,2026-01-20,9,72
S00025,2026-01-21,9,57
S00025,2026-01-22,10,47
S00025,2026-01-23,10,63
S00025,2026-01-24,10,34
S00026,2026-04-20,1,48
S00026,2026-04-21,1,45
S00026,2026-04-28,2,11
S00026,2026-05-10,3,36
S00026,2026-05-11,3,43
S00026,2026-05-22,4,18
S00026,2026-05-23,4,44
S00027,2026-03-13,1,30
S00027,2026-03-14,1,64
S00027,2026-03-15,1,23
S00027,2026-03-16,2,61
S00027,2026-03-17,2,70
S00027,2026-03-18,2,69
S00027,2026-03-17,3,72
S00027,2026-03-18,3,49
S00027,2026-03-19,3,61
S00027,2026-03-18,4,61
S00027,2026-03-21,5,23
S00027,2026-03-22,5,37
S00027,2026-03-22,6,66
S00027,2026-03-23,7,23
S00027,2026-03-24,7,24
S00027,2026-03-24,8,53
S00027,2026-03-25,9,42
S00027,2026-03-26,9,70
S00027,2026-03-27,9,22
S00027,2026-03-26,10,68
S00027,2026-03-27,10,40
S00027,2026-03-28,10,65
S00028,2026-05-22,1,47
S00028,2026-05-25,2,30
S00028,2026-05-26,2,55
S00028,2026-05-26,3,37
S00028,2026-05-27,3,59
S00028,2026-05-28,3,41
S00028,2026-05-29,4,27
S00028,2026-05-30,5,38
S00028,2026-05-31,5,46
S00028,2026-06-01,6,66
S00028,2026-06-02,7,30
S00028,2026-06-03,7,58
S00028,2026-06-03,8,31
S00028,2026-06-04,8,25
S00028,2026-06-06,9,67
S00028,2026-06-07,9,63
S00028,2026-06-08,10,74
S00028,2026-06-09,10,55
S00028,2026-06-10,10,57
S00029,2026-05-26,1,29
S00029,2026-05-27,1,26
S00029,2026-06-03,2,55
S00029,2026-06-04,2,45
S00029,2026-06-05,2,19
S00029,2026-06-08,3,46
S00029,2026-06-09,3,11
S00029,2026-06-10,3,13
S00029,2026-06-21,4,9
S00029,2026-06-22,4,16
S00029,2026-06-23,4,48
S00030,2026-02-06,1,49
S00030,2026-02-09,2,27
S00030,2026-02-10,2,45
S00030,2026-02-12,3,26
S00030,2026-02-13,3,22
S00030,2026-02-13,4,20
S00030,2026-02-14,5,28
S00030,2026-02-17,6,59
S00030,2026-02-18,6,42
S00030,2026-02-19,7,23
S00030,2026-02-20,7,49
S00030,2026-02-22,8,33
S00030,2026-02-23,8,32
S00030,2026-02-24,8,64
S00030,2026-02-23,9,57
S00030,2026-02-24,9,35
S00030,2026-02-25,9,21
S00030,2026-02-26,10,61
S00030,2026-02-27,10,35
S00031,2026-01-17,1,26
S00031,2026-01-18,1,39
S00031,2026-01-19,1,41
S00031,2026-01-22,2,23
S00031,2026-01-23,2,31
S00031,2026-01-27,3,25
S00031,2026-01-28,3,31
S00031,2026-01-29,3,40
S00031,2026-02-02,4,30
S00031,2026-02-03,4,21
S00031,2026-02-12,5,16
S00031,2026-02-13,5,35
S00031,2026-02-25,6,17
S00031,2026-03-11,7,32
S00031,2026-03-12,7,22
S00031,2026-03-23,8,42
S00032,2026-05-30,1,63
S00032,2026-05-31,1,23
S00032,2026-06-02,2,32
S00032,2026-06-03,2,38
S00032,2026-06-04,2,68
S00032,2026-06-05,3,36
S00032,2026-06-08,4,74
S00032,2026-06-11,5,40
S00032,2026-06-12,6,43
S00032,2026-06-13,7,44
S00032,2026-06-14,7,49
S00032,2026-06-15,7,28
S00032,2026-06-16,8,61
S00032,2026-06-18,9,47
S00032,2026-06-19,9,60
S00032,2026-06-20,9,54
S00032,2026-06-20,10,54
S00032,2026-06-21,10,63
S00033,2026-01-14,1,55
S00033,2026-01-15,2,57
S00033,2026-01-17,3,55
S00033,2026-01-18,4,53
S00033,2026-01-21,5,22
S00033,2026-01-22,5,47
S00033,2026-01-22,6,73
S00033,2026-01-23,6,20
S00033,2026-01-25,7,32
S00033,2026-01-26,7,68
S00033,2026-01-27,7,73
S00033,2026-01-28,8,29
S00033,2026-01-29,9,43
S00033,2026-01-30,9,21
S00033,2026-01-31,10,54
S00033,2026-02-01,10,44
S00034,2026-01-19,1,17
S00035,2026-05-03,1,8
S00036,2026-04-20,1,54
S00036,2026-04-26,2,42
S00036,2026-04-27,2,42
S00036,2026-04-28,2,35
S00036,2026-05-03,3,15
S00036,2026-05-16,4,29
S00036,2026-05-27,5,33
S00036,2026-05-28,5,45
S00036,2026-05-29,5,33
S00037,2026-04-01,1,24
S00037,2026-04-02,1,51
S00037,2026-04-03,1,39
S00037,2026-04-04,2,60
S00037,2026-04-05,2,36
S00037,2026-04-06,3,45
S00037,2026-04-07,4,30
S00037,2026-04-08,4,32
S00037,2026-04-09,4,72
S00037,2026-04-10,5,47
S00037,2026-04-11,5,30
S00037,2026-04-12,5,62
S00037,2026-04-13,6,43
S00037,2026-04-14,6,73
S00037,2026-04-14,7,69
S00037,2026-04-15,7,45
S00037,2026-04-15,8,30
S00037,2026-04-17,9,53
S00037,2026-04-18,9,34
S00037,2026-04-19,9,51
S00037,2026-04-19,10,41
S00037,2026-04-20,10,37
S00038,2026-05-23,1,48
S00038,2026-05-24,1,27
S00038,2026-05-26,2,36
S00038,2026-05-27,3,30
S00038,2026-05-28,3,50
S00038,2026-05-28,4,67
S00038,2026-05-29,4,45
S00038,2026-05-30,4,31
S00038,2026-05-29,5,38
S00038,2026-05-30,5,42
S00038,2026-05-31,6,25
S00038,2026-06-01,6,23
S00038,2026-06-01,7,53
S00038,2026-06-02,7,36
S00038,2026-06-03,7,62
S00038,2026-06-03,8,74
S00038,2026-06-04,8,27
S00038,2026-06-05,9,49
S00038,2026-06-06,9,20
S00038,2026-06-07,9,62
S00038,2026-06-08,10,41
S00038,2026-06-09,10,48
S00039,2026-03-19,1,52
S00039,2026-03-20,1,14
S00039,2026-03-28,2,13
S00039,2026-04-07,3,35
S00039,2026-04-08,3,42
S00039,2026-04-09,3,9
S00039,2026-04-17,4,36
S00039,2026-05-05,5,21
S00039,2026-05-06,5,22
S00040,2026-03-24,1,20
S00040,2026-03-25,1,45
S00040,2026-03-27,2,30
S00040,2026-03-28,2,60
S00040,2026-03-29,3,36
S00040,2026-03-30,4,48
S00040,2026-04-02,5,40
S00040,2026-04-03,5,54
S00040,2026-04-04,5,31
S00040,2026-04-03,6,66
S00040,2026-04-04,6,74
S00040,2026-04-05,6,26
S00040,2026-04-04,7,23
S00040,2026-04-05,7,42
S00040,2026-04-07,8,71
S00040,2026-04-08,8,64
S00040,2026-04-10,9,65
S00040,2026-04-11,9,47
S00040,2026-04-12,9,65
S00040,2026-04-13,10,56
S00040,2026-04-14,10,20
S00040,2026-04-15,10,22
S00041,2026-02-11,1,43
S00041,2026-02-14,2,68
S00041,2026-02-15,2,42
S00041,2026-02-15,3,50
S00041,2026-02-16,4,73
S00041,2026-02-17,5,59
S00041,2026-02-18,5,26
S00041,2026-02-18,6,39
S00041,2026-02-21,7,66
S00041,2026-02-22,7,23
S00041,2026-02-24,8,55
S00041,2026-02-25,8,66
S00041,2026-02-26,8,60
S00041,2026-02-27,9,69
S00041,2026-02-28,9,49
S00041,2026-03-02,10,33
S00041,2026-03-03,10,67
S00041,2026-03-04,10,66
S00042,2026-01-24,1,27
S00042,2026-01-27,2,50
S00042,2026-01-28,2,61
S00042,2026-01-29,2,29
S00042,2026-01-29,3,36
S00042,2026-01-31,4,36
S00042,2026-02-01,4,23
S00042,2026-02-03,5,40
S00042,2026-02-04,6,44
S00042,2026-02-05,7,43
S00042,2026-02-08,8,25
S00042,2026-02-09,8,20
S00042,2026-02-10,8,66
S00042,2026-02-10,9,36
S00042,2026-02-11,10,28
S00043,2026-03-26,1,36
S00043,2026-03-27,1,68
S00043,2026-03-28,1,31
S00043,2026-03-27,2,20
S00043,2026-03-28,2,36
S00043,2026-03-29,2,22
S00043,2026-03-29,3,38
S00043,2026-04-01,4,52
S00043,2026-04-02,4,33
S00043,2026-04-04,5,48
S00043,2026-04-05,5,38
S00043,2026-04-06,5,25
S00043,2026-04-07,6,20
S00043,2026-04-09,7,67
S00043,2026-04-12,8,29
S00043,2026-04-13,8,44
S00043,2026-04-14,8,39
S00043,2026-04-15,9,41
S00043,2026-04-16,9,70
S00043,2026-04-18,10,74
S00043,2026-04-19,10,22
S00044,2026-03-26,1,12
S00044,2026-03-27,2,5
S00045,2026-03-19,1,25
S00045,2026-03-20,2,24
S00045,2026-03-21,2,73
S00045,2026-03-22,3,38
S00045,2026-03-24,4,66
S00045,2026-03-25,4,58
S00045,2026-03-25,5,26
S00045,2026-03-26,5,34
S00045,2026-03-28,6,48
S00045,2026-03-29,6,39
S00045,2026-03-30,7,27
S00045,2026-04-01,8,24
S00045,2026-04-02,8,47
S00045,2026-04-03,9,39
S00045,2026-04-04,9,60
S00045,2026-04-04,10,22
S00045,2026-04-05,10,29
S00045,2026-04-06,10,53
S00046,2026-05-11,1,51
S00046,2026-05-12,1,39
S00046,2026-05-13,1,41
S00046,2026-05-19,2,30
S00046,2026-05-20,2,45
S00046,2026-05-21,2,12
S00046,2026-06-02,3,35
S00046,2026-06-03,3,18
S00046,2026-06-04,3,17
S00047,2026-04-11,1,38
S00047,2026-04-14,2,41
S00047,2026-04-15,2,70
S00047,2026-04-16,2,67
S00047,2026-04-16,3,64
S00047,2026-04-17,4,68
S00047,2026-04-18,4,28
S00047,2026-04-19,4,55
S00047,2026-04-19,5,64
S00047,2026-04-21,6,36
S00047,2026-04-22,6,29
S00047,2026-04-23,7,54
S00047,2026-04-24,7,71
S00047,2026-04-24,8,28
S00047,2026-04-25,8,46
S00047,2026-04-26,8,45
S00047,2026-04-25,9,60
S00047,2026-04-26,9,61
S00047,2026-04-27,9,69
S00047,2026-04-28,10,72
S00048,2026-02-17,1,24
S00048,2026-02-18,1,62
S00048,2026-02-20,2,69
S00048,2026-02-22,3,30
S00048,2026-02-24,4,29
S00048,2026-02-25,4,37
S00048,2026-02-26,4,57
S00048,2026-02-27,5,32
S00048,2026-02-28,5,65
S00048,2026-03-01,5,22
S00048,2026-02-28,6,46
S00048,2026-03-01,6,65
S00048,2026-03-02,6,27
S00048,2026-03-02,7,28
S00048,2026-03-03,8,68
S00048,2026-03-04,8,47
S00048,2026-03-05,8,52
S00048,2026-03-05,9,40
S00048,2026-03-06,9,21
S00048,2026-03-07,9,62
S00048,2026-03-07,10,56
S00048,2026-03-08,10,34
S00048,2026-03-09,10,47
S00049,2026-05-20,1,26
S00049,2026-05-21,1,62
S00049,2026-05-23,2,74
S00049,2026-05-25,3,20
S00049,2026-05-26,3,57
S00049,2026-05-26,4,68
S00049,2026-05-27,5,26
S00049,2026-05-28,5,22
S00049,2026-05-30,6,23
S00049,2026-05-31,6,24
S00049,2026-06-01,6,20
S00049,2026-06-02,7,42
S00049,2026-06-03,7,44
S00049,2026-06-03,8,74
S00049,2026-06-06,9,55
S00049,2026-06-07,10,58
S00049,2026-06-08,10,35
S00050,2026-03-04,1,64
S00050,2026-03-05,1,54
S00050,2026-03-06,1,58
S00050,2026-03-05,2,42
S00050,2026-03-06,2,36
S00050,2026-03-08,3,41
S00050,2026-03-09,3,28
S00050,2026-03-11,4,51
S00050,2026-03-14,5,64
S00050,2026-03-15,5,36
S00050,2026-03-16,5,74
S00050,2026-03-16,6,25
S00050,2026-03-18,7,73
S00050,2026-03-19,7,52
S00050,2026-03-21,8,70
S00050,2026-03-22,8,33
S00050,2026-03-24,9,28
S00050,2026-03-25,9,61
S00050,2026-03-27,10,66
S00050,2026-03-28,10,73
S00050,2026-03-29,10,38
S00051,2026-03-14,1,5
S00051,2026-03-15,2,7
S00052,2026-04-12,1,41
S00052,2026-04-13,1,25
S00052,2026-04-19,2,27
S00052,2026-04-20,2,17
S00052,2026-05-01,3,47
S00052,2026-05-02,3,9
S00052,2026-05-10,4,35
S00052,2026-05-11,4,49
S00052,2026-05-12,4,38
S00055,2026-05-04,1,14
S00055,2026-05-05,1,53
S00055,2026-05-06,1,57
S00055,2026-05-20,2,12
S00055,2026-05-21,2,42
S00056,2026-04-15,1,5
S00056,2026-04-17,2,6
S00057,2026-03-21,1,61
S00057,2026-03-22,1,48
S00057,2026-03-23,1,22
S00057,2026-03-23,2,59
S00057,2026-03-24,2,74
S00057,2026-03-26,3,50
S00057,2026-03-27,3,62
S00057,2026-03-28,4,28
S00057,2026-03-31,5,55
S00057,2026-04-02,6,56
S00057,2026-04-03,6,67
S00057,2026-04-05,7,71
S00057,2026-04-06,7,36
S00057,2026-04-08,8,26
S00057,2026-04-10,9,36
S00057,2026-04-13,10,40
S00057,2026-04-14,10,45
S00057,2026-04-15,10,55
S00058,2026-03-05,1,32
S00058,2026-03-08,2,59
S00058,2026-03-10,3,49
S00058,2026-03-11,3,31
S00058,2026-03-13,4,35
S00058,2026-03-14,4,36
S00058,2026-03-15,4,45
S00058,2026-03-16,5,42
S00058,2026-03-17,5,37
S00058,2026-03-18,6,66
S00058,2026-03-19,6,22
S00058,2026-03-20,7,20
S00058,2026-03-21,8,65
S00058,2026-03-22,8,32
S00058,2026-03-23,9,58
S00058,2026-03-24,9,72
S00058,2026-03-26,10,25
S00058,2026-03-27,10,43
S00058,2026-03-28,10,39
S00059,2026-01-29,1,41
S00059,2026-01-30,2,34
S00059,2026-01-31,2,24
S00059,2026-02-01,2,65
S00059,2026-02-01,3,65
S00059,2026-02-02,4,59
S00059,2026-02-03,4,32
S00059,2026-02-04,4,57
S00059,2026-02-05,5,73
S00059,2026-02-08,6,50
S00059,2026-02-09,6,46
S00059,2026-02-10,6,51
S00059,2026-02-09,7,54
S00059,2026-02-10,7,50
S00059,2026-02-11,7,34
S00059,2026-02-10,8,54
S00059,2026-02-13,9,70
S00059,2026-02-16,10,54
S00060,2026-04-27,1,62
S00060,2026-04-28,1,54
S00060,2026-04-29,1,22
S00060,2026-04-28,2,29
S00060,2026-04-29,3,38
S00060,2026-05-01,4,62
S00060,2026-05-04,5,43
S00060,2026-05-05,5,30
S00060,2026-05-06,5,65
S00060,2026-05-05,6,24
S00060,2026-05-06,6,70
S00060,2026-05-07,6,40
S00060,2026-05-07,7,61
S00060,2026-05-08,8,30
S00060,2026-05-09,8,51
S00060,2026-05-10,9,74
S00060,2026-05-11,9,73
S00060,2026-05-12,9,37
S00060,2026-05-11,10,60
S00060,2026-05-12,10,44
S00060,2026-05-13,10,60
S00061,2026-03-07,1,59
S00061,2026-03-08,1,31
S00061,2026-03-09,1,41
S00061,2026-03-08,2,65
S00061,2026-03-10,3,74
S00061,2026-03-12,4,57
S00061,2026-03-13,4,22
S00061,2026-03-14,5,68
S00061,2026-03-16,6,30
S00061,2026-03-17,6,27
S00061,2026-03-19,7,39
S00061,2026-03-20,7,27
S00061,2026-03-21,8,39
S00061,2026-03-23,9,62
S00061,2026-03-24,9,26
S00061,2026-03-26,10,67
S00061,2026-03-27,10,46
S00061,2026-03-28,10,72
S00062,2026-02-07,1,50
S00062,2026-02-08,1,74
S00062,2026-02-09,1,27
S00062,2026-02-08,2,65
S00062,2026-02-09,2,39
S00062,2026-02-11,3,36
S00062,2026-02-12,4,65
S00062,2026-02-13,4,30
S00062,2026-02-14,4,53
S00062,2026-02-14,5,39
S00062,2026-02-15,5,69
S00062,2026-02-16,6,56
S00062,2026-02-17,6,39
S00062,2026-02-18,6,22
S00062,2026-02-17,7,59
S00062,2026-02-18,7,30
S00062,2026-02-19,7,65
S00062,2026-02-19,8,58
S00062,2026-02-20,8,47
S00062,2026-02-20,9,51
S00062,2026-02-22,10,23
S00062,2026-02-23,10,50
S00063,2026-05-12,1,43
S00063,2026-05-13,1,23
S00063,2026-05-18,2,34
S00063,2026-05-19,2,45
S00063,2026-05-24,3,39
S00063,2026-05-25,3,50
S00063,2026-05-26,3,50
S00063,2026-06-02,4,18
S00063,2026-06-03,4,46
S00063,2026-06-12,5,17
S00063,2026-06-13,5,21
S00063,2026-06-14,5,36
S00063,2026-06-22,6,15
S00063,2026-06-23,6,18
S00063,2026-07-07,7,18
S00063,2026-07-08,7,16
S00063,2026-07-09,7,39
S00063,2026-07-14,8,35
S00064,2026-04-08,1,32
S00064,2026-04-10,2,49
S00064,2026-04-13,3,73
S00064,2026-04-15,4,57
S00064,2026-04-17,5,25
S00064,2026-04-20,6,22
S00064,2026-04-21,6,31
S00064,2026-04-23,7,24
S00064,2026-04-26,8,50
S00064,2026-04-29,9,23
S00064,2026-04-30,9,32
S00064,2026-05-01,10,68
S00064,2026-05-02,10,39
S00065,2026-05-10,1,43
S00065,2026-05-13,2,42
S00065,2026-05-16,3,66
S00065,2026-05-17,3,32
S00065,2026-05-17,4,35
S00065,2026-05-19,5,36
S00065,2026-05-20,5,49
S00065,2026-05-21,5,58
S00065,2026-05-21,6,65
S00065,2026-05-24,7,49
S00065,2026-05-25,8,71
S00065,2026-05-26,8,34
S00065,2026-05-27,8,28
S00065,2026-05-28,9,42
S00065,2026-05-29,10,71
S00066,2026-01-04,1,53
S00066,2026-01-05,1,35
S00066,2026-01-06,1,28
S00066,2026-01-05,2,33
S00066,2026-01-08,3,31
S00066,2026-01-09,3,20
S00066,2026-01-10,4,70
S00066,2026-01-11,4,30
S00066,2026-01-13,5,52
S00066,2026-01-15,6,69
S00066,2026-01-16,6,57
S00066,2026-01-18,7,27
S00066,2026-01-19,7,60
S00066,2026-01-21,8,43
S00066,2026-01-22,8,68
S00066,2026-01-23,8,40
S00066,2026-01-24,9,58
S00066,2026-01-25,9,47
S00066,2026-01-26,9,36
S00066,2026-01-26,10,57
S00066,2026-01-27,10,74
S00067,2026-03-11,1,62
S00067,2026-03-12,2,51
S00067,2026-03-13,2,36
S00067,2026-03-15,3,38
S00067,2026-03-16,3,54
S00067,2026-03-18,4,61
S00067,2026-03-19,5,31
S00067,2026-03-20,5,27
S00067,2026-03-21,5,43
S00067,2026-03-21,6,28
S00067,2026-03-22,6,66
S00067,2026-03-23,6,35
S00067,2026-03-24,7,64
S00067,2026-03-25,7,44
S00067,2026-03-26,8,73
S00067,2026-03-27,8,61
S00067,2026-03-28,9,22
S00067,2026-03-29,9,43
S00067,2026-03-30,9,24
S00067,2026-03-31,10,34
S00068,2026-02-19,1,32
S00068,2026-02-20,1,24
S00068,2026-02-21,1,35
S00068,2026-03-02,2,40
S00068,2026-03-03,2,13
S00068,2026-03-14,3,41
S00068,2026-03-15,3,46
S00069,2026-02-16,1,24
S00069,2026-02-19,2,42
S00069,2026-02-20,2,23
S00069,2026-02-21,2,46
S00069,2026-02-22,3,59
S00069,2026-02-23,3,42
S00069,2026-02-24,4,44
S00069,2026-02-25,4,71
S00069,2026-02-27,5,24
S00069,2026-02-28,5,64
S00069,2026-03-01,5,72
S00069,2026-03-02,6,57
S00069,2026-03-05,7,20
S00069,2026-03-06,7,59
S00069,2026-03-08,8,45
S00069,2026-03-09,8,32
S00069,2026-03-10,8,27
S00069,2026-03-11,9,40
S00069,2026-03-12,9,66
S00069,2026-03-14,10,31
S00071,2026-03-16,1,27
S00071,2026-03-30,2,27
S00071,2026-03-31,2,27
S00072,2026-03-21,1,65
S00072,2026-03-22,1,33
S00072,2026-03-23,1,66
S00072,2026-03-24,2,46
S00072,2026-03-25,2,32
S00072,2026-03-25,3,25
S00072,2026-03-26,3,24
S00072,2026-03-27,3,41
S00072,2026-03-26,4,45
S00072,2026-03-27,4,66
S00072,2026-03-28,5,69
S00072,2026-03-29,5,37
S00072,2026-03-29,6,33
S00072,2026-03-30,6,32
S00072,2026-04-01,7,38
S00072,2026-04-02,7,62
S00072,2026-04-03,7,66
S00072,2026-04-02,8,38
S00072,2026-04-03,8,39
S00072,2026-04-04,8,55
S00072,2026-04-04,9,36
S00072,2026-04-06,10,54
S00073,2026-02-28,1,66
S00073,2026-03-01,1,23
S00073,2026-03-02,1,59
S00073,2026-03-02,2,45
S00073,2026-03-05,3,73
S00073,2026-03-06,3,27
S00073,2026-03-07,3,43
S00073,2026-03-08,4,58
S00073,2026-03-11,5,58
S00073,2026-03-12,5,61
S00073,2026-03-13,5,35
S00073,2026-03-13,6,37
S00073,2026-03-14,6,69
S00073,2026-03-14,7,53
S00073,2026-03-15,7,62
S00073,2026-03-16,7,64
S00073,2026-03-16,8,65
S00073,2026-03-17,8,63
S00073,2026-03-19,9,51
S00073,2026-03-20,9,61
S00073,2026-03-21,10,56
S00074,2026-04-26,1,16
S00074,2026-04-27,1,29
S00074,2026-04-28,1,53
S00074,2026-05-05,2,30
S00074,2026-05-17,3,17
S00074,2026-05-18,3,20
S00074,2026-05-19,3,31
S00074,2026-06-03,4,29
S00075,2026-02-07,1,37
S00075,2026-02-08,1,22
S00075,2026-02-09,1,26
S00075,2026-02-24,2,24
S00076,2026-01-15,1,29
S00076,2026-01-16,1,14
S00076,2026-01-17,1,24
S00076,2026-01-20,2,28
S00076,2026-01-21,2,45
S00076,2026-01-22,2,36
S00076,2026-01-31,3,12
S00076,2026-02-12,4,46
S00076,2026-02-13,4,18
S00076,2026-02-14,4,19
S00076,2026-02-18,5,12
S00076,2026-03-01,6,25
S00076,2026-03-02,6,18
S00077,2026-05-07,1,48
S00077,2026-05-08,1,31
S00077,2026-05-09,1,25
S00077,2026-05-13,2,30
S00077,2026-05-19,3,44
S00077,2026-05-28,4,42
S00077,2026-06-08,5,23
S00077,2026-06-09,5,42
S00077,2026-06-10,5,10
S00077,2026-06-17,6,22
S00078,2026-03-11,1,61
S00078,2026-03-14,2,23
S00078,2026-03-15,2,38
S00078,2026-03-16,2,61
S00078,2026-03-15,3,50
S00078,2026-03-16,4,71
S00078,2026-03-17,4,29
S00078,2026-03-17,5,58
S00078,2026-03-18,5,72
S00078,2026-03-18,6,74
S00078,2026-03-19,6,40
S00078,2026-03-20,6,23
S00078,2026-03-21,7,31
S00078,2026-03-22,7,50
S00078,2026-03-24,8,66
S00078,2026-03-26,9,43
S00078,2026-03-27,9,23
S00078,2026-03-28,10,59
S00078,2026-03-29,10,69
S00078,2026-03-30,10,62
S00079,2026-01-14,1,68
S00079,2026-01-15,1,73
S00079,2026-01-16,1,21
S00079,2026-01-16,2,49
S00079,2026-01-17,2,39
S00079,2026-01-17,3,29
S00079,2026-01-18,4,60
S00079,2026-01-19,5,35
S00079,2026-01-20,5,64
S00079,2026-01-22,6,60
S00079,2026-01-23,6,35
S00079,2026-01-24,6,53
S00079,2026-01-23,7,28
S00079,2026-01-24,7,29
S00079,2026-01-26,8,20
S00079,2026-01-27,8,70
S00079,2026-01-28,9,21
S00079,2026-01-29,9,50
S00079,2026-01-30,9,33
S00079,2026-01-31,10,47
S00080,2026-01-26,1,33
S00080,2026-01-27,1,56
S00080,2026-01-28,2,31
S00080,2026-01-29,2,41
S00080,2026-01-29,3,33
S00080,2026-01-30,3,35
S00080,2026-01-30,4,64
S00080,2026-02-01,5,22
S00080,2026-02-02,5,42
S00080,2026-02-04,6,23
S00080,2026-02-06,7,50
S00080,2026-02-07,7,33
S00080,2026-02-08,7,25
S00080,2026-02-07,8,42
S00080,2026-02-10,9,51
S00080,2026-02-11,9,34
S00080,2026-02-11,10,66
S00080,2026-02-12,10,63
S00081,2026-01-29,1,15
S00081,2026-01-30,2,15
S00082,2026-02-06,1,35
S00082,2026-02-07,1,44
S00082,2026-02-14,2,16
S00082,2026-02-22,3,33
S00082,2026-02-23,3,16
S00082,2026-02-24,3,9
S00082,2026-03-08,4,35
S00082,2026-03-09,4,32
S00082,2026-03-10,4,22
S00083,2026-04-22,1,48
S00083,2026-04-23,1,39
S00083,2026-04-23,2,52
S00083,2026-04-24,2,22
S00083,2026-04-25,2,54
S00083,2026-04-24,3,58
S00083,2026-04-26,4,57
S00083,2026-04-27,4,46
S00083,2026-04-28,4,64
S00083,2026-04-27,5,41
S00083,2026-04-28,6,41
S00083,2026-04-30,7,67
S00083,2026-05-01,7,70
S00083,2026-05-01,8,67
S00083,2026-05-02,8,58
S00083,2026-05-03,8,70
S00083,2026-05-04,9,33
S00083,2026-05-05,9,30
S00083,2026-05-06,9,45
S00083,2026-05-07,10,53
S00083,2026-05-08,10,62
S00084,2026-04-27,1,47
S00084,2026-04-28,1,20
S00084,2026-04-30,2,66
S00084,2026-05-01,2,26
S00084,2026-05-01,3,31
S00084,2026-05-04,4,72
S00084,2026-05-05,4,56
S00084,2026-05-06,4,65
S00084,2026-05-05,5,73
S00084,2026-05-08,6,26
S00084,2026-05-11,7,60
S00084,2026-05-12,7,42
S00084,2026-05-13,8,66
S00084,2026-05-14,8,45
S00084,2026-05-15,8,44
S00084,2026-05-15,9,54
S00084,2026-05-16,9,49
S00084,2026-05-17,10,71
S00084,2026-05-18,10,48
S00085,2026-04-15,1,72
S00085,2026-04-16,1,73
S00085,2026-04-17,1,71
S00085,2026-04-18,2,61
S00085,2026-04-19,3,68
S00085,2026-04-20,3,60
S00085,2026-04-20,4,67
S00085,2026-04-21,4,69
S00085,2026-04-22,4,57
S00085,2026-04-21,5,53
S00085,2026-04-24,6,45
S00085,2026-04-25,6,23
S00085,2026-04-26,7,28
S00085,2026-04-27,7,54
S00085,2026-04-29,8,71
S00085,2026-04-30,8,62
S00085,2026-05-01,9,35
S00085,2026-05-04,10,50
S00085,2026-05-05,10,23
S00085,2026-05-06,10,56
S00086,2026-02-10,1,41
S00086,2026-02-11,1,30
S00086,2026-02-12,2,45
S00086,2026-02-13,2,72
S00086,2026-02-13,3,45
S00086,2026-02-14,3,42
S00086,2026-02-15,3,45
S00086,2026-02-15,4,38
S00086,2026-02-16,4,56
S00086,2026-02-17,5,49
S00086,2026-02-19,6,31
S00086,2026-02-21,7,31
S00086,2026-02-23,8,34
S00086,2026-02-26,9,63
S00086,2026-03-01,10,37
S00086,2026-03-02,10,63
S00086,2026-03-03,10,57
S00087,2026-04-23,1,46
S00087,2026-05-02,2,35
S00087,2026-05-03,2,31
S00087,2026-05-09,3,53
S00087,2026-05-25,4,38
S00088,2026-05-08,1,27
S00088,2026-05-11,2,18
S00088,2026-05-12,2,18
S00088,2026-05-13,2,30
S00088,2026-05-19,3,24
S00088,2026-05-20,3,21
S00088,2026-05-21,3,11
S00088,2026-05-28,4,40
S00088,2026-05-29,4,47
S00088,2026-06-07,5,20
S00088,2026-06-08,5,12
S00088,2026-06-09,5,29
S00088,2026-06-19,6,25
S00088,2026-06-26,7,13
S00088,2026-06-27,7,43
S00088,2026-07-13,8,25
S00088,2026-07-14,8,30
S00088,2026-07-15,8,7
S00090,2026-03-10,1,49
S00090,2026-03-11,1,64
S00090,2026-03-12,1,32
S00090,2026-03-12,2,66
S00090,2026-03-13,2,37
S00090,2026-03-15,3,69
S00090,2026-03-18,4,69
S00090,2026-03-21,5,38
S00090,2026-03-22,5,54
S00090,2026-03-23,5,58
S00090,2026-03-23,6,63
S00090,2026-03-26,7,74
S00090,2026-03-27,7,41
S00090,2026-03-28,7,42
S00090,2026-03-29,8,52
S00090,2026-03-30,8,38
S00090,2026-03-31,8,47
S00090,2026-03-31,9,56
S00090,2026-04-03,10,59
S00090,2026-04-04,10,35
S00090,2026-04-05,10,57
S00091,2026-02-26,1,65
S00091,2026-03-01,2,41
S00091,2026-03-02,2,40
S00091,2026-03-03,2,45
S00091,2026-03-02,3,20
S00091,2026-03-05,4,62
S00091,2026-03-06,4,62
S00091,2026-03-07,4,42
S00091,2026-03-07,5,34
S00091,2026-03-08,5,52
S00091,2026-03-09,5,40
S00091,2026-03-10,6,63
S00091,2026-03-13,7,59
S00091,2026-03-14,7,70
S00091,2026-03-15,7,61
S00091,2026-03-16,8,46
S00091,2026-03-17,8,28
S00091,2026-03-19,9,45
S00091,2026-03-20,10,68
S00092,2026-04-30,1,53
S00092,2026-05-07,2,21
S00092,2026-05-16,3,41
S00092,2026-05-17,3,32
S00092,2026-05-18,3,27
S00092,2026-05-23,4,7
S00092,2026-05-24,4,42
S00092,2026-06-02,5,20
S00093,2026-01-27,1,31
S00093,2026-01-28,1,45
S00093,2026-01-31,2,55
S00093,2026-02-06,3,50
S00093,2026-02-07,3,18
S00093,2026-02-08,3,38
S00093,2026-02-12,4,46
S00093,2026-02-13,4,15
S00093,2026-02-14,4,51
S00093,2026-02-21,5,9
S00093,2026-03-01,6,15
S00093,2026-03-18,7,9
S00093,2026-03-19,7,30
S00093,2026-03-20,7,11
S00094,2026-05-04,1,19
S00094,2026-05-12,2,31
S00094,2026-05-13,2,33
S00094,2026-05-14,2,39
S00094,2026-05-22,3,28
S00094,2026-05-23,3,52
S00094,2026-05-24,3,25
S00094,2026-06-01,4,12
S00094,2026-06-02,4,9
S00094,2026-06-10,5,23
S00094,2026-06-26,6,6
S00095,2026-01-21,1,42
S00095,2026-01-22,1,31
S00095,2026-01-23,1,37
S00095,2026-02-01,2,52
S00095,2026-02-02,2,27
S00095,2026-02-03,2,55
S00096,2026-01-08,1,25
S00096,2026-01-09,1,48
S00096,2026-01-10,1,44
S00096,2026-01-11,2,70
S00096,2026-01-12,2,53
S00096,2026-01-13,3,33
S00096,2026-01-14,4,58
S00096,2026-01-15,4,49
S00096,2026-01-16,5,26
S00096,2026-01-17,5,28
S00096,2026-01-18,5,64
S00096,2026-01-19,6,23
S00096,2026-01-20,6,54
S00096,2026-01-20,7,46
S00096,2026-01-21,7,20
S00096,2026-01-22,7,46
S00096,2026-01-23,8,60
S00096,2026-01-24,8,30
S00096,2026-01-25,8,61
S00096,2026-01-26,9,60
S00096,2026-01-27,10,71
S00096,2026-01-28,10,66
S00096,2026-01-29,10,54
S00097,2026-03-05,1,69
S00097,2026-03-06,1,73
S00097,2026-03-08,2,25
S00097,2026-03-09,2,46
S00097,2026-03-10,2,34
S00097,2026-03-11,3,22
S00097,2026-03-12,3,66
S00097,2026-03-13,3,32
S00097,2026-03-12,4,71
S00097,2026-03-13,4,68
S00097,2026-03-14,5,34
S00097,2026-03-15,5,63
S00097,2026-03-15,6,37
S00097,2026-03-16,6,73
S00097,2026-03-18,7,44
S00097,2026-03-19,7,57
S00097,2026-03-20,7,33
S00097,2026-03-20,8,36
S00097,2026-03-21,8,56
S00097,2026-03-22,9,39
S00097,2026-03-24,10,68
S00097,2026-03-25,10,62
S00098,2026-05-11,1,53
S00098,2026-05-12,1,49
S00098,2026-05-13,1,25
S00098,2026-05-12,2,24
S00098,2026-05-15,3,56
S00098,2026-05-16,4,21
S00098,2026-05-17,4,28
S00098,2026-05-18,5,41
S00098,2026-05-19,5,53
S00098,2026-05-20,6,37
S00098,2026-05-23,7,20
S00098,2026-05-24,8,46
S00098,2026-05-25,8,62
S00098,2026-05-26,9,74
S00098,2026-05-28,10,35
S00098,2026-05-29,10,53
S00099,2026-02-26,1,73
S00099,2026-02-27,1,32
S00099,2026-03-01,2,61
S00099,2026-03-02,2,36
S00099,2026-03-03,2,34
S00099,2026-03-03,3,49
S00099,2026-03-04,3,53
S00099,2026-03-05,3,23
S00099,2026-03-05,4,26
S00099,2026-03-06,4,59
S00099,2026-03-07,5,23
S00099,2026-03-09,6,48
S00099,2026-03-10,6,40
S00099,2026-03-11,6,45
S00099,2026-03-12,7,31
S00099,2026-03-13,7,61
S00099,2026-03-14,7,70
S00099,2026-03-15,8,27
S00099,2026-03-16,8,20
S00099,2026-03-18,9,38
S00099,2026-03-19,9,41
S00099,2026-03-20,9,74
S00099,2026-03-20,10,41
S00100,2026-02-12,1,49
S00100,2026-02-13,1,67
S00100,2026-02-14,1,37
S00100,2026-02-14,2,44
S00100,2026-02-15,2,34
S00100,2026-02-16,2,65
S00100,2026-02-17,3,63
S00100,2026-02-18,3,53
S00100,2026-02-19,3,54
S00100,2026-02-18,4,48
S00100,2026-02-19,5,20
S00100,2026-02-20,5,46
S00100,2026-02-21,5,40
S00100,2026-02-22,6,73
S00100,2026-02-23,7,62
S00100,2026-02-24,7,36
S00100,2026-02-24,8,63
S00100,2026-02-25,8,34
S00100,2026-02-26,8,53
S00100,2026-02-26,9,35
S00100,2026-02-27,9,26
S00100,2026-02-28,10,36
S00100,2026-03-01,10,56
S00101,2026-02-02,1,66
S00101,2026-02-03,1,72
S00101,2026-02-04,2,64
S00101,2026-02-05,2,52
S00101,2026-02-07,3,45
S00101,2026-02-08,3,52
S00101,2026-02-09,3,34
S00101,2026-02-10,4,24
S00101,2026-02-11,4,21
S00101,2026-02-12,4,74
S00101,2026-02-13,5,74
S00101,2026-02-14,5,35
S00101,2026-02-15,6,34
S00101,2026-02-16,6,22
S00101,2026-02-17,6,42
S00101,2026-02-16,7,42
S00101,2026-02-18,8,37
S00101,2026-02-19,8,62
S00101,2026-02-20,8,26
S00101,2026-02-19,9,71
S00101,2026-02-20,9,51
S00101,2026-02-21,10,45
S00101,2026-02-22,10,53
S00101,2026-02-23,10,49
S00102,2026-04-15,1,24
S00102,2026-04-16,1,28
S00102,2026-04-17,1,53
S00102,2026-04-23,2,12
S00102,2026-04-24,2,46
S00102,2026-05-10,3,19
S00103,2026-02-12,1,36
S00103,2026-02-14,2,43
S00103,2026-02-15,3,72
S00103,2026-02-17,4,30
S00103,2026-02-18,4,40
S00103,2026-02-18,5,64
S00103,2026-02-19,5,36
S00103,2026-02-19,6,37
S00103,2026-02-21,7,48
S00103,2026-02-24,8,62
S00103,2026-02-25,8,63
S00103,2026-02-26,8,28
S00103,2026-02-27,9,47
S00103,2026-02-28,9,56
S00103,2026-03-01,9,74
S00103,2026-03-01,10,45
S00104,2026-03-26,1,52
S00104,2026-03-27,1,61
S00104,2026-03-27,2,22
S00104,2026-03-30,3,54
S00104,2026-03-31,3,27
S00104,2026-03-31,4,26
S00104,2026-04-01,4,65
S00104,2026-04-01,5,20
S00104,2026-04-02,5,68
S00104,2026-04-03,6,58
S00104,2026-04-06,7,33
S00104,2026-04-08,8,26
S00104,2026-04-09,8,52
S00104,2026-04-11,9,71
S00104,2026-04-12,9,23
S00104,2026-04-13,9,45
S00104,2026-04-13,10,68
S00104,2026-04-14,10,31
S00105,2026-03-21,1,14
S00106,2026-03-08,1,34
S00106,2026-03-09,1,32
S00106,2026-03-10,1,42
S00106,2026-03-10,2,65
S00106,2026-03-11,2,22
S00106,2026-03-12,2,74
S00106,2026-03-12,3,35
S00106,2026-03-13,3,38
S00106,2026-03-13,4,25
S00106,2026-03-14,4,32
S00106,2026-03-15,5,73
S00106,2026-03-16,5,49
S00106,2026-03-17,5,72
S00106,2026-03-18,6,25
S00106,2026-03-19,6,39
S00106,2026-03-20,6,46
S00106,2026-03-21,7,24
S00106,2026-03-22,7,30
S00106,2026-03-23,7,34
S00106,2026-03-22,8,72
S00106,2026-03-23,8,56
S00106,2026-03-24,8,28
S00106,2026-03-23,9,36
S00106,2026-03-24,9,45
S00106,2026-03-24,10,57
S00106,2026-03-25,10,27
S00106,2026-03-26,10,61
S00107,2026-01-16,1,65
S00107,2026-01-17,1,53
S00107,2026-01-18,1,60
S00107,2026-01-17,2,22
S00107,2026-01-20,3,32
S00107,2026-01-21,3,53
S00107,2026-01-22,4,23
S00107,2026-01-25,5,31
S00107,2026-01-26,5,36
S00107,2026-01-27,6,70
S00107,2026-01-28,7,31
S00107,2026-01-29,7,28
S00107,2026-01-30,7,21
S00107,2026-01-31,8,55
S00107,2026-02-01,9,31
S00107,2026-02-02,9,33
S00107,2026-02-03,10,41
S00108,2026-01-22,1,50
S00108,2026-01-23,1,50
S00108,2026-01-29,2,27
S00108,2026-01-30,2,48
S00108,2026-02-04,3,47
S00108,2026-02-14,4,48
S00108,2026-02-15,4,38
S00108,2026-02-21,5,44
S00108,2026-02-27,6,35
S00108,2026-02-28,6,39
S00108,2026-03-10,7,24
S00108,2026-03-11,7,8
S00108,2026-03-22,8,9
S00109,2026-01-14,1,38
S00109,2026-01-15,1,37
S00109,2026-01-17,2,42
S00109,2026-01-18,2,73
S00109,2026-01-19,3,27
S00109,2026-01-20,4,49
S00109,2026-01-21,4,73
S00109,2026-01-21,5,45
S00109,2026-01-22,5,59
S00109,2026-01-23,5,31
S00109,2026-01-23,6,56
S00109,2026-01-26,7,26
S00109,2026-01-29,8,28
S00109,2026-01-30,8,51
S00109,2026-01-30,9,30
S00109,2026-01-31,10,72
S00110,2026-04-19,1,59
S00110,2026-04-20,1,47
S00110,2026-04-21,1,51
S00110,2026-04-22,2,25
S00110,2026-04-25,3,56
S00110,2026-04-26,3,42
S00110,2026-04-26,4,46
S00110,2026-04-27,5,35
S00110,2026-04-28,5,49
S00110,2026-04-29,5,23
S00110,2026-04-30,6,61
S00110,2026-05-02,7,67
S00110,2026-05-03,8,73
S00110,2026-05-06,9,53
S00110,2026-05-07,10,61
S00110,2026-05-08,10,64
S00110,2026-05-09,10,67
S00111,2026-03-10,1,60
S00111,2026-03-11,1,27
S00111,2026-03-12,1,56
S00111,2026-03-13,2,34
S00111,2026-03-14,3,38
S00111,2026-03-16,4,37
S00111,2026-03-17,4,35
S00111,2026-03-18,4,59
S00111,2026-03-19,5,55
S00111,2026-03-20,5,56
S00111,2026-03-20,6,37
S00111,2026-03-22,7,74
S00111,2026-03-23,7,53
S00111,2026-03-24,7,60
S00111,2026-03-23,8,64
S00111,2026-03-25,9,53
S00111,2026-03-28,10,36
S00111,2026-03-29,10,67
S00112,2026-04-02,1,42
S00112,2026-04-03,1,41
S00112,2026-04-05,2,23
S00112,2026-04-07,3,43
S00112,2026-04-09,4,66
S00112,2026-04-10,4,50
S00112,2026-04-11,4,66
S00112,2026-04-12,5,53
S00112,2026-04-13,5,74
S00112,2026-04-14,5,43
S00112,2026-04-14,6,66
S00112,2026-04-17,7,63
S00112,2026-04-18,7,49
S00112,2026-04-19,8,41
S00112,2026-04-21,9,68
S00112,2026-04-22,9,31
S00112,2026-04-23,9,74
S00112,2026-04-24,10,42
S00112,2026-04-25,10,73
S00114,2026-05-29,1,57
S00114,2026-05-30,1,30
S00114,2026-06-07,2,54
S00114,2026-06-20,3,40
S00114,2026-06-21,3,50
S00115,2026-05-24,1,20
S00115,2026-06-02,2,31
S00115,2026-06-03,2,19
S00115,2026-06-13,3,48
S00116,2026-05-22,1,18
S00117,2026-02-11,1,13
S00117,2026-02-21,2,35
S00117,2026-02-22,2,38
S00117,2026-03-07,3,37
S00118,2026-05-12,1,60
S00118,2026-05-13,1,59
S00118,2026-05-14,1,22
S00118,2026-05-13,2,39
S00118,2026-05-14,2,71
S00118,2026-05-15,2,63
S00118,2026-05-14,3,67
S00118,2026-05-15,3,42
S00118,2026-05-16,3,25
S00118,2026-05-15,4,42
S00118,2026-05-16,5,38
S00118,2026-05-17,5,38
S00118,2026-05-19,6,61
S00118,2026-05-20,6,39
S00118,2026-05-22,7,21
S00118,2026-05-23,7,55
S00118,2026-05-24,7,38
S00118,2026-05-25,8,72
S00118,2026-05-26,8,73
S00118,2026-05-28,9,23
S00118,2026-05-29,10,31
S00118,2026-05-30,10,23
S00120,2026-02-28,1,49
S00120,2026-03-03,2,20
S00120,2026-03-04,3,47
S00120,2026-03-05,3,43
S00120,2026-03-06,3,54
S00120,2026-03-05,4,68
S00120,2026-03-07,5,51
S00120,2026-03-08,5,58
S00120,2026-03-09,5,41
S00120,2026-03-09,6,47
S00120,2026-03-10,6,37
S00120,2026-03-11,6,58
S00120,2026-03-11,7,50
S00120,2026-03-12,7,53
S00120,2026-03-13,8,28
S00120,2026-03-14,8,28
S00120,2026-03-16,9,54
S00120,2026-03-17,9,37
S00120,2026-03-18,9,24
S00120,2026-03-18,10,39
S00120,2026-03-19,10,44
S00120,2026-03-20,10,47
S00121,2026-06-02,1,16
S00121,2026-06-03,1,27
S00121,2026-06-04,1,36
S00121,2026-06-09,2,54
S00121,2026-06-14,3,23
S00121,2026-06-15,3,38
S00121,2026-06-23,4,45
S00121,2026-06-24,4,40
S00121,2026-06-25,4,12
S00121,2026-06-29,5,18
S00121,2026-06-30,5,10
S00121,2026-07-01,5,41
S00121,2026-07-09,6,5
S00121,2026-07-10,6,14
S00121,2026-07-21,7,5
S00121,2026-07-22,7,10
S00122,2026-05-18,1,9
S00122,2026-05-20,2,8
S00123,2026-01-04,1,59
S00123,2026-01-07,2,63
S00123,2026-01-08,2,44
S00123,2026-01-09,2,59
S00123,2026-01-09,3,32
S00123,2026-01-10,3,46
S00123,2026-01-10,4,36
S00123,2026-01-11,4,60
S00123,2026-01-12,4,21
S00123,2026-01-12,5,45
S00123,2026-01-13,5,41
S00123,2026-01-14,5,66
S00123,2026-01-15,6,31
S00123,2026-01-16,6,43
S00123,2026-01-17,6,24
S00123,2026-01-18,7,60
S00123,2026-01-19,8,52
S00123,2026-01-20,8,59
S00123,2026-01-20,9,22
S00123,2026-01-21,9,24
S00123,2026-01-22,9,45
S00123,2026-01-23,10,29
S00124,2026-03-11,1,64
S00124,2026-03-12,1,26
S00124,2026-03-13,1,64
S00124,2026-03-12,2,51
S00124,2026-03-13,2,39
S00124,2026-03-14,2,53
S00124,2026-03-13,3,58
S00124,2026-03-14,3,36
S00124,2026-03-15,3,64
S00124,2026-03-14,4,46
S00124,2026-03-15,4,65
S00124,2026-03-16,4,25
S00124,2026-03-16,5,34
S00124,2026-03-17,6,71
S00124,2026-03-19,7,24
S00124,2026-03-20,7,58
S00124,2026-03-21,7,37
S00124,2026-03-20,8,49
S00124,2026-03-22,9,61
S00124,2026-03-23,9,67
S00124,2026-03-24,9,63
S00124,2026-03-23,10,57
S00124,2026-03-24,10,54
S00125,2026-04-05,1,24
S00125,2026-04-06,1,74
S00125,2026-04-07,1,47
S00125,2026-04-06,2,49
S00125,2026-04-07,2,64
S00125,2026-04-08,2,46
S00125,2026-04-09,3,57
S00125,2026-04-11,4,34
S00125,2026-04-14,5,48
S00125,2026-04-16,6,48
S00125,2026-04-17,6,71
S00125,2026-04-18,6,30
S00125,2026-04-18,7,46
S00125,2026-04-19,7,52
S00125,2026-04-20,7,40
S00125,2026-04-20,8,21
S00125,2026-04-21,8,46
S00125,2026-04-23,9,20
S00125,2026-04-24,9,54
S00125,2026-04-26,10,44
S00126,2026-02-22,1,63
S00126,2026-02-23,1,29
S00126,2026-02-24,2,57
S00126,2026-02-25,2,50
S00126,2026-02-26,3,68
S00126,2026-02-27,4,29
S00126,2026-02-28,4,24
S00126,2026-03-01,4,65
S00126,2026-03-01,5,63
S00126,2026-03-02,5,45
S00126,2026-03-03,5,27
S00126,2026-03-04,6,35
S00126,2026-03-05,6,20
S00126,2026-03-06,6,35
S00126,2026-03-07,7,32
S00126,2026-03-08,7,35
S00126,2026-03-09,7,74
S00126,2026-03-09,8,46
S00126,2026-03-10,8,57
S00126,2026-03-10,9,27
S00126,2026-03-11,9,27
S00126,2026-03-12,9,52
S00126,2026-03-12,10,27
S00127,2026-01-26,1,41
S00127,2026-02-03,2,47
S00127,2026-02-15,3,39
S00127,2026-02-16,3,22
S00129,2026-03-14,1,61
S00129,2026-03-15,2,65
S00129,2026-03-16,2,21
S00129,2026-03-17,2,44
S00129,2026-03-18,3,42
S00129,2026-03-19,4,22
S00129,2026-03-20,4,25
S00129,2026-03-21,5,37
S00129,2026-03-22,5,42
S00129,2026-03-23,6,39
S00129,2026-03-24,7,36
S00129,2026-03-25,8,60
S00129,2026-03-26,8,66
S00129,2026-03-28,9,43
S00129,2026-03-29,9,41
S00129,2026-03-30,9,63
S00129,2026-03-29,10,43
S00130,2026-01-31,1,70
S00130,2026-02-03,2,53
S00130,2026-02-06,3,70
S00130,2026-02-07,3,23
S00130,2026-02-09,4,29
S00130,2026-02-11,5,60
S00130,2026-02-12,5,61
S00130,2026-02-13,5,69
S00130,2026-02-14,6,31
S00130,2026-02-15,6,26
S00130,2026-02-16,6,68
S00130,2026-02-17,7,60
S00130,2026-02-18,7,26
S00130,2026-02-19,8,55
S00130,2026-02-22,9,73
S00130,2026-02-23,9,55
S00130,2026-02-25,10,24
S00131,2026-04-18,1,55
S00131,2026-04-19,2,69
S00131,2026-04-20,2,35
S00131,2026-04-21,3,40
S00131,2026-04-22,3,55
S00131,2026-04-24,4,48
S00131,2026-04-25,4,73
S00131,2026-04-26,4,45
S00131,2026-04-27,5,28
S00131,2026-04-28,5,50
S00131,2026-04-29,5,33
S00131,2026-04-29,6,33
S00131,2026-04-30,6,52
S00131,2026-05-02,7,66
S00131,2026-05-03,7,70
S00131,2026-05-05,8,38
S00131,2026-05-06,9,33
S00131,2026-05-07,9,74
S00131,2026-05-08,9,31
S00131,2026-05-07,10,61
S00131,2026-05-08,10,51
S00132,2026-03-12,1,68
S00132,2026-03-14,2,48
S00132,2026-03-15,3,25
S00132,2026-03-16,3,61
S00132,2026-03-17,3,48
S00132,2026-03-17,4,68
S00132,2026-03-18,4,63
S00132,2026-03-20,5,22
S00132,2026-03-21,5,70
S00132,2026-03-22,6,64
S00132,2026-03-23,6,61
S00132,2026-03-25,7,67
S00132,2026-03-26,7,44
S00132,2026-03-28,8,52
S00132,2026-03-29,8,47
S00132,2026-03-30,9,73
S00132,2026-03-31,10,61
S00133,2026-01-31,1,45
S00133,2026-02-01,1,49
S00133,2026-02-02,1,28
S00133,2026-02-03,2,23
S00133,2026-02-04,2,44
S00133,2026-02-06,3,74
S00133,2026-02-07,3,42
S00133,2026-02-08,3,28
S00133,2026-02-08,4,63
S00133,2026-02-10,5,32
S00133,2026-02-11,5,65
S00133,2026-02-12,6,62
S00133,2026-02-13,6,44
S00133,2026-02-14,7,25
S00133,2026-02-15,7,73
S00133,2026-02-16,7,74
S00133,2026-02-17,8,43
S00133,2026-02-18,8,72
S00133,2026-02-19,9,61
S00133,2026-02-21,10,58
S00133,2026-02-22,10,53
S00133,2026-02-23,10,45
S00134,2026-04-16,1,72
S00134,2026-04-17,1,49
S00134,2026-04-19,2,49
S00134,2026-04-20,3,28
S00134,2026-04-21,3,70
S00134,2026-04-22,3,39
S00134,2026-04-23,4,30
S00134,2026-04-26,5,46
S00134,2026-04-27,5,59
S00134,2026-04-28,5,51
S00134,2026-04-28,6,48
S00134,2026-04-29,6,58
S00134,2026-05-01,7,38
S00134,2026-05-04,8,45
S00134,2026-05-05,8,51
S00134,2026-05-06,8,31
S00134,2026-05-06,9,24
S00134,2026-05-07,10,34
S00134,2026-05-08,10,32
S00135,2026-04-09,1,9
S00135,2026-04-11,2,17
S00136,2026-05-12,1,69
S00136,2026-05-13,1,57
S00136,2026-05-14,2,60
S00136,2026-05-15,2,27
S00136,2026-05-16,2,47
S00136,2026-05-17,3,48
S00136,2026-05-18,3,25
S00136,2026-05-19,4,45
S00136,2026-05-20,4,58
S00136,2026-05-21,5,70
S00136,2026-05-22,5,42
S00136,2026-05-23,6,32
S00136,2026-05-24,7,28
S00136,2026-05-25,7,34
S00136,2026-05-26,7,71
S00136,2026-05-25,8,70
S00136,2026-05-26,8,53
S00136,2026-05-28,9,61
S00136,2026-05-29,9,25
S00136,2026-05-30,9,74
S00136,2026-05-29,10,22
S00136,2026-05-30,10,37
S00136,2026-05-31,10,58
S00137,2026-05-16,1,49
S00137,2026-05-17,2,47
S00137,2026-05-18,2,48
S00137,2026-05-19,2,37
S00137,2026-05-18,3,56
S00137,2026-05-19,3,64
S00137,2026-05-21,4,55
S00137,2026-05-22,4,30
S00137,2026-05-24,5,34
S00137,2026-05-25,5,50
S00137,2026-05-27,6,68
S00137,2026-05-28,6,51
S00137,2026-05-30,7,57
S00137,2026-05-31,7,50
S00137,2026-06-01,8,22
S00137,2026-06-02,9,72
S00137,2026-06-04,10,28
S00137,2026-06-05,10,57
S00138,2026-04-22,1,29
S00138,2026-05-01,2,32
S00138,2026-05-02,2,33
S00138,2026-05-11,3,35
S00138,2026-05-12,3,10
S00138,2026-05-13,3,32
S00138,2026-05-23,4,34
S00138,2026-05-24,4,37
S00138,2026-05-25,4,17
S00139,2026-01-03,1,24
S00139,2026-01-04,2,39
S00139,2026-01-06,3,21
S00139,2026-01-07,4,52
S00139,2026-01-08,4,20
S00139,2026-01-09,4,70
S00139,2026-01-10,5,70
S00139,2026-01-12,6,53
S00139,2026-01-13,7,73
S00139,2026-01-14,7,22
S00139,2026-01-15,7,72
S00139,2026-01-14,8,52
S00139,2026-01-15,8,27
S00139,2026-01-16,9,64
S00139,2026-01-17,10,51
S00139,2026-01-18,10,43
S00140,2026-05-19,1,6
S00142,2026-03-17,1,37
S00142,2026-03-19,2,74
S00142,2026-03-21,3,48
S00142,2026-03-22,3,42
S00142,2026-03-22,4,44
S00142,2026-03-23,5,36
S00142,2026-03-24,5,33
S00142,2026-03-25,5,48
S00142,2026-03-26,6,58
S00142,2026-03-29,7,65
S00142,2026-03-30,7,52
S00142,2026-03-31,8,52
S00142,2026-04-03,9,54
S00142,2026-04-04,9,56
S00142,2026-04-04,10,29
S00142,2026-04-05,10,43
S00143,2026-05-10,1,35
S00143,2026-05-11,1,59
S00143,2026-05-12,1,31
S00143,2026-05-11,2,62
S00143,2026-05-12,2,55
S00143,2026-05-12,3,43
S00143,2026-05-13,3,46
S00143,2026-05-14,4,47
S00143,2026-05-16,5,52
S00143,2026-05-17,5,74
S00143,2026-05-18,5,20
S00143,2026-05-17,6,66
S00143,2026-05-18,6,34
S00143,2026-05-18,7,73
S00143,2026-05-19,7,26
S00143,2026-05-20,8,43
S00143,2026-05-21,8,50
S00143,2026-05-22,8,48
S00143,2026-05-21,9,59
S00143,2026-05-22,9,55
S00143,2026-05-22,10,73
S00143,2026-05-23,10,46
S00143,2026-05-24,10,44
S00144,2026-05-28,1,54
S00144,2026-05-30,2,41
S00144,2026-05-31,2,38
S00144,2026-06-02,3,50
S00144,2026-06-03,3,68
S00144,2026-06-04,3,67
S00144,2026-06-04,4,38
S00144,2026-06-05,4,31
S00144,2026-06-06,4,34
S00144,2026-06-05,5,48
S00144,2026-06-06,5,69
S00144,2026-06-07,5,62
S00144,2026-06-08,6,69
S00144,2026-06-09,6,57
S00144,2026-06-10,7,27
S00144,2026-06-11,7,48
S00144,2026-06-12,7,30
S00144,2026-06-13,8,69
S00144,2026-06-14,8,33
S00144,2026-06-14,9,30
S00144,2026-06-15,9,63
S00144,2026-06-16,9,31
S00144,2026-06-17,10,47
S00144,2026-06-18,10,30
S00145,2026-05-21,1,67
S00145,2026-05-22,1,41
S00145,2026-05-23,1,40
S00145,2026-05-23,2,32
S00145,2026-05-24,2,24
S00145,2026-05-25,2,23
S00145,2026-05-24,3,70
S00145,2026-05-25,4,37
S00145,2026-05-26,4,52
S00145,2026-05-26,5,62
S00145,2026-05-28,6,22
S00145,2026-05-29,6,31
S00145,2026-05-29,7,21
S00145,2026-05-30,7,34
S00145,2026-06-01,8,47
S00145,2026-06-02,8,33
S00145,2026-06-02,9,25
S00145,2026-06-03,9,70
S00145,2026-06-04,10,43
S00146,2026-02-19,1,73
S00146,2026-02-20,1,43
S00146,2026-02-20,2,47
S00146,2026-02-21,2,59
S00146,2026-02-22,2,26
S00146,2026-02-22,3,54
S00146,2026-02-23,3,71
S00146,2026-02-25,4,33
S00146,2026-02-26,4,37
S00146,2026-02-27,5,72
S00146,2026-03-02,6,52
S00146,2026-03-04,7,66
S00146,2026-03-05,7,45
S00146,2026-03-06,7,56
S00146,2026-03-07,8,58
S00146,2026-03-08,8,47
S00146,2026-03-09,8,33
S00146,2026-03-09,9,63
S00146,2026-03-10,9,67
S00146,2026-03-10,10,63
S00146,2026-03-11,10,50
S00146,2026-03-12,10,66
S00147,2026-03-30,1,35
S00147,2026-03-31,1,19
S00147,2026-04-01,1,46
S00147,2026-04-05,2,55
S00147,2026-04-11,3,23
S00147,2026-04-12,3,24
S00147,2026-04-13,3,35
S00147,2026-04-22,4,20
S00147,2026-04-23,4,39
S00147,2026-04-24,4,16
S00147,2026-05-07,5,15
S00147,2026-05-08,5,6
S00148,2026-05-04,1,21
S00148,2026-05-05,1,48
S00148,2026-05-06,1,52
S00148,2026-05-07,2,73
S00148,2026-05-09,3,59
S00148,2026-05-10,3,64
S00148,2026-05-11,3,38
S00148,2026-05-10,4,59
S00148,2026-05-11,4,51
S00148,2026-05-12,5,61
S00148,2026-05-15,6,69
S00148,2026-05-16,6,26
S00148,2026-05-17,6,34
S00148,2026-05-16,7,74
S00148,2026-05-17,7,65
S00148,2026-05-18,7,43
S00148,2026-05-18,8,67
S00148,2026-05-19,8,27
S00148,2026-05-20,8,58
S00148,2026-05-19,9,57
S00148,2026-05-20,9,27
S00148,2026-05-21,10,63
S00148,2026-05-22,10,36
S00148,2026-05-23,10,52
S00149,2026-04-29,1,52
S00149,2026-04-30,2,40
S00149,2026-05-02,3,32
S00149,2026-05-03,3,20
S00149,2026-05-04,3,39
S00149,2026-05-04,4,68
S00149,2026-05-07,5,44
S00149,2026-05-08,5,68
S00149,2026-05-10,6,73
S00149,2026-05-11,6,55
S00149,2026-05-12,7,58
S00149,2026-05-13,7,59
S00149,2026-05-14,8,49
S00149,2026-05-17,9,71
S00149,2026-05-20,10,41
S00149,2026-05-21,10,48
S00149,2026-05-22,10,30
S00150,2026-04-16,1,74
S00150,2026-04-17,1,58
S00150,2026-04-18,1,61
S00150,2026-04-17,2,53
S00150,2026-04-20,3,55
S00150,2026-04-21,3,44
S00150,2026-04-22,3,43
S00150,2026-04-22,4,50
S00150,2026-04-25,5,50
S00150,2026-04-26,5,59
S00150,2026-04-27,5,34
S00150,2026-04-27,6,28
S00150,2026-04-29,7,44
S00150,2026-04-30,7,32
S00150,2026-05-01,7,74
S00150,2026-04-30,8,62
S00150,2026-05-01,8,73
S00150,2026-05-03,9,70
S00150,2026-05-06,10,57
S00150,2026-05-07,10,51
S00150,2026-05-08,10,22
S00151,2026-05-01,1,12
S00152,2026-04-03,1,61
S00152,2026-04-05,2,46
S00152,2026-04-06,2,67
S00152,2026-04-07,3,68
S00152,2026-04-08,4,27
S00152,2026-04-09,4,57
S00152,2026-04-10,4,57
S00152,2026-04-10,5,63
S00152,2026-04-11,5,31
S00152,2026-04-12,5,74
S00152,2026-04-11,6,61
S00152,2026-04-12,6,67
S00152,2026-04-13,6,31
S00152,2026-04-14,7,63
S00152,2026-04-15,7,62
S00152,2026-04-16,8,73
S00152,2026-04-17,8,24
S00152,2026-04-17,9,45
S00152,2026-04-18,9,71
S00152,2026-04-18,10,47
S00153,2026-05-14,1,48
S00153,2026-05-15,1,35
S00153,2026-05-17,2,33
S00153,2026-05-18,2,58
S00153,2026-05-19,2,56
S00153,2026-05-20,3,59
S00153,2026-05-21,3,52
S00153,2026-05-22,4,68
S00153,2026-05-23,4,73
S00153,2026-05-24,4,42
S00153,2026-05-25,5,44
S00153,2026-05-26,5,22
S00153,2026-05-27,6,63
S00153,2026-05-28,7,29
S00153,2026-05-29,7,54
S00153,2026-05-30,7,39
S00153,2026-05-31,8,68
S00153,2026-06-01,8,55
S00153,2026-06-02,8,42
S00153,2026-06-02,9,60
S00153,2026-06-03,9,66
S00153,2026-06-03,10,59
S00154,2026-02-12,1,72
S00154,2026-02-13,1,70
S00154,2026-02-14,2,71
S00154,2026-02-15,2,67
S00154,2026-02-15,3,31
S00154,2026-02-18,4,74
S00154,2026-02-19,4,20
S00154,2026-02-19,5,71
S00154,2026-02-21,6,48
S00154,2026-02-24,7,43
S00154,2026-02-25,7,30
S00154,2026-02-27,8,23
S00154,2026-02-28,8,55
S00154,2026-03-01,8,47
S00154,2026-03-02,9,56
S00154,2026-03-03,9,58
S00154,2026-03-04,10,30
S00154,2026-03-05,10,50
S00154,2026-03-06,10,48
S00155,2026-04-14,1,6
S00155,2026-04-16,2,15
S00156,2026-01-17,1,36
S00156,2026-01-20,2,57
S00156,2026-01-21,2,27
S00156,2026-01-22,2,32
S00156,2026-01-21,3,30
S00156,2026-01-22,3,43
S00156,2026-01-23,4,58
S00156,2026-01-24,4,38
S00156,2026-01-25,4,25
S00156,2026-01-26,5,21
S00156,2026-01-27,5,38
S00156,2026-01-28,5,23
S00156,2026-01-27,6,47
S00156,2026-01-28,7,20
S00156,2026-01-30,8,47
S00156,2026-01-31,8,30
S00156,2026-01-31,9,39
S00156,2026-02-03,10,60
S00156,2026-02-04,10,33
S00157,2026-04-07,1,34
S00157,2026-04-13,2,31
S00157,2026-04-14,2,23
S00157,2026-04-22,3,28
S00157,2026-04-23,3,41
S00157,2026-04-24,3,22
S00157,2026-05-04,4,34
S00157,2026-05-13,5,19
S00157,2026-05-14,5,26
S00158,2026-04-27,1,25
S00158,2026-04-28,1,39
S00158,2026-05-04,2,40
S00158,2026-05-05,2,45
S00158,2026-05-06,2,24
S00158,2026-05-15,3,28
S00158,2026-05-16,3,19
S00158,2026-05-17,3,42
S00158,2026-05-30,4,51
S00158,2026-05-31,4,43
S00158,2026-06-01,4,12
S00159,2026-03-30,1,45
S00159,2026-03-31,1,27
S00159,2026-04-01,1,70
S00159,2026-03-31,2,73
S00159,2026-04-01,2,54
S00159,2026-04-02,3,31
S00159,2026-04-03,3,57
S00159,2026-04-04,4,58
S00159,2026-04-05,4,26
S00159,2026-04-07,5,32
S00159,2026-04-09,6,50
S00159,2026-04-11,7,34
S00159,2026-04-12,7,22
S00159,2026-04-13,8,30
S00159,2026-04-14,8,34
S00159,2026-04-15,8,64
S00159,2026-04-15,9,66
S00159,2026-04-16,9,69
S00159,2026-04-18,10,37
S00159,2026-04-19,10,71
S00160,2026-04-20,1,50
S00160,2026-04-21,1,42
S00160,2026-04-22,1,54
S00160,2026-04-24,2,31
S00160,2026-04-25,2,30
S00160,2026-05-01,3,9
S00160,2026-05-02,3,38
S00160,2026-05-12,4,19
S00160,2026-05-13,4,22
S00160,2026-05-14,4,30
S00160,2026-05-25,5,5
S00160,2026-05-26,5,15
S00161,2026-02-25,1,62
S00161,2026-02-27,2,61
S00161,2026-02-28,2,33
S00161,2026-03-01,2,31
S00161,2026-03-01,3,51
S00161,2026-03-02,3,45
S00161,2026-03-02,4,61
S00161,2026-03-03,4,21
S00161,2026-03-05,5,71
S00161,2026-03-06,5,46
S00161,2026-03-07,5,28
S00161,2026-03-06,6,28
S00161,2026-03-09,7,23
S00161,2026-03-11,8,31
S00161,2026-03-12,8,61
S00161,2026-03-12,9,38
S00161,2026-03-13,9,67
S00161,2026-03-13,10,70
S00162,2026-05-14,1,45
S00162,2026-05-31,2,34
S00162,2026-06-01,2,14
S00163,2026-04-04,1,21
S00163,2026-04-05,1,40
S00163,2026-04-06,1,47
S00163,2026-04-13,2,25
S00163,2026-04-26,3,31
S00164,2026-04-18,1,28
S00164,2026-04-19,1,68
S00164,2026-04-20,2,50
S00164,2026-04-22,3,33
S00164,2026-04-23,4,27
S00164,2026-04-24,4,45
S00164,2026-04-25,4,55
S00164,2026-04-25,5,31
S00164,2026-04-26,5,35
S00164,2026-04-27,6,56
S00164,2026-04-28,6,48
S00164,2026-04-29,7,37
S00164,2026-04-30,7,20
S00164,2026-05-01,7,58
S00164,2026-04-30,8,42
S00164,2026-05-01,8,60
S00164,2026-05-02,9,53
S00164,2026-05-04,10,39
S00164,2026-05-05,10,20
S00165,2026-03-22,1,42
S00165,2026-03-23,1,67
S00165,2026-03-24,1,64
S00165,2026-03-23,2,32
S00165,2026-03-24,2,33
S00165,2026-03-25,3,50
S00165,2026-03-26,3,36
S00165,2026-03-27,3,66
S00165,2026-03-26,4,69
S00165,2026-03-28,5,36
S00165,2026-03-29,5,30
S00165,2026-03-30,5,39
S00165,2026-03-30,6,20
S00165,2026-04-01,7,44
S00165,2026-04-02,7,22
S00165,2026-04-04,8,53
S00165,2026-04-05,8,62
S00165,2026-04-06,9,69
S00165,2026-04-07,9,21
S00165,2026-04-08,10,72
S00166,2026-05-25,1,31
S00166,2026-05-26,1,50
S00166,2026-05-28,2,20
S00166,2026-06-06,3,12
S00166,2026-06-07,3,14
S00166,2026-06-08,3,22
S00166,2026-06-13,4,12
S00166,2026-06-25,5,29
S00166,2026-06-26,5,23
S00166,2026-07-08,6,5
S00166,2026-07-09,6,18
S00166,2026-07-17,7,34
S00166,2026-07-18,7,8
S00167,2026-04-16,1,74
S00167,2026-04-17,1,23
S00167,2026-04-18,2,30
S00167,2026-04-19,2,33
S00167,2026-04-20,2,57
S00167,2026-04-19,3,21
S00167,2026-04-20,3,30
S00167,2026-04-21,3,60
S00167,2026-04-21,4,33
S00167,2026-04-22,4,53
S00167,2026-04-23,4,68
S00167,2026-04-23,5,49
S00167,2026-04-24,5,44
S00167,2026-04-26,6,22
S00167,2026-04-27,6,63
S00167,2026-04-28,6,41
S00167,2026-04-27,7,70
S00167,2026-04-28,7,28
S00167,2026-04-30,8,72
S00167,2026-05-01,8,66
S00167,2026-05-02,8,65
S00167,2026-05-03,9,66
S00167,2026-05-04,9,49
S00167,2026-05-06,10,71
S00168,2026-05-20,1,23
S00168,2026-05-21,2,57
S00168,2026-05-22,2,61
S00168,2026-05-23,3,43
S00168,2026-05-24,3,38
S00168,2026-05-25,3,68
S00168,2026-05-25,4,21
S00168,2026-05-27,5,28
S00168,2026-05-28,6,51
S00168,2026-05-29,6,52
S00168,2026-05-30,6,36
S00168,2026-05-31,7,67
S00168,2026-06-01,7,35
S00168,2026-06-02,7,21
S00168,2026-06-03,8,31
S00168,2026-06-04,8,39
S00168,2026-06-05,8,35
S00168,2026-06-06,9,68
S00168,2026-06-09,10,52
S00168,2026-06-10,10,49
S00169,2026-04-04,1,52
S00169,2026-04-05,1,64
S00169,2026-04-07,2,65
S00169,2026-04-08,2,57
S00169,2026-04-08,3,63
S00169,2026-04-09,3,30
S00169,2026-04-09,4,21
S00169,2026-04-10,4,41
S00169,2026-04-11,4,39
S00169,2026-04-10,5,28
S00169,2026-04-11,5,53
S00169,2026-04-11,6,27
S00169,2026-04-12,7,34
S00169,2026-04-15,8,73
S00169,2026-04-16,8,33
S00169,2026-04-18,9,37
S00169,2026-04-19,10,66
S00169,2026-04-20,10,20
S00169,2026-04-21,10,46
S00170,2026-03-15,1,49
S00170,2026-03-16,1,24
S00170,2026-03-17,1,42
S00170,2026-03-24,2,36
S00170,2026-03-25,2,12
S00170,2026-03-26,2,33
S00170,2026-03-31,3,46
S00170,2026-04-17,4,46
S00171,2026-05-17,1,56
S00171,2026-05-27,2,22
S00172,2026-03-31,1,20
S00172,2026-04-01,1,36
S00172,2026-04-01,2,54
S00172,2026-04-02,3,49
S00172,2026-04-03,3,69
S00172,2026-04-04,4,65
S00172,2026-04-05,4,20
S00172,2026-04-06,5,63
S00172,2026-04-07,5,35
S00172,2026-04-08,5,33
S00172,2026-04-09,6,27
S00172,2026-04-10,6,53
S00172,2026-04-11,6,21
S00172,2026-04-12,7,27
S00172,2026-04-15,8,61
S00172,2026-04-18,9,68
S00172,2026-04-21,10,32
S00172,2026-04-22,10,21
S00172,2026-04-23,10,38
S00173,2026-01-16,1,28
S00173,2026-01-17,1,71
S00173,2026-01-18,1,47
S00173,2026-01-19,2,56
S00173,2026-01-20,2,48
S00173,2026-01-21,3,68
S00173,2026-01-22,3,25
S00173,2026-01-23,3,59
S00173,2026-01-23,4,29
S00173,2026-01-24,4,73
S00173,2026-01-25,4,39
S00173,2026-01-26,5,60
S00173,2026-01-27,5,29
S00173,2026-01-27,6,47
S00173,2026-01-28,6,49
S00173,2026-01-29,6,56
S00173,2026-01-30,7,40
S00173,2026-01-31,7,71
S00173,2026-02-01,7,56
S00173,2026-02-02,8,58
S00173,2026-02-05,9,64
S00173,2026-02-06,9,59
S00173,2026-02-07,9,63
S00173,2026-02-07,10,52
S00173,2026-02-08,10,35
S00174,2026-04-20,1,45
S00174,2026-04-21,1,27
S00174,2026-04-23,2,51
S00174,2026-04-24,2,41
S00174,2026-04-25,2,61
S00174,2026-04-24,3,50
S00174,2026-04-25,4,22
S00174,2026-04-26,4,54
S00174,2026-04-28,5,51
S00174,2026-04-29,5,54
S00174,2026-04-30,6,64
S00174,2026-05-01,6,40
S00174,2026-05-03,7,47
S00174,2026-05-06,8,38
S00174,2026-05-07,8,62
S00174,2026-05-07,9,39
S00174,2026-05-09,10,47
S00174,2026-05-10,10,74
S00175,2026-02-28,1,25
S00175,2026-03-09,2,34
S00175,2026-03-10,2,36
S00175,2026-03-11,2,55
S00175,2026-03-15,3,37
S00175,2026-03-25,4,31
S00176,2026-04-01,1,67
S00176,2026-04-04,2,56
S00176,2026-04-06,3,38
S00176,2026-04-07,3,66
S00176,2026-04-08,4,68
S00176,2026-04-09,4,60
S00176,2026-04-09,5,50
S00176,2026-04-10,5,26
S00176,2026-04-11,5,38
S00176,2026-04-12,6,42
S00176,2026-04-13,6,67
S00176,2026-04-14,7,60
S00176,2026-04-15,7,55
S00176,2026-04-15,8,71
S00176,2026-04-18,9,34
S00176,2026-04-21,10,45
S00177,2026-04-26,1,51
S00177,2026-05-03,2,24
S00177,2026-05-04,2,35
S00177,2026-05-05,2,25
S00177,2026-05-10,3,38
S00177,2026-05-11,3,35
S00177,2026-05-19,4,49
S00177,2026-05-25,5,30
S00177,2026-05-26,5,25
S00177,2026-05-27,5,17
S00177,2026-06-05,6,24
S00177,2026-06-15,7,5
S00177,2026-06-16,7,36
S00178,2026-03-23,1,20
S00178,2026-03-25,2,45
S00178,2026-03-26,3,60
S00178,2026-03-27,4,20
S00178,2026-03-28,4,31
S00178,2026-03-29,4,24
S00178,2026-03-28,5,20
S00178,2026-03-31,6,38
S00178,2026-04-02,7,28
S00178,2026-04-03,7,36
S00178,2026-04-03,8,68
S00178,2026-04-05,9,62
S00178,2026-04-06,9,69
S00178,2026-04-07,9,23
S00178,2026-04-06,10,61
S00178,2026-04-07,10,34
S00179,2026-05-29,1,10
S00180,2026-03-07,1,31
S00180,2026-03-08,1,36
S00180,2026-03-10,2,41
S00180,2026-03-11,2,29
S00180,2026-03-12,2,50
S00180,2026-03-13,3,64
S00180,2026-03-14,4,40
S00180,2026-03-15,4,29
S00180,2026-03-17,5,44
S00180,2026-03-18,5,50
S00180,2026-03-19,5,30
S00180,2026-03-19,6,74
S00180,2026-03-20,6,36
S00180,2026-03-21,7,60
S00180,2026-03-22,7,57
S00180,2026-03-23,7,41
S00180,2026-03-24,8,56
S00180,2026-03-25,8,65
S00180,2026-03-26,8,68
S00180,2026-03-25,9,55
S00180,2026-03-26,9,38
S00180,2026-03-27,10,74
S00180,2026-03-28,10,47
S00181,2026-03-09,1,28
S00181,2026-03-10,2,21
S00181,2026-03-11,2,61
S00181,2026-03-12,2,63
S00181,2026-03-12,3,32
S00181,2026-03-13,3,36
S00181,2026-03-15,4,71
S00181,2026-03-16,4,32
S00181,2026-03-16,5,64
S00181,2026-03-17,5,73
S00181,2026-03-18,5,59
S00181,2026-03-19,6,69
S00181,2026-03-20,6,69
S00181,2026-03-20,7,35
S00181,2026-03-21,7,30
S00181,2026-03-23,8,67
S00181,2026-03-24,8,65
S00181,2026-03-25,8,66
S00181,2026-03-24,9,35
S00181,2026-03-25,9,38
S00181,2026-03-26,9,36
S00181,2026-03-25,10,69
S00182,2026-01-25,1,24
S00182,2026-01-26,1,62
S00182,2026-01-28,2,43
S00182,2026-01-29,2,74
S00182,2026-01-30,3,64
S00182,2026-01-31,3,31
S00182,2026-02-01,3,20
S00182,2026-02-01,4,71
S00182,2026-02-02,4,22
S00182,2026-02-03,4,68
S00182,2026-02-03,5,24
S00182,2026-02-04,5,23
S00182,2026-02-05,5,47
S00182,2026-02-04,6,36
S00182,2026-02-05,6,63
S00182,2026-02-06,6,22
S00182,2026-02-06,7,37
S00182,2026-02-07,7,20
S00182,2026-02-08,7,54
S00182,2026-02-09,8,56
S00182,2026-02-10,8,38
S00182,2026-02-11,8,48
S00182,2026-02-10,9,45
S00182,2026-02-12,10,46
S00182,2026-02-13,10,52
S00185,2026-01-28,1,57
S00185,2026-01-29,1,43
S00185,2026-01-30,1,30
S00185,2026-01-31,2,22
S00185,2026-02-01,2,20
S00185,2026-02-02,2,71
S00185,2026-02-01,3,33
S00185,2026-02-02,3,68
S00185,2026-02-02,4,57
S00185,2026-02-05,5,57
S00185,2026-02-06,5,58
S00185,2026-02-07,5,52
S00185,2026-02-06,6,50
S00185,2026-02-07,6,35
S00185,2026-02-07,7,71
S00185,2026-02-09,8,50
S00185,2026-02-12,9,71
S00185,2026-02-13,9,53
S00185,2026-02-15,10,64
S00185,2026-02-16,10,51
S00185,2026-02-17,10,32
S00186,2026-03-16,1,35
S00186,2026-03-22,2,38
S00186,2026-03-27,3,13
S00186,2026-04-06,4,32
S00186,2026-04-07,4,39
S00186,2026-04-08,4,39
S00187,2026-05-12,1,24
S00187,2026-05-13,1,13
S00187,2026-05-23,2,26
S00187,2026-05-24,2,34
S00187,2026-05-31,3,21
S00188,2026-02-19,1,32
S00188,2026-02-20,1,20
S00188,2026-02-21,1,54
S00188,2026-02-22,2,30
S00188,2026-02-23,2,52
S00188,2026-02-24,2,51
S00188,2026-02-28,3,28
S00188,2026-03-01,3,11
S00188,2026-03-07,4,39
S00188,2026-03-18,5,39
S00188,2026-03-19,5,41
S00188,2026-04-01,6,40
S00188,2026-04-09,7,16
S00188,2026-04-10,7,5
S00189,2026-01-21,1,28
S00189,2026-01-22,2,64
S00189,2026-01-24,3,52
S00189,2026-01-26,4,74
S00189,2026-01-28,5,37
S00189,2026-01-30,6,27
S00189,2026-01-31,7,24
S00189,2026-02-01,7,74
S00189,2026-02-02,8,72
S00189,2026-02-03,8,50
S00189,2026-02-04,9,58
S00189,2026-02-07,10,60
S00189,2026-02-08,10,26
S00190,2026-03-05,1,41
S00190,2026-03-06,1,35
S00190,2026-03-06,2,46
S00190,2026-03-07,3,22
S00190,2026-03-08,4,69
S00190,2026-03-09,4,63
S00190,2026-03-10,5,48
S00190,2026-03-11,5,58
S00190,2026-03-11,6,65
S00190,2026-03-12,6,22
S00190,2026-03-14,7,58
S00190,2026-03-15,7,49
S00190,2026-03-16,7,69
S00190,2026-03-17,8,73
S00190,2026-03-18,8,29
S00190,2026-03-19,8,44
S00190,2026-03-18,9,74
S00190,2026-03-19,9,56
S00190,2026-03-20,10,28
S00191,2026-05-06,1,27
S00191,2026-05-07,2,50
S00191,2026-05-09,3,42
S00191,2026-05-10,3,43
S00191,2026-05-11,3,24
S00191,2026-05-11,4,25
S00191,2026-05-12,5,29
S00191,2026-05-13,5,35
S00191,2026-05-13,6,51
S00191,2026-05-15,7,37
S00191,2026-05-16,7,55
S00191,2026-05-17,7,45
S00191,2026-05-16,8,24
S00191,2026-05-19,9,22
S00191,2026-05-20,9,26
S00191,2026-05-21,9,55
S00191,2026-05-22,10,49
S00192,2026-03-02,1,17
S00193,2026-05-28,1,19
S00193,2026-05-29,2,15
S00194,2026-04-03,1,49
S00194,2026-04-10,2,14
S00194,2026-04-11,2,40
S00194,2026-04-12,2,29
S00194,2026-04-18,3,18
S00194,2026-04-19,3,39
S00194,2026-04-26,4,25
S00194,2026-04-27,4,7
S00194,2026-05-11,5,15
S00194,2026-05-12,5,21
S00195,2026-03-17,1,21
S00195,2026-03-18,1,35
S00195,2026-03-18,2,38
S00195,2026-03-19,2,47
S00195,2026-03-19,3,50
S00195,2026-03-20,3,70
S00195,2026-03-21,4,71
S00195,2026-03-23,5,20
S00195,2026-03-24,5,55
S00195,2026-03-24,6,47
S00195,2026-03-25,6,57
S00195,2026-03-26,6,52
S00195,2026-03-26,7,44
S00195,2026-03-27,7,37
S00195,2026-03-29,8,74
S00195,2026-03-30,9,26
S00195,2026-04-01,10,70
S00195,2026-04-02,10,32
S00195,2026-04-03,10,66
S00196,2026-01-08,1,38
S00196,2026-01-09,1,56
S00196,2026-01-11,2,32
S00196,2026-01-13,3,63
S00196,2026-01-16,4,42
S00196,2026-01-17,4,38
S00196,2026-01-17,5,40
S00196,2026-01-20,6,52
S00196,2026-01-23,7,71
S00196,2026-01-24,7,60
S00196,2026-01-25,7,54
S00196,2026-01-26,8,63
S00196,2026-01-29,9,60
S00196,2026-02-01,10,56
S00197,2026-04-14,1,30
S00197,2026-04-15,1,45
S00197,2026-04-16,1,37
S00197,2026-04-20,2,53
S00197,2026-04-21,2,53
S00197,2026-04-22,2,42
S00197,2026-05-08,3,43
S00197,2026-05-09,3,38
S00198,2026-03-27,1,10
S00199,2026-01-03,1,18
S00199,2026-01-05,2,18
S00200,2026-01-19,1,25
S00200,2026-01-20,1,28
S00200,2026-01-21,1,30
S00200,2026-01-29,2,17
S00200,2026-02-08,3,50
S00200,2026-02-09,3,21
S00200,2026-02-26,4,50
S00201,2026-03-13,1,19
S00201,2026-03-14,1,53
S00201,2026-03-15,1,52
S00201,2026-03-17,2,14
S00201,2026-03-18,2,16
S00201,2026-03-24,3,24
S00201,2026-03-25,3,23
S00201,2026-03-26,3,51
S00201,2026-04-01,4,41
S00201,2026-04-02,4,51
S00201,2026-04-03,4,41
S00201,2026-04-10,5,46
S00201,2026-04-11,5,37
S00201,2026-04-12,5,23
S00201,2026-04-21,6,25
S00201,2026-05-01,7,5
S00201,2026-05-02,7,7
S00201,2026-05-03,7,5
S00201,2026-05-15,8,41
S00202,2026-05-23,1,36
S00202,2026-05-24,1,55
S00202,2026-05-25,1,22
S00202,2026-05-26,2,66
S00202,2026-05-28,3,42
S00202,2026-05-31,4,52
S00202,2026-06-01,4,74
S00202,2026-06-01,5,25
S00202,2026-06-04,6,73
S00202,2026-06-05,6,60
S00202,2026-06-05,7,63
S00202,2026-06-07,8,74
S00202,2026-06-08,8,38
S00202,2026-06-10,9,45
S00202,2026-06-11,9,34
S00202,2026-06-12,9,66
S00202,2026-06-12,10,35
S00202,2026-06-13,10,21
S00202,2026-06-14,10,50
S00203,2026-01-27,1,63
S00203,2026-01-28,2,49
S00203,2026-01-29,2,48
S00203,2026-01-29,3,49
S00203,2026-01-30,3,70
S00203,2026-01-31,3,72
S00203,2026-01-31,4,26
S00203,2026-02-01,4,68
S00203,2026-02-02,4,28
S00203,2026-02-01,5,73
S00203,2026-02-02,5,24
S00203,2026-02-03,5,48
S00203,2026-02-04,6,32
S00203,2026-02-05,6,48
S00203,2026-02-06,7,50
S00203,2026-02-08,8,31
S00203,2026-02-10,9,21
S00203,2026-02-13,10,69
S00203,2026-02-14,10,39
S00203,2026-02-15,10,44
S00204,2026-01-18,1,11
S00205,2026-02-22,1,39
S00205,2026-02-23,1,14
S00205,2026-02-24,1,26
S00205,2026-03-01,2,16
S00205,2026-03-02,2,41
S00205,2026-03-10,3,40
S00205,2026-03-11,3,28
S00205,2026-03-12,3,18
S00205,2026-03-17,4,26
S00205,2026-03-26,5,46
S00205,2026-03-27,5,33
S00205,2026-03-28,5,29
S00206,2026-04-23,1,31
S00206,2026-04-24,1,26
S00206,2026-04-25,1,36
S00206,2026-04-25,2,45
S00206,2026-04-26,2,34
S00206,2026-04-26,3,56
S00206,2026-04-27,3,66
S00206,2026-04-29,4,38
S00206,2026-04-30,4,44
S00206,2026-04-30,5,70
S00206,2026-05-01,6,41
S00206,2026-05-03,7,40
S00206,2026-05-04,7,56
S00206,2026-05-05,7,60
S00206,2026-05-06,8,35
S00206,2026-05-08,9,53
S00206,2026-05-09,9,30
S00206,2026-05-10,9,53
S00206,2026-05-10,10,42
S00207,2026-04-10,1,61
S00207,2026-04-11,1,48
S00207,2026-04-12,1,42
S00207,2026-04-11,2,55
S00207,2026-04-12,2,28
S00207,2026-04-14,3,74
S00207,2026-04-16,4,32
S00207,2026-04-17,4,35
S00207,2026-04-17,5,45
S00207,2026-04-18,5,30
S00207,2026-04-19,6,20
S00207,2026-04-21,7,31
S00207,2026-04-22,7,33
S00207,2026-04-24,8,70
S00207,2026-04-25,8,55
S00207,2026-04-25,9,33
S00207,2026-04-26,9,35
S00207,2026-04-26,10,41
S00207,2026-04-27,10,23
S00208,2026-03-19,1,35
S00208,2026-03-20,1,33
S00208,2026-03-28,2,46
S00208,2026-04-05,3,13
S00208,2026-04-06,3,30
S00208,2026-04-15,4,16
S00208,2026-04-16,4,22
S00208,2026-04-17,4,48
S00208,2026-04-23,5,10
S00209,2026-04-01,1,23
S00209,2026-04-04,2,29
S00209,2026-04-05,2,53
S00209,2026-04-06,2,55
S00209,2026-04-06,3,72
S00209,2026-04-07,3,38
S00209,2026-04-08,3,53
S00209,2026-04-07,4,49
S00209,2026-04-08,4,58
S00209,2026-04-09,4,73
S00209,2026-04-10,5,20
S00209,2026-04-12,6,59
S00209,2026-04-13,6,38
S00209,2026-04-13,7,62
S00209,2026-04-14,7,40
S00209,2026-04-15,7,43
S00209,2026-04-14,8,38
S00209,2026-04-15,8,48
S00209,2026-04-16,8,72
S00209,2026-04-15,9,36
S00209,2026-04-16,9,29
S00209,2026-04-17,9,50
S00209,2026-04-17,10,37
S00210,2026-03-23,1,54
S00210,2026-03-24,1,52
S00210,2026-03-25,1,37
S00210,2026-03-25,2,45
S00210,2026-03-26,3,44
S00210,2026-03-27,3,53
S00210,2026-03-28,3,58
S00210,2026-03-29,4,48
S00210,2026-03-31,5,66
S00210,2026-04-01,5,31
S00210,2026-04-02,5,40
S00210,2026-04-02,6,73
S00210,2026-04-03,7,34
S00210,2026-04-04,7,20
S00210,2026-04-05,7,45
S00210,2026-04-05,8,34
S00210,2026-04-06,8,41
S00210,2026-04-07,8,25
S00210,2026-04-06,9,48
S00210,2026-04-07,9,51
S00210,2026-04-08,9,51
S00210,2026-04-08,10,54
S00210,2026-04-09,10,36
S00211,2026-01-25,1,73
S00211,2026-01-26,1,34
S00211,2026-01-26,2,56
S00211,2026-01-29,3,47
S00211,2026-01-30,3,49
S00211,2026-01-31,3,37
S00211,2026-01-30,4,67
S00211,2026-01-31,4,59
S00211,2026-02-02,5,27
S00211,2026-02-05,6,29
S00211,2026-02-06,6,58
S00211,2026-02-07,6,31
S00211,2026-02-06,7,71
S00211,2026-02-07,7,73
S00211,2026-02-08,7,33
S00211,2026-02-07,8,48
S00211,2026-02-08,8,28
S00211,2026-02-09,9,50
S00211,2026-02-10,9,36
S00211,2026-02-11,9,28
S00211,2026-02-11,10,43
S00212,2026-01-22,1,24
S00212,2026-01-23,1,54
S00212,2026-01-24,1,25
S00212,2026-01-27,2,47
S00212,2026-02-02,3,10
S00212,2026-02-03,3,49
S00212,2026-02-10,4,11
S00212,2026-02-11,4,18
S00212,2026-02-12,4,7
S00212,2026-02-18,5,27
S00212,2026-02-19,5,46
S00212,2026-02-20,5,22
S00212,2026-03-04,6,5
S00212,2026-03-05,6,27
S00212,2026-03-06,6,29
S00212,2026-03-16,7,37
S00212,2026-03-26,8,5
S00212,2026-03-27,8,5
S00212,2026-03-28,8,12
S00213,2026-03-18,1,38
S00213,2026-03-22,2,16
S00213,2026-03-23,2,54
S00213,2026-03-24,2,18
S00213,2026-04-01,3,18
S00213,2026-04-18,4,35
S00214,2026-05-26,1,40
S00214,2026-05-28,2,47
S00214,2026-05-31,3,70
S00214,2026-06-01,3,20
S00214,2026-06-02,4,34
S00214,2026-06-04,5,53
S00214,2026-06-05,5,61
S00214,2026-06-07,6,27
S00214,2026-06-08,6,70
S00214,2026-06-09,6,37
S00214,2026-06-10,7,31
S00214,2026-06-11,7,68
S00214,2026-06-12,7,49
S00214,2026-06-11,8,63
S00214,2026-06-14,9,25
S00214,2026-06-17,10,67
S00215,2026-02-20,1,57
S00215,2026-02-21,1,38
S00215,2026-02-26,2,28
S00215,2026-03-03,3,52
S00215,2026-03-04,3,43
S00215,2026-03-05,3,31
S00215,2026-03-13,4,38
S00215,2026-03-14,4,11
S00215,2026-03-15,4,26
S00215,2026-03-24,5,9
S00215,2026-03-25,5,17
S00215,2026-03-26,5,36
S00215,2026-04-04,6,42
S00215,2026-04-15,7,15
S00215,2026-04-16,7,27
S00215,2026-04-17,7,45
S00215,2026-04-22,8,12
S00215,2026-04-23,8,6
S00216,2026-04-01,1,74
S00216,2026-04-02,1,32
S00216,2026-04-03,1,28
S00216,2026-04-03,2,43
S00216,2026-04-04,2,52
S00216,2026-04-05,2,35
S00216,2026-04-06,3,50
S00216,2026-04-08,4,33
S00216,2026-04-09,4,72
S00216,2026-04-10,4,49
S00216,2026-04-11,5,35
S00216,2026-04-12,5,70
S00216,2026-04-13,5,25
S00216,2026-04-13,6,59
S00216,2026-04-14,7,66
S00216,2026-04-15,7,48
S00216,2026-04-16,7,41
S00216,2026-04-15,8,55
S00216,2026-04-16,8,32
S00216,2026-04-17,8,46
S00216,2026-04-18,9,60
S00216,2026-04-19,10,59
S00217,2026-03-10,1,26
S00217,2026-03-13,2,34
S00217,2026-03-14,2,50
S00217,2026-03-15,2,73
S00217,2026-03-15,3,25
S00217,2026-03-17,4,36
S00217,2026-03-20,5,61
S00217,2026-03-21,5,58
S00217,2026-03-22,5,24
S00217,2026-03-21,6,40
S00217,2026-03-24,7,32
S00217,2026-03-26,8,40
S00217,2026-03-27,8,56
S00217,2026-03-28,8,25
S00217,2026-03-28,9,46
S00217,2026-03-31,10,59
S00218,2026-02-21,1,40
S00218,2026-02-22,1,26
S00218,2026-02-23,1,16
S00218,2026-03-05,2,34
S00218,2026-03-06,2,53
S00219,2026-02-25,1,27
S00219,2026-03-03,2,51
S00219,2026-03-09,3,51
S00219,2026-03-10,3,15
S00219,2026-03-11,3,50
S00219,2026-03-19,4,36
S00219,2026-03-26,5,10
S00219,2026-04-03,6,20
S00219,2026-04-04,6,21
S00219,2026-04-09,7,23
S00219,2026-04-10,7,34
S00219,2026-04-11,7,41
S00219,2026-04-23,8,43
S00219,2026-04-24,8,43
S00219,2026-04-25,8,9
S00220,2026-03-11,1,38
S00220,2026-03-12,1,35
S00220,2026-03-13,1,42
S00220,2026-03-21,2,20
S00220,2026-03-26,3,27
S00220,2026-03-27,3,22
S00220,2026-04-06,4,7
S00221,2026-05-30,1,51
S00221,2026-05-31,1,20
S00221,2026-06-03,2,55
S00221,2026-06-04,2,45
S00221,2026-06-14,3,32
S00221,2026-06-15,3,21
S00221,2026-06-16,3,40
S00221,2026-06-20,4,13
S00221,2026-07-01,5,48
S00221,2026-07-02,5,48
S00222,2026-04-29,1,31
S00222,2026-04-30,1,18
S00222,2026-05-01,1,31
S00222,2026-05-05,2,48
S00222,2026-05-06,2,39
S00222,2026-05-07,2,25
S00222,2026-05-14,3,12
S00222,2026-05-15,3,10
S00222,2026-05-20,4,34
S00222,2026-05-25,5,32
S00222,2026-05-26,5,23
S00222,2026-06-04,6,35
S00222,2026-06-05,6,46
S00222,2026-06-20,7,17
S00222,2026-06-21,7,26
S00222,2026-07-05,8,20
S00222,2026-07-06,8,36
S00223,2026-04-03,1,62
S00223,2026-04-04,1,59
S00223,2026-04-05,2,67
S00223,2026-04-06,2,72
S00223,2026-04-08,3,52
S00223,2026-04-09,3,63
S00223,2026-04-10,3,47
S00223,2026-04-09,4,43
S00223,2026-04-10,5,31
S00223,2026-04-11,5,63
S00223,2026-04-11,6,71
S00223,2026-04-14,7,27
S00223,2026-04-15,7,39
S00223,2026-04-17,8,47
S00223,2026-04-18,8,21
S00223,2026-04-18,9,66
S00223,2026-04-20,10,34
S00223,2026-04-21,10,21
S00224,2026-02-24,1,22
S00224,2026-02-26,2,73
S00224,2026-03-01,3,29
S00224,2026-03-02,3,22
S00224,2026-03-04,4,41
S00224,2026-03-07,5,40
S00224,2026-03-08,5,49
S00224,2026-03-10,6,40
S00224,2026-03-11,6,20
S00224,2026-03-11,7,28
S00224,2026-03-12,7,36
S00224,2026-03-14,8,73
S00224,2026-03-15,8,41
S00224,2026-03-16,8,31
S00224,2026-03-16,9,28
S00224,2026-03-18,10,61
S00224,2026-03-19,10,49
S00224,2026-03-20,10,71
S00225,2026-04-22,1,72
S00225,2026-04-23,1,61
S00225,2026-04-24,1,54
S00225,2026-04-24,2,35
S00225,2026-04-26,3,51
S00225,2026-04-27,3,71
S00225,2026-04-28,4,37
S00225,2026-04-29,4,20
S00225,2026-04-30,4,48
S00225,2026-04-30,5,69
S00225,2026-05-01,5,73
S00225,2026-05-02,5,65
S00225,2026-05-02,6,24
S00225,2026-05-03,6,60
S00225,2026-05-03,7,35
S00225,2026-05-04,7,26
S00225,2026-05-05,7,46
S00225,2026-05-04,8,63
S00225,2026-05-07,9,51
S00225,2026-05-08,9,67
S00225,2026-05-09,9,22
S00225,2026-05-09,10,67
S00225,2026-05-10,10,43
S00226,2026-02-10,1,25
S00226,2026-02-13,2,57
S00226,2026-02-14,2,37
S00226,2026-02-15,2,64
S00226,2026-02-16,3,72
S00226,2026-02-17,4,60
S00226,2026-02-19,5,44
S00226,2026-02-20,5,21
S00226,2026-02-20,6,61
S00226,2026-02-21,6,37
S00226,2026-02-22,6,51
S00226,2026-02-21,7,32
S00226,2026-02-22,7,74
S00226,2026-02-23,8,27
S00226,2026-02-24,8,74
S00226,2026-02-26,9,60
S00226,2026-02-27,9,49
S00226,2026-02-28,10,59
S00226,2026-03-01,10,65
S00227,2026-03-27,1,16
S00227,2026-03-28,2,11
S00228,2026-03-21,1,24
S00228,2026-03-22,1,58
S00228,2026-03-24,2,66
S00228,2026-03-25,2,61
S00228,2026-03-26,2,66
S00228,2026-03-25,3,61
S00228,2026-03-27,4,35
S00228,2026-03-28,4,63
S00228,2026-03-29,4,57
S00228,2026-03-28,5,23
S00228,2026-03-29,5,23
S00228,2026-03-30,5,49
S00228,2026-03-31,6,71
S00228,2026-04-01,6,28
S00228,2026-04-02,6,60
S00228,2026-04-01,7,40
S00228,2026-04-02,7,74
S00228,2026-04-03,7,31
S00228,2026-04-03,8,23
S00228,2026-04-04,8,39
S00228,2026-04-05,8,69
S00228,2026-04-06,9,49
S00228,2026-04-07,9,48
S00228,2026-04-07,10,45
S00228,2026-04-08,10,69
S00229,2026-01-16,1,12
S00230,2026-03-05,1,43
S00230,2026-03-10,2,33
S00230,2026-03-11,2,24
S00230,2026-03-18,3,42
S00230,2026-03-19,3,14
S00230,2026-03-20,3,46
S00230,2026-03-24,4,42
S00230,2026-03-25,4,41
S00230,2026-03-26,4,28
S00230,2026-04-05,5,17
S00230,2026-04-06,5,32
S00230,2026-04-07,5,24
S00231,2026-02-11,1,17
S00231,2026-02-12,1,54
S00231,2026-02-17,2,35
S00231,2026-02-26,3,51
S00231,2026-02-27,3,31
S00231,2026-03-06,4,47
S00231,2026-03-20,5,47
S00231,2026-03-31,6,19
S00231,2026-04-01,6,37
S00232,2026-03-31,1,40
S00232,2026-04-01,2,51
S00232,2026-04-02,2,56
S00232,2026-04-02,3,34
S00232,2026-04-03,4,39
S00232,2026-04-04,5,52
S00232,2026-04-05,5,57
S00232,2026-04-06,5,33
S00232,2026-04-07,6,20
S00232,2026-04-10,7,25
S00232,2026-04-11,7,52
S00232,2026-04-13,8,70
S00232,2026-04-14,8,38
S00232,2026-04-16,9,61
S00232,2026-04-17,9,46
S00232,2026-04-18,9,53
S00232,2026-04-18,10,26
S00232,2026-04-19,10,67
S00233,2026-02-03,1,32
S00233,2026-02-11,2,22
S00233,2026-02-20,3,52
S00233,2026-02-21,3,17
S00234,2026-01-28,1,62
S00234,2026-01-29,1,69
S00234,2026-01-30,1,73
S00234,2026-01-31,2,36
S00234,2026-02-01,2,72
S00234,2026-02-02,2,37
S00234,2026-02-02,3,42
S00234,2026-02-03,3,54
S00234,2026-02-03,4,47
S00234,2026-02-04,4,35
S00234,2026-02-05,4,35
S00234,2026-02-05,5,73
S00234,2026-02-06,5,32
S00234,2026-02-08,6,53
S00234,2026-02-09,7,62
S00234,2026-02-12,8,67
S00234,2026-02-13,8,31
S00234,2026-02-13,9,32
S00234,2026-02-14,10,54
S00234,2026-02-15,10,20
S00235,2026-05-14,1,24
S00235,2026-05-15,1,51
S00235,2026-05-16,2,73
S00235,2026-05-19,3,44
S00235,2026-05-20,4,42
S00235,2026-05-21,4,41
S00235,2026-05-22,4,23
S00235,2026-05-22,5,54
S00235,2026-05-23,5,58
S00235,2026-05-24,5,61
S00235,2026-05-24,6,64
S00235,2026-05-25,7,64
S00235,2026-05-28,8,22
S00235,2026-05-29,8,67
S00235,2026-05-30,8,20
S00235,2026-05-30,9,27
S00235,2026-05-31,9,74
S00235,2026-06-01,9,63
S00235,2026-05-31,10,49
S00235,2026-06-01,10,68
S00236,2026-01-19,1,32
S00236,2026-01-20,1,29
S00236,2026-01-21,1,29
S00236,2026-01-25,2,36
S00236,2026-01-26,2,39
S00236,2026-01-27,2,37
S00236,2026-02-06,3,29
S00236,2026-02-07,3,32
S00237,2026-05-07,1,68
S00237,2026-05-08,1,61
S00237,2026-05-09,1,63
S00237,2026-05-08,2,63
S00237,2026-05-10,3,24
S00237,2026-05-11,3,44
S00237,2026-05-12,3,68
S00237,2026-05-11,4,37
S00237,2026-05-12,4,33
S00237,2026-05-12,5,48
S00237,2026-05-13,5,61
S00237,2026-05-14,5,36
S00237,2026-05-13,6,72
S00237,2026-05-15,7,43
S00237,2026-05-16,8,56
S00237,2026-05-17,8,45
S00237,2026-05-18,8,34
S00237,2026-05-17,9,20
S00237,2026-05-18,9,28
S00237,2026-05-19,9,50
S00237,2026-05-19,10,53
S00238,2026-04-26,1,32
S00238,2026-04-29,2,71
S00238,2026-04-30,2,29
S00238,2026-05-01,2,47
S00238,2026-05-01,3,65
S00238,2026-05-02,3,52
S00238,2026-05-03,3,29
S00238,2026-05-03,4,22
S00238,2026-05-04,4,68
S00238,2026-05-06,5,41
S00238,2026-05-07,5,38
S00238,2026-05-08,6,29
S00238,2026-05-09,7,70
S00238,2026-05-10,7,51
S00238,2026-05-11,7,30
S00238,2026-05-12,8,25
S00238,2026-05-13,8,59
S00238,2026-05-14,8,73
S00238,2026-05-14,9,54
S00238,2026-05-15,9,23
S00238,2026-05-16,10,38
S00238,2026-05-17,10,62
S00238,2026-05-18,10,31
S00239,2026-02-17,1,15
S00239,2026-02-18,1,54
S00239,2026-02-19,1,36
S00239,2026-03-02,2,23
S00239,2026-03-03,2,32
S00240,2026-05-27,1,33
S00240,2026-05-30,2,66
S00240,2026-05-31,2,48
S00240,2026-06-01,2,66
S00240,2026-06-01,3,46
S00240,2026-06-02,3,44
S00240,2026-06-03,3,59
S00240,2026-06-04,4,34
S00240,2026-06-07,5,38
S00240,2026-06-08,6,33
S00240,2026-06-09,7,35
S00240,2026-06-10,7,74
S00240,2026-06-11,7,33
S00240,2026-06-10,8,66
S00240,2026-06-11,9,56
S00240,2026-06-12,9,67
S00240,2026-06-12,10,33
S00241,2026-02-13,1,17
S00241,2026-02-15,2,19
S00242,2026-01-22,1,9
S00242,2026-01-24,2,10
S00244,2026-03-14,1,51
S00244,2026-03-15,1,45
S00244,2026-03-16,2,26
S00244,2026-03-17,3,51
S00244,2026-03-18,3,30
S00244,2026-03-19,4,62
S00244,2026-03-22,5,46
S00244,2026-03-25,6,35
S00244,2026-03-26,6,21
S00244,2026-03-28,7,73
S00244,2026-03-29,7,36
S00244,2026-03-30,7,35
S00244,2026-03-31,8,33
S00244,2026-04-01,8,57
S00244,2026-04-03,9,67
S00244,2026-04-04,9,52
S00244,2026-04-05,9,62
S00244,2026-04-04,10,25
S00245,2026-05-13,1,44
S00245,2026-05-14,1,28
S00245,2026-05-15,1,22
S00245,2026-05-16,2,72
S00245,2026-05-19,3,59
S00245,2026-05-20,3,74
S00245,2026-05-20,4,28
S00245,2026-05-21,4,63
S00245,2026-05-21,5,46
S00245,2026-05-22,5,58
S00245,2026-05-23,6,43
S00245,2026-05-26,7,33
S00245,2026-05-27,7,72
S00245,2026-05-29,8,66
S00245,2026-05-30,8,59
S00245,2026-06-01,9,31
S00245,2026-06-02,9,62
S00245,2026-06-04,10,64
S00245,2026-06-05,10,55
S00246,2026-05-18,1,11
S00246,2026-05-19,2,8
S00247,2026-03-22,1,69
S00247,2026-03-23,1,26
S00247,2026-03-25,2,46
S00247,2026-03-27,3,73
S00247,2026-03-28,3,68
S00247,2026-03-29,3,23
S00247,2026-03-29,4,46
S00247,2026-03-30,4,22
S00247,2026-03-31,4,47
S00247,2026-03-31,5,41
S00247,2026-04-01,6,57
S00247,2026-04-02,6,31
S00247,2026-04-03,6,44
S00247,2026-04-02,7,26
S00247,2026-04-03,7,48
S00247,2026-04-03,8,21
S00247,2026-04-04,8,35
S00247,2026-04-05,8,49
S00247,2026-04-04,9,24
S00247,2026-04-05,9,26
S00247,2026-04-06,9,53
S00247,2026-04-06,10,40
S00248,2026-05-14,1,13
S00251,2026-04-30,1,53
S00251,2026-05-01,1,33
S00251,2026-05-02,2,66
S00251,2026-05-04,3,72
S00251,2026-05-05,3,33
S00251,2026-05-06,4,35
S00251,2026-05-07,4,46
S00251,2026-05-09,5,46
S00251,2026-05-12,6,61
S00251,2026-05-13,6,45
S00251,2026-05-14,7,28
S00251,2026-05-15,8,64
S00251,2026-05-16,9,52
S00251,2026-05-17,9,74
S00251,2026-05-17,10,70
S00251,2026-05-18,10,20
S00251,2026-05-19,10,28
S00252,2026-01-11,1,73
S00252,2026-01-12,1,42
S00252,2026-01-13,1,66
S00252,2026-01-14,2,59
S00252,2026-01-17,3,64
S00252,2026-01-20,4,24
S00252,2026-01-21,4,68
S00252,2026-01-22,5,58
S00252,2026-01-23,5,73
S00252,2026-01-24,5,40
S00252,2026-01-25,6,73
S00252,2026-01-26,6,67
S00252,2026-01-26,7,65
S00252,2026-01-29,8,69
S00252,2026-01-30,8,20
S00252,2026-01-30,9,62
S00252,2026-01-31,9,32
S00252,2026-02-01,9,67
S00252,2026-01-31,10,30
S00253,2026-04-28,1,19
S00254,2026-02-24,1,53
S00254,2026-02-25,2,30
S00254,2026-02-26,2,67
S00254,2026-02-27,2,52
S00254,2026-02-26,3,28
S00254,2026-02-27,3,58
S00254,2026-02-27,4,55
S00254,2026-02-28,4,51
S00254,2026-03-01,4,26
S00254,2026-03-01,5,24
S00254,2026-03-02,5,42
S00254,2026-03-03,5,74
S00254,2026-03-04,6,20
S00254,2026-03-05,6,22
S00254,2026-03-06,6,46
S00254,2026-03-06,7,21
S00254,2026-03-07,7,24
S00254,2026-03-08,8,24
S00254,2026-03-09,8,69
S00254,2026-03-09,9,31
S00254,2026-03-10,9,40
S00254,2026-03-11,9,49
S00254,2026-03-10,10,45
S00254,2026-03-11,10,55
S00255,2026-01-16,1,74
S00255,2026-01-17,1,21
S00255,2026-01-18,1,20
S00255,2026-01-18,2,61
S00255,2026-01-19,2,37
S00255,2026-01-20,3,54
S00255,2026-01-21,3,40
S00255,2026-01-23,4,62
S00255,2026-01-25,5,43
S00255,2026-01-26,5,46
S00255,2026-01-26,6,21
S00255,2026-01-27,6,59
S00255,2026-01-28,7,57
S00255,2026-01-30,8,40
S00255,2026-01-31,8,29
S00255,2026-01-31,9,43
S00255,2026-02-01,9,73
S00255,2026-02-02,9,53
S00255,2026-02-01,10,34
S00256,2026-02-28,1,57
S00256,2026-03-07,2,27
S00256,2026-03-08,2,47
S00256,2026-03-21,3,29
S00256,2026-03-22,3,38
S00256,2026-03-23,3,21
S00257,2026-03-23,1,12
S00257,2026-03-25,2,9
S00258,2026-03-14,1,17
S00258,2026-03-15,1,15
S00258,2026-03-16,1,50
S00258,2026-03-24,2,50
S00258,2026-04-02,3,43
S00258,2026-04-03,3,37
S00258,2026-04-04,3,15
S00258,2026-04-16,4,16
S00258,2026-04-17,4,21
S00259,2026-02-14,1,21
S00259,2026-02-20,2,52
S00259,2026-02-21,2,55
S00259,2026-03-01,3,14
S00259,2026-03-02,3,53
S00259,2026-03-03,3,27
S00260,2026-05-03,1,46
S00260,2026-05-04,1,26
S00260,2026-05-06,2,32
S00260,2026-05-07,2,36
S00260,2026-05-08,2,23
S00260,2026-05-07,3,45
S00260,2026-05-08,3,45
S00260,2026-05-09,3,37
S00260,2026-05-10,4,45
S00260,2026-05-12,5,32
S00260,2026-05-13,5,66
S00260,2026-05-14,5,69
S00260,2026-05-14,6,70
S00260,2026-05-15,6,59
S00260,2026-05-16,6,23
S00260,2026-05-17,7,59
S00260,2026-05-20,8,71
S00260,2026-05-23,9,33
S00260,2026-05-24,9,41
S00260,2026-05-25,9,35
S00260,2026-05-24,10,29
S00260,2026-05-25,10,43
S00261,2026-05-23,1,18
S00261,2026-06-08,2,15
S00261,2026-06-09,2,18
S00262,2026-01-07,1,16
S00262,2026-01-08,2,10
S00263,2026-03-24,1,28
S00263,2026-03-27,2,23
S00263,2026-03-28,2,31
S00263,2026-03-28,3,35
S00263,2026-03-30,4,32
S00263,2026-03-31,4,60
S00263,2026-03-31,5,23
S00263,2026-04-01,5,21
S00263,2026-04-03,6,31
S00263,2026-04-04,6,38
S00263,2026-04-04,7,35
S00263,2026-04-05,8,74
S00263,2026-04-08,9,34
S00263,2026-04-11,10,51
S00263,2026-04-12,10,25
S00263,2026-04-13,10,72
S00264,2026-03-14,1,53
S00264,2026-03-15,1,72
S00264,2026-03-16,1,38
S00264,2026-03-16,2,58
S00264,2026-03-17,2,72
S00264,2026-03-17,3,39
S00264,2026-03-19,4,55
S00264,2026-03-20,5,28
S00264,2026-03-22,6,28
S00264,2026-03-23,7,24
S00264,2026-03-24,8,28
S00264,2026-03-25,8,49
S00264,2026-03-26,9,23
S00264,2026-03-29,10,61
S00264,2026-03-30,10,32
S00264,2026-03-31,10,23
S00265,2026-05-24,1,15
S00266,2026-03-18,1,48
S00266,2026-03-19,1,27
S00266,2026-03-25,2,29
S00266,2026-03-26,2,39
S00266,2026-03-27,2,28
S00266,2026-04-04,3,47
S00266,2026-04-05,3,36
S00266,2026-04-06,3,9
S00266,2026-04-11,4,47
S00266,2026-04-12,4,28
S00266,2026-04-13,4,38
S00266,2026-04-23,5,16
S00266,2026-04-24,5,5
S00266,2026-04-25,5,21
S00267,2026-03-19,1,27
S00267,2026-03-20,1,50
S00267,2026-03-21,1,33
S00267,2026-04-01,2,47
S00267,2026-04-02,2,47
S00268,2026-05-09,1,25
S00268,2026-05-10,1,25
S00268,2026-05-11,1,52
S00268,2026-05-12,2,42
S00268,2026-05-13,2,32
S00268,2026-05-16,3,38
S00268,2026-05-17,3,25
S00268,2026-05-23,4,22
S00268,2026-05-24,4,19
S00268,2026-05-25,4,32
S00268,2026-06-03,5,31
S00268,2026-06-04,5,32
S00268,2026-06-15,6,30
S00268,2026-06-16,6,43
S00268,2026-06-25,7,32
S00268,2026-07-06,8,18
S00268,2026-07-07,8,30
S00269,2026-03-20,1,34
S00269,2026-03-21,1,69
S00269,2026-03-22,1,67
S00269,2026-03-21,2,46
S00269,2026-03-23,3,20
S00269,2026-03-24,3,60
S00269,2026-03-25,3,67
S00269,2026-03-24,4,58
S00269,2026-03-27,5,34
S00269,2026-03-28,5,45
S00269,2026-03-29,5,49
S00269,2026-03-30,6,33
S00269,2026-03-31,7,39
S00269,2026-04-01,8,53
S00269,2026-04-02,8,47
S00269,2026-04-02,9,49
S00269,2026-04-03,9,45
S00269,2026-04-04,9,70
S00269,2026-04-04,10,29
S00269,2026-04-05,10,42
S00269,2026-04-06,10,56
S00270,2026-03-26,1,29
S00270,2026-03-27,1,21
S00270,2026-03-27,2,69
S00270,2026-03-28,3,24
S00270,2026-03-29,3,69
S00270,2026-03-31,4,21
S00270,2026-04-01,4,34
S00270,2026-04-02,4,58
S00270,2026-04-03,5,54
S00270,2026-04-04,5,53
S00270,2026-04-06,6,58
S00270,2026-04-07,6,36
S00270,2026-04-09,7,65
S00270,2026-04-10,7,66
S00270,2026-04-11,7,65
S00270,2026-04-12,8,36
S00270,2026-04-13,8,61
S00270,2026-04-14,9,36
S00270,2026-04-15,10,56
S00270,2026-04-16,10,59
S00271,2026-04-28,1,21
S00271,2026-04-29,1,50
S00271,2026-04-30,1,29
S00271,2026-05-05,2,18
S00271,2026-05-15,3,46
S00271,2026-05-16,3,29
S00271,2026-05-27,4,14
S00271,2026-05-28,4,14
S00271,2026-05-29,4,40
S00271,2026-06-08,5,31
S00271,2026-06-21,6,22
S00272,2026-04-28,1,20
S00272,2026-04-29,1,55
S00272,2026-04-30,1,20
S00272,2026-05-08,2,15
S00272,2026-05-09,2,47
S00272,2026-05-10,2,30
S00273,2026-05-07,1,5
S00274,2026-05-28,1,12
S00274,2026-05-29,2,17
S00275,2026-01-15,1,66
S00275,2026-01-16,1,74
S00275,2026-01-17,1,38
S00275,2026-01-17,2,25
S00275,2026-01-18,2,33
S00275,2026-01-20,3,58
S00275,2026-01-21,3,55
S00275,2026-01-22,3,53
S00275,2026-01-23,4,21
S00275,2026-01-24,5,43
S00275,2026-01-25,5,34
S00275,2026-01-26,5,50
S00275,2026-01-26,6,33
S00275,2026-01-27,6,36
S00275,2026-01-29,7,36
S00275,2026-01-30,7,35
S00275,2026-01-30,8,65
S00275,2026-01-31,8,71
S00275,2026-02-01,8,52
S00275,2026-01-31,9,68
S00275,2026-02-02,10,53
S00275,2026-02-03,10,27
S00275,2026-02-04,10,32
S00276,2026-01-26,1,53
S00276,2026-01-27,1,52
S00276,2026-01-28,1,65
S00276,2026-01-29,2,42
S00276,2026-01-30,2,34
S00276,2026-02-01,3,37
S00276,2026-02-02,4,21
S00276,2026-02-03,4,52
S00276,2026-02-04,4,35
S00276,2026-02-05,5,66
S00276,2026-02-06,5,32
S00276,2026-02-07,5,21
S00276,2026-02-07,6,47
S00276,2026-02-08,7,55
S00276,2026-02-09,7,60
S00276,2026-02-10,7,55
S00276,2026-02-09,8,43
S00276,2026-02-10,8,39
S00276,2026-02-12,9,45
S00276,2026-02-13,9,32
S00276,2026-02-14,9,73
S00276,2026-02-13,10,48
S00277,2026-02-01,1,27
S00277,2026-02-02,1,50
S00277,2026-02-03,1,36
S00277,2026-02-10,2,45
S00278,2026-03-28,1,13
S00278,2026-03-29,1,14
S00278,2026-03-30,1,20
S00278,2026-04-02,2,16
S00278,2026-04-08,3,19
S00278,2026-04-09,3,48
S00278,2026-04-10,3,46
S00278,2026-04-13,4,46
S00278,2026-04-14,4,45
S00278,2026-04-15,4,10
S00278,2026-04-24,5,22
S00278,2026-05-02,6,23
S00278,2026-05-12,7,35
S00278,2026-05-13,7,40
S00278,2026-05-14,7,42
S00279,2026-05-22,1,50
S00279,2026-05-23,1,20
S00279,2026-05-24,1,19
S00279,2026-05-27,2,39
S00279,2026-06-03,3,53
S00279,2026-06-12,4,51
S00279,2026-06-21,5,39
S00279,2026-06-22,5,10
S00279,2026-06-23,5,49
S00279,2026-07-01,6,31
S00279,2026-07-02,6,33
S00279,2026-07-15,7,9
S00279,2026-07-16,7,20
S00279,2026-07-17,7,10
S00279,2026-07-27,8,22
S00280,2026-05-14,1,23
S00280,2026-05-15,1,55
S00280,2026-05-17,2,16
S00280,2026-05-18,2,30
S00280,2026-05-19,2,45
S00280,2026-05-25,3,38
S00280,2026-05-26,3,36
S00280,2026-06-01,4,33
S00280,2026-06-09,5,32
S00280,2026-06-16,6,22
S00280,2026-06-17,6,27
S00280,2026-06-28,7,14
S00280,2026-06-29,7,23
S00280,2026-07-10,8,33
S00280,2026-07-11,8,34
S00281,2026-01-16,1,7
S00281,2026-01-18,2,14
S00282,2026-02-13,1,32
S00282,2026-02-14,1,45
S00282,2026-02-15,1,63
S00282,2026-02-14,2,40
S00282,2026-02-15,3,43
S00282,2026-02-16,3,53
S00282,2026-02-17,3,27
S00282,2026-02-18,4,42
S00282,2026-02-19,5,33
S00282,2026-02-20,6,58
S00282,2026-02-21,6,45
S00282,2026-02-21,7,71
S00282,2026-02-22,7,40
S00282,2026-02-23,7,37
S00282,2026-02-23,8,38
S00282,2026-02-24,8,66
S00282,2026-02-24,9,33
S00282,2026-02-25,9,25
S00282,2026-02-27,10,49
S00282,2026-02-28,10,57
S00283,2026-03-07,1,45
S00283,2026-03-08,1,27
S00283,2026-03-09,2,74
S00283,2026-03-11,3,44
S00283,2026-03-13,4,45
S00283,2026-03-14,4,59
S00283,2026-03-16,5,49
S00283,2026-03-17,5,38
S00283,2026-03-17,6,33
S00283,2026-03-18,7,55
S00283,2026-03-19,7,57
S00283,2026-03-19,8,52
S00283,2026-03-20,8,25
S00283,2026-03-21,8,60
S00283,2026-03-22,9,66
S00283,2026-03-23,9,54
S00283,2026-03-24,9,33
S00283,2026-03-24,10,31
S00283,2026-03-25,10,21
S00283,2026-03-26,10,36
S00284,2026-04-23,1,40
S00284,2026-04-24,1,34
S00284,2026-04-25,1,54
S00284,2026-04-24,2,40
S00284,2026-04-27,3,58
S00284,2026-04-29,4,27
S00284,2026-05-01,5,70
S00284,2026-05-02,5,60
S00284,2026-05-02,6,63
S00284,2026-05-03,6,70
S00284,2026-05-05,7,37
S00284,2026-05-06,7,42
S00284,2026-05-07,7,41
S00284,2026-05-08,8,66
S00284,2026-05-09,9,20
S00284,2026-05-10,10,47
S00284,2026-05-11,10,45
S00285,2026-05-18,1,42
S00285,2026-05-19,1,53
S00285,2026-05-27,2,14
S00285,2026-05-28,2,15
S00285,2026-06-04,3,22
S00285,2026-06-05,3,32
S00285,2026-06-22,4,38
S00285,2026-06-23,4,12
S00286,2026-05-01,1,44
S00286,2026-05-02,1,41
S00286,2026-05-03,1,37
S00286,2026-05-04,2,58
S00286,2026-05-06,3,65
S00286,2026-05-07,3,32
S00286,2026-05-07,4,32
S00286,2026-05-08,5,27
S00286,2026-05-10,6,74
S00286,2026-05-11,6,66
S00286,2026-05-12,6,59
S00286,2026-05-13,7,53
S00286,2026-05-14,7,33
S00286,2026-05-15,7,69
S00286,2026-05-14,8,70
S00286,2026-05-15,8,73
S00286,2026-05-16,8,45
S00286,2026-05-17,9,67
S00286,2026-05-18,9,71
S00286,2026-05-19,9,38
S00286,2026-05-20,10,74
S00287,2026-04-19,1,31
S00287,2026-04-20,1,61
S00287,2026-04-21,2,70
S00287,2026-04-22,2,71
S00287,2026-04-22,3,46
S00287,2026-04-23,3,34
S00287,2026-04-24,3,53
S00287,2026-04-25,4,68
S00287,2026-04-26,4,23
S00287,2026-04-27,4,70
S00287,2026-04-28,5,43
S00287,2026-05-01,6,35
S00287,2026-05-02,7,34
S00287,2026-05-03,8,28
S00287,2026-05-04,9,47
S00287,2026-05-05,9,59
S00287,2026-05-07,10,23
S00287,2026-05-08,10,30
S00288,2026-01-14,1,57
S00288,2026-01-17,2,71
S00288,2026-01-18,2,48
S00288,2026-01-18,3,60
S00288,2026-01-19,4,56
S00288,2026-01-20,4,57
S00288,2026-01-21,4,31
S00288,2026-01-20,5,20
S00288,2026-01-23,6,42
S00288,2026-01-26,7,74
S00288,2026-01-29,8,42
S00288,2026-01-30,8,46
S00288,2026-02-01,9,65
S00288,2026-02-02,9,53
S00288,2026-02-03,9,52
S00288,2026-02-04,10,50
S00288,2026-02-05,10,57
S00288,2026-02-06,10,41
S00289,2026-05-18,1,35
S00289,2026-05-19,1,51
S00289,2026-05-20,2,57
S00289,2026-05-21,2,53
S00289,2026-05-22,2,27
S00289,2026-05-22,3,47
S00289,2026-05-23,3,65
S00289,2026-05-24,3,63
S00289,2026-05-25,4,63
S00289,2026-05-26,5,36
S00289,2026-05-27,5,71
S00289,2026-05-28,6,72
S00289,2026-05-31,7,49
S00289,2026-06-01,7,25
S00289,2026-06-02,7,23
S00289,2026-06-03,8,28
S00289,2026-06-04,8,25
S00289,2026-06-05,9,71
S00289,2026-06-06,9,55
S00289,2026-06-06,10,69
S00289,2026-06-07,10,28
S00290,2026-02-06,1,26
S00290,2026-02-07,1,41
S00290,2026-02-08,1,31
S00290,2026-02-15,2,34
S00290,2026-02-24,3,47
S00290,2026-02-25,3,34
S00291,2026-01-19,1,31
S00291,2026-01-20,1,37
S00291,2026-01-22,2,35
S00291,2026-01-23,3,73
S00291,2026-01-26,4,20
S00291,2026-01-27,4,69
S00291,2026-01-28,4,48
S00291,2026-01-27,5,47
S00291,2026-01-28,5,41
S00291,2026-01-28,6,44
S00291,2026-01-29,6,69
S00291,2026-01-30,6,24
S00291,2026-01-31,7,66
S00291,2026-02-01,7,26
S00291,2026-02-03,8,43
S00291,2026-02-04,8,45
S00291,2026-02-05,9,36
S00291,2026-02-06,9,72
S00291,2026-02-06,10,28
S00291,2026-02-07,10,26
S00291,2026-02-08,10,67
S00292,2026-01-12,1,67
S00292,2026-01-13,1,28
S00292,2026-01-14,1,46
S00292,2026-01-15,2,59
S00292,2026-01-16,2,26
S00292,2026-01-17,2,47
S00292,2026-01-18,3,25
S00292,2026-01-19,3,44
S00292,2026-01-20,3,60
S00292,2026-01-20,4,36
S00292,2026-01-22,5,27
S00292,2026-01-23,5,68
S00292,2026-01-24,6,21
S00292,2026-01-25,6,21
S00292,2026-01-27,7,72
S00292,2026-01-30,8,44
S00292,2026-01-31,8,23
S00292,2026-02-02,9,36
S00292,2026-02-04,10,38
S00293,2026-04-07,1,38
S00293,2026-04-17,2,11
S00293,2026-04-18,2,52
S00294,2026-02-04,1,52
S00294,2026-02-05,1,23
S00294,2026-02-06,1,26
S00294,2026-02-05,2,42
S00294,2026-02-06,2,62
S00294,2026-02-06,3,32
S00294,2026-02-07,3,43
S00294,2026-02-08,3,30
S00294,2026-02-07,4,32
S00294,2026-02-09,5,59
S00294,2026-02-12,6,40
S00294,2026-02-14,7,71
S00294,2026-02-15,7,48
S00294,2026-02-15,8,45
S00294,2026-02-16,8,72
S00294,2026-02-16,9,36
S00294,2026-02-17,10,60
S00295,2026-05-28,1,56
S00295,2026-05-30,2,51
S00295,2026-05-31,2,67
S00295,2026-06-01,2,73
S00295,2026-06-02,3,49
S00295,2026-06-03,3,67
S00295,2026-06-04,3,25
S00295,2026-06-03,4,63
S00295,2026-06-06,5,48
S00295,2026-06-07,5,22
S00295,2026-06-09,6,41
S00295,2026-06-11,7,39
S00295,2026-06-12,8,28
S00295,2026-06-13,8,24
S00295,2026-06-14,8,59
S00295,2026-06-13,9,20
S00295,2026-06-14,9,73
S00295,2026-06-15,10,68
S00296,2026-01-14,1,74
S00296,2026-01-15,1,53
S00296,2026-01-16,1,50
S00296,2026-01-16,2,21
S00296,2026-01-17,2,71
S00296,2026-01-18,2,24
S00296,2026-01-17,3,54
S00296,2026-01-18,3,41
S00296,2026-01-19,3,56
S00296,2026-01-20,4,64
S00296,2026-01-21,4,72
S00296,2026-01-22,4,27
S00296,2026-01-22,5,70
S00296,2026-01-23,5,23
S00296,2026-01-23,6,57
S00296,2026-01-24,6,44
S00296,2026-01-26,7,60
S00296,2026-01-29,8,40
S00296,2026-01-30,8,34
S00296,2026-01-30,9,65
S00296,2026-01-31,9,35
S00296,2026-02-02,10,33
S00296,2026-02-03,10,25
S00296,2026-02-04,10,40
S00297,2026-04-22,1,34
S00297,2026-04-23,1,32
S00297,2026-05-01,2,24
S00297,2026-05-02,2,41
S00297,2026-05-03,2,51
S00298,2026-01-07,1,38
S00298,2026-01-08,1,41
S00298,2026-01-09,1,53
S00298,2026-01-08,2,29
S00298,2026-01-10,3,51
S00298,2026-01-12,4,37
S00298,2026-01-13,4,35
S00298,2026-01-14,5,24
S00298,2026-01-15,5,40
S00298,2026-01-15,6,25
S00298,2026-01-16,6,33
S00298,2026-01-17,6,23
S00298,2026-01-17,7,54
S00298,2026-01-20,8,38
S00298,2026-01-21,8,23
S00298,2026-01-22,8,52
S00298,2026-01-22,9,64
S00298,2026-01-23,9,49
S00298,2026-01-25,10,43
S00298,2026-01-26,10,67
S00299,2026-03-23,1,36
S00299,2026-03-24,1,27
S00299,2026-03-25,1,53
S00299,2026-04-02,2,50
S00299,2026-04-03,2,47
S00299,2026-04-04,2,21
S00299,2026-04-12,3,52
S00299,2026-04-13,3,52
S00299,2026-04-14,3,26
S00300,2026-01-18,1,37
S00300,2026-01-19,1,50
S00300,2026-01-19,2,69
S00300,2026-01-21,3,57
S00300,2026-01-22,4,22
S00300,2026-01-23,4,27
S00300,2026-01-24,4,59
S00300,2026-01-23,5,47
S00300,2026-01-24,5,67
S00300,2026-01-24,6,72
S00300,2026-01-25,6,65
S00300,2026-01-27,7,30
S00300,2026-01-28,7,68
S00300,2026-01-30,8,54
S00300,2026-01-31,8,34
S00300,2026-02-02,9,47
S00300,2026-02-03,9,51
S00300,2026-02-03,10,38
S00300,2026-02-04,10,47
S00300,2026-02-05,10,20
S00301,2026-04-22,1,32
S00301,2026-04-23,1,70
S00301,2026-04-24,2,30
S00301,2026-04-25,2,49
S00301,2026-04-26,2,51
S00301,2026-04-26,3,47
S00301,2026-04-27,3,29
S00301,2026-04-28,3,41
S00301,2026-04-29,4,36
S00301,2026-04-30,4,43
S00301,2026-05-01,4,55
S00301,2026-05-01,5,55
S00301,2026-05-02,5,25
S00301,2026-05-02,6,49
S00301,2026-05-03,6,50
S00301,2026-05-05,7,44
S00301,2026-05-06,7,24
S00301,2026-05-07,7,25
S00301,2026-05-08,8,34
S00301,2026-05-09,9,51
S00301,2026-05-10,9,27
S00301,2026-05-11,9,66
S00301,2026-05-10,10,58
S00301,2026-05-11,10,25
S00301,2026-05-12,10,38
S00302,2026-05-10,1,62
S00302,2026-05-11,1,42
S00302,2026-05-13,2,44
S00302,2026-05-14,2,62
S00302,2026-05-14,3,69
S00302,2026-05-15,3,34
S00302,2026-05-15,4,71
S00302,2026-05-16,4,48
S00302,2026-05-17,4,51
S00302,2026-05-18,5,69
S00302,2026-05-19,5,42
S00302,2026-05-20,5,50
S00302,2026-05-19,6,40
S00302,2026-05-20,6,72
S00302,2026-05-21,6,21
S00302,2026-05-22,7,52
S00302,2026-05-25,8,20
S00302,2026-05-26,8,58
S00302,2026-05-27,8,38
S00302,2026-05-27,9,47
S00302,2026-05-29,10,57
S00302,2026-05-30,10,61
S00302,2026-05-31,10,71
S00303,2026-02-11,1,73
S00303,2026-02-12,2,64
S00303,2026-02-13,2,48
S00303,2026-02-14,3,29
S00303,2026-02-15,3,55
S00303,2026-02-16,3,52
S00303,2026-02-16,4,50
S00303,2026-02-18,5,41
S00303,2026-02-21,6,69
S00303,2026-02-22,6,44
S00303,2026-02-24,7,51
S00303,2026-02-27,8,45
S00303,2026-02-28,8,53
S00303,2026-03-01,9,28
S00303,2026-03-02,9,26
S00303,2026-03-03,9,49
S00303,2026-03-04,10,32
S00303,2026-03-05,10,34
S00303,2026-03-06,10,65
S00304,2026-02-10,1,40
S00304,2026-02-11,1,35
S00304,2026-02-12,1,52
S00304,2026-02-14,2,34
S00304,2026-02-15,2,18
S00304,2026-02-16,2,15
S00304,2026-02-22,3,39
S00304,2026-03-07,4,39
S00304,2026-03-08,4,22
S00304,2026-03-19,5,28
S00304,2026-03-30,6,23
S00305,2026-03-21,1,46
S00305,2026-03-22,1,23
S00305,2026-03-30,2,12
S00305,2026-04-17,3,31
S00305,2026-04-18,3,36
S00307,2026-01-23,1,35
S00307,2026-01-26,2,38
S00307,2026-01-27,2,67
S00307,2026-01-29,3,48
S00307,2026-01-30,3,69
S00307,2026-01-31,3,64
S00307,2026-02-01,4,65
S00307,2026-02-02,4,63
S00307,2026-02-03,4,22
S00307,2026-02-03,5,33
S00307,2026-02-04,5,36
S00307,2026-02-06,6,34
S00307,2026-02-07,6,20
S00307,2026-02-08,7,61
S00307,2026-02-09,7,71
S00307,2026-02-09,8,66
S00307,2026-02-12,9,55
S00307,2026-02-14,10,66
S00307,2026-02-15,10,67
S00307,2026-02-16,10,49
S00308,2026-04-19,1,47
S00308,2026-04-20,2,24
S00308,2026-04-21,2,69
S00308,2026-04-22,2,43
S00308,2026-04-21,3,49
S00308,2026-04-23,4,24
S00308,2026-04-24,4,50
S00308,2026-04-24,5,47
S00308,2026-04-25,6,53
S00308,2026-04-26,6,74
S00308,2026-04-26,7,67
S00308,2026-04-28,8,22
S00308,2026-04-29,8,36
S00308,2026-04-30,8,69
S00308,2026-05-01,9,64
S00308,2026-05-02,9,27
S00308,2026-05-02,10,66
S00308,2026-05-03,10,51
S00308,2026-05-04,10,29
S00309,2026-02-03,1,49
S00309,2026-02-04,1,43
S00309,2026-02-05,1,23
S00309,2026-02-11,2,38
S00309,2026-02-19,3,14
S00309,2026-02-20,3,46
S00309,2026-02-21,3,19
S00309,2026-03-06,4,36
S00309,2026-03-07,4,27
S00309,2026-03-08,4,7
S00310,2026-01-11,1,74
S00310,2026-01-12,1,49
S00310,2026-01-13,1,34
S00310,2026-01-14,2,33
S00310,2026-01-16,3,66
S00310,2026-01-17,3,32
S00310,2026-01-18,3,35
S00310,2026-01-19,4,46
S00310,2026-01-20,4,64
S00310,2026-01-21,4,74
S00310,2026-01-22,5,69
S00310,2026-01-23,5,65
S00310,2026-01-24,5,69
S00310,2026-01-24,6,59
S00310,2026-01-26,7,34
S00310,2026-01-27,7,71
S00310,2026-01-27,8,21
S00310,2026-01-30,9,42
S00310,2026-01-31,9,32
S00310,2026-01-31,10,60
S00310,2026-02-01,10,73
S00310,2026-02-02,10,20
S00311,2026-02-03,1,70
S00311,2026-02-04,1,33
S00311,2026-02-05,2,27
S00311,2026-02-08,3,56
S00311,2026-02-09,3,35
S00311,2026-02-10,3,59
S00311,2026-02-09,4,54
S00311,2026-02-10,4,68
S00311,2026-02-12,5,46
S00311,2026-02-14,6,69
S00311,2026-02-15,7,53
S00311,2026-02-16,7,70
S00311,2026-02-17,8,65
S00311,2026-02-18,8,57
S00311,2026-02-19,9,23
S00311,2026-02-21,10,27
S00311,2026-02-22,10,53
S00312,2026-01-18,1,39
S00312,2026-01-19,1,70
S00312,2026-01-20,1,20
S00312,2026-01-20,2,72
S00312,2026-01-22,3,23
S00312,2026-01-25,4,34
S00312,2026-01-26,4,46
S00312,2026-01-27,4,50
S00312,2026-01-27,5,74
S00312,2026-01-28,5,61
S00312,2026-01-30,6,41
S00312,2026-01-31,6,22
S00312,2026-02-01,6,34
S00312,2026-02-01,7,33
S00312,2026-02-02,8,45
S00312,2026-02-04,9,61
S00312,2026-02-05,9,56
S00312,2026-02-05,10,65
S00312,2026-02-06,10,54
S00313,2026-02-15,1,36
S00313,2026-02-16,1,29
S00313,2026-02-17,1,37
S00313,2026-02-16,2,43
S00313,2026-02-18,3,50
S00313,2026-02-19,3,21
S00313,2026-02-20,3,38
S00313,2026-02-21,4,41
S00313,2026-02-24,5,22
S00313,2026-02-25,5,42
S00313,2026-02-25,6,58
S00313,2026-02-26,7,46
S00313,2026-02-27,7,55
S00313,2026-02-28,8,58
S00313,2026-03-01,9,45
S00313,2026-03-02,9,23
S00313,2026-03-03,10,20
S00315,2026-05-07,1,45
S00315,2026-05-08,1,18
S00315,2026-05-12,2,14
S00315,2026-05-13,2,39
S00315,2026-05-14,2,47
S00315,2026-05-19,3,33
S00315,2026-05-29,4,11
S00315,2026-05-30,4,40
S00315,2026-05-31,4,45
S00315,2026-06-11,5,7
S00316,2026-02-04,1,16
S00316,2026-02-05,1,32
S00316,2026-02-09,2,38
S00316,2026-02-10,2,35
S00316,2026-02-11,2,42
S00316,2026-02-14,3,21
S00316,2026-02-15,3,18
S00316,2026-02-16,3,24
S00316,2026-02-22,4,19
S00316,2026-02-23,4,48
S00316,2026-02-24,4,51
S00316,2026-03-01,5,15
S00316,2026-03-02,5,35
S00316,2026-03-03,5,8
S00316,2026-03-10,6,31
S00316,2026-03-26,7,12
S00316,2026-04-08,8,5
S00317,2026-02-18,1,65
S00317,2026-02-19,1,73
S00317,2026-02-19,2,58
S00317,2026-02-20,2,42
S00317,2026-02-21,2,62
S00317,2026-02-21,3,70
S00317,2026-02-22,3,48
S00317,2026-02-23,3,71
S00317,2026-02-24,4,26
S00317,2026-02-25,4,55
S00317,2026-02-26,4,48
S00317,2026-02-26,5,64
S00317,2026-02-27,5,35
S00317,2026-02-28,5,67
S00317,2026-02-27,6,59
S00317,2026-02-28,6,62
S00317,2026-02-28,7,63
S00317,2026-03-02,8,53
S00317,2026-03-04,9,58
S00317,2026-03-05,9,39
S00317,2026-03-06,10,66
S00317,2026-03-07,10,31
S00318,2026-05-15,1,68
S00318,2026-05-16,1,58
S00318,2026-05-16,2,67
S00318,2026-05-17,2,74
S00318,2026-05-17,3,72
S00318,2026-05-18,3,39
S00318,2026-05-20,4,60
S00318,2026-05-22,5,73
S00318,2026-05-23,5,25
S00318,2026-05-24,5,23
S00318,2026-05-24,6,20
S00318,2026-05-25,6,63
S00318,2026-05-26,6,74
S00318,2026-05-25,7,50
S00318,2026-05-26,7,26
S00318,2026-05-28,8,22
S00318,2026-05-29,8,49
S00318,2026-05-30,8,54
S00318,2026-05-30,9,54
S00318,2026-05-31,9,47
S00318,2026-06-02,10,54
S00319,2026-05-25,1,72
S00319,2026-05-28,2,24
S00319,2026-05-31,3,61
S00319,2026-06-01,3,68
S00319,2026-06-03,4,35
S00319,2026-06-04,5,53
S00319,2026-06-05,5,46
S00319,2026-06-06,5,32
S00319,2026-06-05,6,70
S00319,2026-06-06,7,25
S00319,2026-06-07,7,47
S00319,2026-06-08,7,51
S00319,2026-06-08,8,51
S00319,2026-06-11,9,49
S00319,2026-06-12,9,69
S00319,2026-06-14,10,55
S00320,2026-05-20,1,55
S00320,2026-05-22,2,35
S00320,2026-05-23,2,74
S00320,2026-05-23,3,31
S00320,2026-05-24,3,57
S00320,2026-05-24,4,51
S00320,2026-05-27,5,65
S00320,2026-05-28,5,43
S00320,2026-05-29,5,29
S00320,2026-05-30,6,55
S00320,2026-05-31,6,44
S00320,2026-05-31,7,38
S00320,2026-06-01,7,65
S00320,2026-06-02,8,23
S00320,2026-06-05,9,29
S00320,2026-06-08,10,60
S00321,2026-04-13,1,22
S00321,2026-04-14,1,33
S00321,2026-04-15,1,68
S00321,2026-04-16,2,36
S00321,2026-04-18,3,73
S00321,2026-04-19,3,74
S00321,2026-04-20,4,21
S00321,2026-04-23,5,49
S00321,2026-04-24,6,44
S00321,2026-04-25,6,57
S00321,2026-04-26,6,63
S00321,2026-04-26,7,56
S00321,2026-04-27,7,35
S00321,2026-04-28,8,42
S00321,2026-05-01,9,39
S00321,2026-05-02,9,42
S00321,2026-05-03,9,62
S00321,2026-05-02,10,41
S00321,2026-05-03,10,29
S00321,2026-05-04,10,42
S00322,2026-05-26,1,45
S00322,2026-05-27,1,46
S00322,2026-05-28,1,46
S00322,2026-06-03,2,43
S00322,2026-06-10,3,36
S00322,2026-06-11,3,11
S00322,2026-06-19,4,33
S00322,2026-06-28,5,24
S00322,2026-06-29,5,25
S00322,2026-06-30,5,25
S00323,2026-04-29,1,13
S00323,2026-05-04,2,25
S00323,2026-05-05,2,49
S00323,2026-05-08,3,15
S00323,2026-05-18,4,15
S00323,2026-05-19,4,10
S00323,2026-05-25,5,29
S00323,2026-05-26,5,20
S00323,2026-05-27,5,39
S00323,2026-06-10,6,36
S00323,2026-06-11,6,21
S00324,2026-04-27,1,41
S00324,2026-04-28,1,63
S00324,2026-04-28,2,56
S00324,2026-04-30,3,64
S00324,2026-05-02,4,26
S00324,2026-05-03,4,22
S00324,2026-05-04,4,52
S00324,2026-05-05,5,61
S00324,2026-05-06,5,21
S00324,2026-05-07,5,45
S00324,2026-05-06,6,59
S00324,2026-05-07,6,42
S00324,2026-05-07,7,48
S00324,2026-05-08,7,38
S00324,2026-05-09,8,42
S00324,2026-05-10,8,58
S00324,2026-05-11,8,65
S00324,2026-05-12,9,32
S00324,2026-05-13,9,59
S00324,2026-05-13,10,46
S00324,2026-05-14,10,55
S00326,2026-04-05,1,35
S00326,2026-04-06,1,42
S00326,2026-04-07,1,30
S00326,2026-04-10,2,36
S00326,2026-04-11,2,17
S00326,2026-04-17,3,40
S00326,2026-04-18,3,25
S00326,2026-04-25,4,41
S00326,2026-04-26,4,12
S00326,2026-04-27,4,36
S00326,2026-05-07,5,22
S00326,2026-05-08,5,17
S00326,2026-05-09,5,28
S00326,2026-05-12,6,5
S00326,2026-05-21,7,30
S00326,2026-06-06,8,21
S00327,2026-05-14,1,53
S00327,2026-05-15,1,56
S00327,2026-05-30,2,43
S00327,2026-05-31,2,43
S00327,2026-06-01,2,30
S00328,2026-03-29,1,29
S00328,2026-04-05,2,34
S00328,2026-04-06,2,53
S00328,2026-04-07,2,20
S00328,2026-04-11,3,20
S00328,2026-04-12,3,30
S00328,2026-04-13,3,45
S00328,2026-04-20,4,50
S00328,2026-04-21,4,33
S00328,2026-04-29,5,29
S00328,2026-04-30,5,8
S00328,2026-05-01,5,34
S00328,2026-05-10,6,10
S00328,2026-05-11,6,26
S00328,2026-05-12,6,20
S00328,2026-05-19,7,42
S00328,2026-05-20,7,45
S00328,2026-05-28,8,18
S00329,2026-01-15,1,37
S00329,2026-01-16,1,67
S00329,2026-01-17,2,72
S00329,2026-01-18,2,53
S00329,2026-01-19,2,22
S00329,2026-01-18,3,71
S00329,2026-01-19,3,48
S00329,2026-01-21,4,56
S00329,2026-01-24,5,43
S00329,2026-01-25,6,29
S00329,2026-01-27,7,50
S00329,2026-01-28,7,44
S00329,2026-01-30,8,63
S00329,2026-01-31,9,39
S00329,2026-02-01,10,27
S00329,2026-02-02,10,50
S00329,2026-02-03,10,39
S00330,2026-03-04,1,24
S00330,2026-03-05,1,28
S00330,2026-03-06,1,26
S00330,2026-03-05,2,34
S00330,2026-03-06,2,53
S00330,2026-03-07,2,32
S00330,2026-03-07,3,69
S00330,2026-03-08,3,49
S00330,2026-03-09,3,41
S00330,2026-03-10,4,20
S00330,2026-03-13,5,60
S00330,2026-03-15,6,50
S00330,2026-03-18,7,41
S00330,2026-03-20,8,20
S00330,2026-03-23,9,64
S00330,2026-03-24,9,21
S00330,2026-03-25,9,33
S00330,2026-03-26,10,35
S00330,2026-03-27,10,72
S00331,2026-01-05,1,30
S00331,2026-01-06,1,41
S00331,2026-01-07,1,22
S00331,2026-01-06,2,43
S00331,2026-01-07,2,20
S00331,2026-01-07,3,57
S00331,2026-01-08,3,67
S00331,2026-01-09,3,46
S00331,2026-01-10,4,51
S00331,2026-01-11,4,42
S00331,2026-01-12,5,58
S00331,2026-01-14,6,65
S00331,2026-01-15,6,51
S00331,2026-01-16,6,62
S00331,2026-01-17,7,29
S00331,2026-01-19,8,58
S00331,2026-01-20,8,29
S00331,2026-01-21,8,71
S00331,2026-01-22,9,30
S00331,2026-01-23,9,52
S00331,2026-01-25,10,41
S00331,2026-01-26,10,45
S00332,2026-03-17,1,24
S00332,2026-03-18,1,15
S00332,2026-03-19,1,30
S00332,2026-03-23,2,32
S00332,2026-04-04,3,48
S00332,2026-04-05,3,17
S00332,2026-04-17,4,30
S00333,2026-04-28,1,64
S00333,2026-04-29,1,28
S00333,2026-05-01,2,61
S00333,2026-05-02,3,24
S00333,2026-05-03,3,44
S00333,2026-05-04,3,30
S00333,2026-05-04,4,51
S00333,2026-05-05,4,40
S00333,2026-05-06,4,37
S00333,2026-05-06,5,70
S00333,2026-05-07,5,34
S00333,2026-05-08,6,70
S00333,2026-05-10,7,55
S00333,2026-05-11,7,58
S00333,2026-05-12,7,49
S00333,2026-05-11,8,64
S00333,2026-05-12,8,29
S00333,2026-05-13,9,65
S00333,2026-05-14,9,71
S00333,2026-05-14,10,52
S00333,2026-05-15,10,38
S00334,2026-04-11,1,56
S00334,2026-04-12,1,38
S00334,2026-04-13,1,72
S00334,2026-04-12,2,21
S00334,2026-04-13,2,27
S00334,2026-04-14,3,47
S00334,2026-04-15,3,29
S00334,2026-04-16,3,64
S00334,2026-04-17,4,24
S00334,2026-04-19,5,40
S00334,2026-04-20,5,40
S00334,2026-04-20,6,68
S00334,2026-04-21,7,68
S00334,2026-04-22,7,59
S00334,2026-04-24,8,73
S00334,2026-04-25,8,46
S00334,2026-04-26,8,27
S00334,2026-04-27,9,26
S00334,2026-04-28,9,66
S00334,2026-04-29,10,73
S00334,2026-04-30,10,69
S00335,2026-01-16,1,55
S00335,2026-01-18,2,71
S00335,2026-01-20,3,58
S00335,2026-01-21,3,67
S00335,2026-01-23,4,63
S00335,2026-01-26,5,74
S00335,2026-01-27,5,20
S00335,2026-01-28,5,27
S00335,2026-01-28,6,70
S00335,2026-01-29,6,72
S00335,2026-01-31,7,20
S00335,2026-02-01,7,48
S00335,2026-02-02,7,42
S00335,2026-02-01,8,24
S00335,2026-02-02,8,26
S00335,2026-02-03,8,25
S00335,2026-02-02,9,31
S00335,2026-02-03,10,56
S00335,2026-02-04,10,64
S00335,2026-02-05,10,45
S00336,2026-04-04,1,74
S00336,2026-04-06,2,51
S00336,2026-04-07,2,70
S00336,2026-04-08,2,71
S00336,2026-04-09,3,22
S00336,2026-04-10,3,70
S00336,2026-04-10,4,65
S00336,2026-04-11,4,69
S00336,2026-04-11,5,57
S00336,2026-04-12,5,34
S00336,2026-04-12,6,22
S00336,2026-04-13,6,36
S00336,2026-04-13,7,44
S00336,2026-04-14,8,70
S00336,2026-04-16,9,48
S00336,2026-04-18,10,57
S00336,2026-04-19,10,36
S00337,2026-03-17,1,18
S00337,2026-03-18,2,8
S00338,2026-01-11,1,15
S00338,2026-01-12,1,13
S00338,2026-01-13,1,13
S00338,2026-01-24,2,14
S00338,2026-01-25,2,33
S00339,2026-03-18,1,31
S00339,2026-03-20,2,66
S00339,2026-03-21,2,21
S00339,2026-03-22,3,45
S00339,2026-03-23,3,45
S00339,2026-03-25,4,62
S00339,2026-03-26,4,25
S00339,2026-03-27,4,33
S00339,2026-03-26,5,42
S00339,2026-03-27,5,67
S00339,2026-03-28,5,70
S00339,2026-03-29,6,47
S00339,2026-03-30,6,58
S00339,2026-03-31,7,49
S00339,2026-04-01,7,73
S00339,2026-04-01,8,29
S00339,2026-04-02,8,72
S00339,2026-04-03,8,51
S00339,2026-04-04,9,34
S00339,2026-04-05,9,36
S00339,2026-04-07,10,43
S00340,2026-05-06,1,46
S00340,2026-05-07,1,39
S00340,2026-05-07,2,27
S00340,2026-05-09,3,49
S00340,2026-05-10,3,56
S00340,2026-05-10,4,42
S00340,2026-05-11,4,29
S00340,2026-05-12,4,24
S00340,2026-05-11,5,40
S00340,2026-05-12,5,21
S00340,2026-05-13,5,41
S00340,2026-05-13,6,42
S00340,2026-05-14,6,37
S00340,2026-05-15,6,72
S00340,2026-05-16,7,73
S00340,2026-05-17,7,63
S00340,2026-05-19,8,58
S00340,2026-05-22,9,32
S00340,2026-05-23,9,43
S00340,2026-05-24,9,24
S00340,2026-05-23,10,69
S00340,2026-05-24,10,52
S00340,2026-05-25,10,51
S00341,2026-04-30,1,73
S00341,2026-05-01,1,61
S00341,2026-05-02,1,53
S00341,2026-05-02,2,57
S00341,2026-05-03,2,51
S00341,2026-05-04,2,29
S00341,2026-05-04,3,30
S00341,2026-05-05,3,60
S00341,2026-05-07,4,27
S00341,2026-05-08,5,60
S00341,2026-05-11,6,24
S00341,2026-05-12,7,50
S00341,2026-05-14,8,40
S00341,2026-05-17,9,61
S00341,2026-05-18,9,34
S00341,2026-05-18,10,20
S00342,2026-03-15,1,62
S00342,2026-03-16,1,68
S00342,2026-03-17,1,44
S00342,2026-03-16,2,31
S00342,2026-03-17,2,66
S00342,2026-03-18,2,59
S00342,2026-03-19,3,53
S00342,2026-03-20,3,67
S00342,2026-03-22,4,69
S00342,2026-03-25,5,70
S00342,2026-03-26,5,61
S00342,2026-03-27,5,24
S00342,2026-03-28,6,71
S00342,2026-03-31,7,31
S00342,2026-04-01,7,37
S00342,2026-04-03,8,67
S00342,2026-04-04,8,52
S00342,2026-04-04,9,48
S00342,2026-04-05,10,57
S00343,2026-05-09,1,40
S00343,2026-05-10,1,39
S00343,2026-05-12,2,34
S00343,2026-05-13,2,63
S00343,2026-05-14,2,59
S00343,2026-05-14,3,56
S00343,2026-05-15,3,21
S00343,2026-05-17,4,36
S00343,2026-05-19,5,66
S00343,2026-05-22,6,39
S00343,2026-05-23,6,21
S00343,2026-05-24,7,63
S00343,2026-05-25,7,69
S00343,2026-05-26,8,34
S00343,2026-05-29,9,66
S00343,2026-06-01,10,54
S00343,2026-06-02,10,73
S00344,2026-05-01,1,55
S00344,2026-05-02,1,31
S00344,2026-05-03,1,39
S00344,2026-05-04,2,23
S00344,2026-05-05,2,20
S00344,2026-05-07,3,27
S00344,2026-05-08,3,34
S00344,2026-05-10,4,37
S00344,2026-05-11,4,35
S00344,2026-05-13,5,74
S00344,2026-05-14,5,21
S00344,2026-05-14,6,24
S00344,2026-05-16,7,53
S00344,2026-05-17,7,73
S00344,2026-05-17,8,72
S00344,2026-05-20,9,62
S00344,2026-05-21,9,58
S00344,2026-05-22,9,31
S00344,2026-05-23,10,73
S00344,2026-05-24,10,35
S00345,2026-02-16,1,49
S00345,2026-02-17,1,56
S00345,2026-02-18,1,72
S00345,2026-02-18,2,72
S00345,2026-02-19,2,35
S00345,2026-02-20,2,69
S00345,2026-02-20,3,66
S00345,2026-02-23,4,55
S00345,2026-02-26,5,49
S00345,2026-02-27,5,40
S00345,2026-02-28,5,66
S00345,2026-02-27,6,64
S00345,2026-03-01,7,55
S00345,2026-03-04,8,34
S00345,2026-03-05,9,24
S00345,2026-03-06,9,73
S00345,2026-03-07,9,73
S00345,2026-03-07,10,32
S00346,2026-01-23,1,32
S00346,2026-01-24,1,27
S00346,2026-01-25,1,38
S00346,2026-01-26,2,48
S00346,2026-01-27,2,33
S00346,2026-02-01,3,13
S00346,2026-02-02,3,23
S00346,2026-02-09,4,38
S00346,2026-02-10,4,37
S00346,2026-02-11,4,35
S00346,2026-02-17,5,41
S00346,2026-02-18,5,13
S00346,2026-02-19,5,32
S00346,2026-02-27,6,5
S00346,2026-02-28,6,26
S00346,2026-03-14,7,18
S00346,2026-03-15,7,7
S00346,2026-03-25,8,5
S00346,2026-03-26,8,34
S00347,2026-06-02,1,55
S00347,2026-06-03,1,15
S00347,2026-06-04,1,36
S00347,2026-06-10,2,50
S00348,2026-01-12,1,55
S00348,2026-01-13,1,73
S00348,2026-01-13,2,28
S00348,2026-01-16,3,62
S00348,2026-01-17,3,51
S00348,2026-01-19,4,49
S00348,2026-01-20,5,43
S00348,2026-01-21,6,61
S00348,2026-01-22,7,68
S00348,2026-01-23,7,32
S00348,2026-01-23,8,51
S00348,2026-01-24,8,63
S00348,2026-01-26,9,54
S00348,2026-01-27,9,31
S00348,2026-01-27,10,29
S00348,2026-01-28,10,66
S00348,2026-01-29,10,71
S00349,2026-05-17,1,39
S00349,2026-05-18,1,25
S00349,2026-05-18,2,36
S00349,2026-05-19,2,50
S00349,2026-05-21,3,56
S00349,2026-05-22,3,23
S00349,2026-05-24,4,65
S00349,2026-05-25,4,27
S00349,2026-05-27,5,26
S00349,2026-05-28,5,34
S00349,2026-05-29,5,64
S00349,2026-05-28,6,51
S00349,2026-05-29,6,41
S00349,2026-05-31,7,47
S00349,2026-06-01,7,61
S00349,2026-06-01,8,53
S00349,2026-06-04,9,64
S00349,2026-06-05,9,39
S00349,2026-06-07,10,35
S00349,2026-06-08,10,30
S00349,2026-06-09,10,61
S00350,2026-01-22,1,40
S00350,2026-01-23,1,18
S00350,2026-01-24,1,26
S00350,2026-01-27,2,54
S00350,2026-02-07,3,12
S00350,2026-02-18,4,9
S00351,2026-04-01,1,51
S00351,2026-04-02,1,42
S00351,2026-04-03,1,53
S00351,2026-04-03,2,21
S00351,2026-04-04,2,34
S00351,2026-04-05,2,40
S00351,2026-04-06,3,43
S00351,2026-04-07,3,26
S00351,2026-04-08,3,25
S00351,2026-04-07,4,68
S00351,2026-04-08,4,36
S00351,2026-04-09,5,26
S00351,2026-04-10,5,25
S00351,2026-04-12,6,44
S00351,2026-04-13,6,66
S00351,2026-04-14,6,52
S00351,2026-04-15,7,24
S00351,2026-04-16,8,48
S00351,2026-04-17,8,27
S00351,2026-04-17,9,55
S00351,2026-04-18,10,72
S00353,2026-05-12,1,15
S00353,2026-05-13,1,41
S00353,2026-05-14,1,34
S00353,2026-05-24,2,40
S00353,2026-06-05,3,12
S00353,2026-06-06,3,29
S00353,2026-06-07,3,29
S00354,2026-03-02,1,25
S00354,2026-03-03,1,64
S00354,2026-03-03,2,24
S00354,2026-03-04,2,26
S00354,2026-03-06,3,20
S00354,2026-03-07,3,32
S00354,2026-03-09,4,44
S00354,2026-03-10,4,52
S00354,2026-03-11,4,59
S00354,2026-03-11,5,73
S00354,2026-03-13,6,57
S00354,2026-03-14,6,72
S00354,2026-03-15,6,59
S00354,2026-03-16,7,55
S00354,2026-03-17,7,36
S00354,2026-03-18,7,56
S00354,2026-03-19,8,65
S00354,2026-03-20,9,29
S00354,2026-03-21,9,73
S00354,2026-03-22,10,34
S00355,2026-02-21,1,42
S00355,2026-02-22,1,63
S00355,2026-02-23,1,64
S00355,2026-02-22,2,63
S00355,2026-02-23,2,71
S00355,2026-02-24,2,22
S00355,2026-02-24,3,70
S00355,2026-02-25,3,29
S00355,2026-02-26,3,68
S00355,2026-02-25,4,70
S00355,2026-02-26,4,67
S00355,2026-02-27,4,27
S00355,2026-02-26,5,72
S00355,2026-02-27,5,50
S00355,2026-02-28,5,37
S00355,2026-02-28,6,66
S00355,2026-03-01,7,62
S00355,2026-03-02,7,25
S00355,2026-03-03,7,50
S00355,2026-03-04,8,49
S00355,2026-03-05,8,46
S00355,2026-03-06,8,36
S00355,2026-03-05,9,72
S00355,2026-03-06,10,62
S00356,2026-01-31,1,40
S00356,2026-02-01,1,56
S00356,2026-02-08,2,26
S00356,2026-02-09,2,14
S00357,2026-05-12,1,29
S00357,2026-05-13,1,28
S00357,2026-05-14,1,50
S00357,2026-05-14,2,36
S00357,2026-05-15,2,62
S00357,2026-05-16,2,68
S00357,2026-05-17,3,67
S00357,2026-05-18,3,47
S00357,2026-05-19,4,22
S00357,2026-05-21,5,56
S00357,2026-05-23,6,29
S00357,2026-05-24,6,28
S00357,2026-05-25,6,63
S00357,2026-05-24,7,45
S00357,2026-05-25,7,27
S00357,2026-05-25,8,67
S00357,2026-05-26,8,29
S00357,2026-05-27,9,46
S00357,2026-05-28,9,50
S00357,2026-05-29,9,38
S00357,2026-05-29,10,48
S00357,2026-05-30,10,66
S00357,2026-05-31,10,64
S00358,2026-03-06,1,39
S00358,2026-03-07,1,36
S00358,2026-03-08,1,29
S00358,2026-03-11,2,15
S00358,2026-03-12,2,54
S00358,2026-03-13,2,52
S00358,2026-03-19,3,46
S00358,2026-03-24,4,19
S00358,2026-04-01,5,11
S00358,2026-04-12,6,43
S00358,2026-04-13,6,17
S00358,2026-04-22,7,5
S00358,2026-04-23,7,23
S00358,2026-05-05,8,5
S00358,2026-05-06,8,39
S00358,2026-05-07,8,20
S00360,2026-05-19,1,52
S00360,2026-05-20,1,37
S00360,2026-05-21,1,27
S00360,2026-06-03,2,54
S00360,2026-06-04,2,45
S00360,2026-06-05,2,20
S00361,2026-04-10,1,38
S00361,2026-04-11,1,43
S00361,2026-04-11,2,51
S00361,2026-04-12,2,28
S00361,2026-04-13,3,71
S00361,2026-04-14,3,39
S00361,2026-04-15,3,29
S00361,2026-04-16,4,61
S00361,2026-04-17,5,51
S00361,2026-04-18,5,72
S00361,2026-04-19,5,22
S00361,2026-04-18,6,60
S00361,2026-04-21,7,39
S00361,2026-04-22,7,56
S00361,2026-04-24,8,65
S00361,2026-04-25,8,39
S00361,2026-04-26,8,37
S00361,2026-04-27,9,53
S00361,2026-04-28,9,42
S00361,2026-04-29,10,20
S00362,2026-05-19,1,30
S00362,2026-05-25,2,40
S00362,2026-05-31,3,46
S00362,2026-06-01,3,50
S00362,2026-06-08,4,9
S00362,2026-06-09,4,28
S00362,2026-06-10,4,32
S00362,2026-06-18,5,30
S00362,2026-06-19,5,17
S00362,2026-06-24,6,17
S00362,2026-06-25,6,8
S00362,2026-06-26,6,45
S00362,2026-06-30,7,24
S00362,2026-07-10,8,40
S00362,2026-07-11,8,5
S00363,2026-05-29,1,33
S00363,2026-05-30,2,25
S00363,2026-05-31,2,68
S00363,2026-05-31,3,54
S00363,2026-06-01,3,64
S00363,2026-06-02,3,21
S00363,2026-06-01,4,64
S00363,2026-06-02,4,23
S00363,2026-06-03,4,69
S00363,2026-06-03,5,34
S00363,2026-06-04,6,20
S00363,2026-06-05,6,57
S00363,2026-06-07,7,32
S00363,2026-06-09,8,22
S00363,2026-06-10,9,32
S00363,2026-06-11,9,55
S00363,2026-06-12,10,54
S00363,2026-06-13,10,74
S00363,2026-06-14,10,26
S00364,2026-03-23,1,58
S00364,2026-03-26,2,43
S00364,2026-03-27,2,42
S00364,2026-03-27,3,45
S00364,2026-03-28,3,27
S00364,2026-03-28,4,52
S00364,2026-03-29,4,73
S00364,2026-03-30,4,23
S00364,2026-03-29,5,62
S00364,2026-03-30,5,64
S00364,2026-03-31,5,27
S00364,2026-03-30,6,26
S00364,2026-03-31,6,67
S00364,2026-04-01,7,42
S00364,2026-04-02,7,67
S00364,2026-04-04,8,23
S00364,2026-04-05,8,63
S00364,2026-04-06,8,56
S00364,2026-04-06,9,73
S00364,2026-04-07,9,69
S00364,2026-04-08,10,23
S00364,2026-04-09,10,67
S00364,2026-04-10,10,73
S00366,2026-04-23,1,37
S00366,2026-04-26,2,43
S00366,2026-04-29,3,32
S00366,2026-04-30,3,24
S00366,2026-05-01,3,63
S00366,2026-05-01,4,28
S00366,2026-05-02,4,68
S00366,2026-05-02,5,24
S00366,2026-05-04,6,66
S00366,2026-05-05,6,33
S00366,2026-05-05,7,66
S00366,2026-05-06,7,63
S00366,2026-05-06,8,53
S00366,2026-05-07,8,36
S00366,2026-05-08,8,22
S00366,2026-05-07,9,68
S00366,2026-05-08,9,71
S00366,2026-05-09,9,57
S00366,2026-05-09,10,58
S00366,2026-05-10,10,38
S00366,2026-05-11,10,71
S00367,2026-01-14,1,13
S00368,2026-01-07,1,8
S00369,2026-01-09,1,35
S00369,2026-01-11,2,29
S00369,2026-01-12,2,28
S00369,2026-01-14,3,31
S00369,2026-01-15,3,37
S00369,2026-01-15,4,61
S00369,2026-01-16,4,21
S00369,2026-01-17,5,59
S00369,2026-01-18,5,43
S00369,2026-01-18,6,31
S00369,2026-01-19,6,50
S00369,2026-01-19,7,65
S00369,2026-01-20,7,65
S00369,2026-01-21,7,36
S00369,2026-01-20,8,58
S00369,2026-01-21,8,73
S00369,2026-01-22,8,67
S00369,2026-01-22,9,26
S00369,2026-01-23,9,71
S00369,2026-01-24,9,27
S00369,2026-01-25,10,37
S00369,2026-01-26,10,57
S00369,2026-01-27,10,73
S00370,2026-04-28,1,70
S00370,2026-04-29,1,27
S00370,2026-04-30,1,53
S00370,2026-04-30,2,54
S00370,2026-05-01,2,38
S00370,2026-05-02,2,62
S00370,2026-05-02,3,49
S00370,2026-05-03,3,37
S00370,2026-05-05,4,22
S00370,2026-05-06,4,42
S00370,2026-05-07,5,48
S00370,2026-05-08,6,45
S00370,2026-05-10,7,33
S00370,2026-05-11,8,70
S00370,2026-05-12,8,20
S00370,2026-05-13,8,41
S00370,2026-05-14,9,74
S00370,2026-05-15,9,45
S00370,2026-05-16,9,33
S00370,2026-05-15,10,74
S00370,2026-05-16,10,35
S00370,2026-05-17,10,61
S00371,2026-02-27,1,67
S00371,2026-03-01,2,21
S00371,2026-03-02,2,48
S00371,2026-03-02,3,40
S00371,2026-03-03,4,45
S00371,2026-03-04,4,70
S00371,2026-03-06,5,64
S00371,2026-03-07,6,60
S00371,2026-03-08,6,30
S00371,2026-03-10,7,22
S00371,2026-03-11,7,60
S00371,2026-03-12,8,64
S00371,2026-03-13,8,26
S00371,2026-03-14,8,38
S00371,2026-03-13,9,64
S00371,2026-03-14,10,61
S00372,2026-03-15,1,27
S00372,2026-03-18,2,38
S00372,2026-03-19,3,33
S00372,2026-03-20,3,49
S00372,2026-03-22,4,72
S00372,2026-03-23,4,71
S00372,2026-03-24,4,36
S00372,2026-03-24,5,26
S00372,2026-03-27,6,46
S00372,2026-03-28,6,45
S00372,2026-03-29,7,39
S00372,2026-03-30,7,23
S00372,2026-03-30,8,59
S00372,2026-03-31,8,67
S00372,2026-03-31,9,55
S00372,2026-04-01,9,21
S00372,2026-04-01,10,34
S00372,2026-04-02,10,60
S00373,2026-04-04,1,37
S00373,2026-04-05,1,61
S00373,2026-04-07,2,32
S00373,2026-04-09,3,72
S00373,2026-04-10,3,21
S00373,2026-04-11,3,53
S00373,2026-04-10,4,31
S00373,2026-04-12,5,69
S00373,2026-04-13,6,31
S00373,2026-04-14,6,34
S00373,2026-04-16,7,63
S00373,2026-04-17,8,57
S00373,2026-04-18,8,63
S00373,2026-04-19,8,70
S00373,2026-04-18,9,65
S00373,2026-04-19,9,55
S00373,2026-04-19,10,25
S00374,2026-05-08,1,25
S00374,2026-05-09,1,24
S00374,2026-05-10,1,17
S00374,2026-05-14,2,20
S00374,2026-05-24,3,30
S00374,2026-05-25,3,48
S00374,2026-06-01,4,39
S00374,2026-06-02,4,51
S00374,2026-06-14,5,39
S00374,2026-06-26,6,34
S00374,2026-06-27,6,10
S00375,2026-05-25,1,63
S00375,2026-05-28,2,51
S00375,2026-05-29,2,32
S00375,2026-05-30,2,34
S00375,2026-05-30,3,30
S00375,2026-05-31,3,51
S00375,2026-06-01,3,59
S00375,2026-06-02,4,24
S00375,2026-06-03,4,54
S00375,2026-06-04,4,66
S00375,2026-06-05,5,37
S00375,2026-06-06,6,47
S00375,2026-06-07,6,65
S00375,2026-06-09,7,58
S00375,2026-06-10,8,72
S00375,2026-06-12,9,22
S00375,2026-06-13,9,65
S00375,2026-06-15,10,25
S00375,2026-06-16,10,33
S00376,2026-03-07,1,38
S00376,2026-03-08,1,28
S00376,2026-03-08,2,60
S00376,2026-03-09,2,72
S00376,2026-03-09,3,31
S00376,2026-03-10,4,22
S00376,2026-03-11,4,21
S00376,2026-03-12,4,74
S00376,2026-03-13,5,65
S00376,2026-03-14,5,48
S00376,2026-03-15,6,73
S00376,2026-03-16,6,58
S00376,2026-03-17,6,63
S00376,2026-03-18,7,64
S00376,2026-03-19,7,39
S00376,2026-03-20,7,40
S00376,2026-03-21,8,45
S00376,2026-03-24,9,57
S00376,2026-03-25,9,67
S00376,2026-03-25,10,55
S00376,2026-03-26,10,70
S00376,2026-03-27,10,55
S00377,2026-03-20,1,40
S00377,2026-03-25,2,28
S00377,2026-03-31,3,14
S00377,2026-04-01,3,24
S00377,2026-04-11,4,43
S00377,2026-04-12,4,29
S00377,2026-04-13,4,7
S00377,2026-04-16,5,37
S00377,2026-04-17,5,19
S00377,2026-04-24,6,22
S00377,2026-04-25,6,27
S00377,2026-05-08,7,17
S00377,2026-05-09,7,18
S00377,2026-05-10,7,7
S00378,2026-03-02,1,46
S00378,2026-03-03,1,70
S00378,2026-03-04,1,30
S00378,2026-03-05,2,59
S00378,2026-03-06,2,22
S00378,2026-03-07,2,21
S00378,2026-03-06,3,65
S00378,2026-03-07,3,53
S00378,2026-03-08,3,39
S00378,2026-03-08,4,20
S00378,2026-03-09,4,39
S00378,2026-03-09,5,46
S00378,2026-03-10,5,42
S00378,2026-03-11,5,57
S00378,2026-03-11,6,50
S00378,2026-03-12,6,42
S00378,2026-03-13,7,30
S00378,2026-03-14,7,54
S00378,2026-03-16,8,70
S00378,2026-03-17,8,48
S00378,2026-03-17,9,36
S00378,2026-03-18,9,38
S00378,2026-03-18,10,40
S00378,2026-03-19,10,22
S00378,2026-03-20,10,21
S00379,2026-05-29,1,24
S00379,2026-06-02,2,49
S00379,2026-06-03,2,51
S00379,2026-06-10,3,16
S00379,2026-06-11,3,34
S00379,2026-06-12,3,32
S00379,2026-06-16,4,27
S00379,2026-06-17,4,37
S00379,2026-07-01,5,30
S00379,2026-07-02,5,33
S00379,2026-07-03,5,9
S00379,2026-07-13,6,5
S00379,2026-07-14,6,46
S00380,2026-01-29,1,68
S00380,2026-01-30,1,64
S00380,2026-01-30,2,67
S00380,2026-01-31,3,64
S00380,2026-02-01,3,23
S00380,2026-02-02,4,63
S00380,2026-02-03,4,53
S00380,2026-02-03,5,33
S00380,2026-02-04,6,33
S00380,2026-02-05,6,36
S00380,2026-02-06,6,69
S00380,2026-02-06,7,47
S00380,2026-02-07,7,64
S00380,2026-02-09,8,21
S00380,2026-02-10,8,30
S00380,2026-02-11,9,58
S00380,2026-02-12,9,37
S00380,2026-02-13,9,32
S00380,2026-02-14,10,43
S00380,2026-02-15,10,48
S00381,2026-02-27,1,66
S00381,2026-02-28,1,65
S00381,2026-03-01,2,50
S00381,2026-03-02,2,25
S00381,2026-03-03,2,68
S00381,2026-03-02,3,34
S00381,2026-03-03,3,71
S00381,2026-03-04,3,62
S00381,2026-03-03,4,62
S00381,2026-03-04,4,25
S00381,2026-03-05,4,42
S00381,2026-03-05,5,34
S00381,2026-03-06,5,42
S00381,2026-03-07,5,41
S00381,2026-03-07,6,65
S00381,2026-03-08,6,66
S00381,2026-03-09,6,71
S00381,2026-03-08,7,57
S00381,2026-03-09,7,27
S00381,2026-03-10,7,71
S00381,2026-03-10,8,68
S00381,2026-03-11,8,51
S00381,2026-03-12,9,65
S00381,2026-03-14,10,65
S00381,2026-03-15,10,33
S00382,2026-03-25,1,27
S00382,2026-03-26,1,42
S00382,2026-03-27,1,36
S00382,2026-03-29,2,43
S00382,2026-04-04,3,32
S00382,2026-04-11,4,7
S00382,2026-04-12,4,49
S00382,2026-04-18,5,43
S00382,2026-04-19,5,19
S00382,2026-04-25,6,27
S00382,2026-05-09,7,5
S00382,2026-05-10,7,12
S00383,2026-01-08,1,29
S00383,2026-01-12,2,45
S00383,2026-01-13,2,48
S00383,2026-01-14,2,52
S00383,2026-01-21,3,31
S00383,2026-01-29,4,37
S00383,2026-01-30,4,50
S00383,2026-02-08,5,18
S00383,2026-02-09,5,6
S00384,2026-02-25,1,18
S00384,2026-02-27,2,19
S00385,2026-04-28,1,14
S00385,2026-04-29,1,28
S00385,2026-04-30,1,31
S00385,2026-05-04,2,28
S00385,2026-05-12,3,10
S00385,2026-05-13,3,43
S00385,2026-05-14,3,36
S00385,2026-05-19,4,7
S00385,2026-05-20,4,48
S00386,2026-05-06,1,44
S00386,2026-05-07,1,19
S00386,2026-05-11,2,17
S00386,2026-05-21,3,49
S00386,2026-05-22,3,41
S00386,2026-05-23,3,28
S00386,2026-06-01,4,25
S00386,2026-06-02,4,49
S00386,2026-06-03,4,11
S00387,2026-05-04,1,24
S00387,2026-05-07,2,41
S00387,2026-05-08,3,73
S00387,2026-05-11,4,72
S00387,2026-05-14,5,62
S00387,2026-05-15,5,59
S00387,2026-05-17,6,47
S00387,2026-05-18,6,50
S00387,2026-05-19,7,67
S00387,2026-05-20,7,63
S00387,2026-05-20,8,39
S00387,2026-05-21,8,33
S00387,2026-05-21,9,46
S00387,2026-05-23,10,22
S00388,2026-05-27,1,69
S00388,2026-05-28,2,45
S00388,2026-05-30,3,38
S00388,2026-06-02,4,46
S00388,2026-06-03,5,60
S00388,2026-06-04,5,24
S00388,2026-06-05,5,57
S00388,2026-06-05,6,40
S00388,2026-06-07,7,53
S00388,2026-06-08,7,68
S00388,2026-06-09,7,34
S00388,2026-06-09,8,51
S00388,2026-06-10,8,72
S00388,2026-06-10,9,25
S00388,2026-06-11,9,33
S00388,2026-06-12,9,42
S00388,2026-06-13,10,57
S00388,2026-06-14,10,60
S00389,2026-02-12,1,49
S00389,2026-02-19,2,24
S00389,2026-02-20,2,23
S00389,2026-03-01,3,24
S00389,2026-03-12,4,35
S00389,2026-03-13,4,14
S00389,2026-03-14,4,39
S00390,2026-04-01,1,38
S00390,2026-04-12,2,37
S00390,2026-04-13,2,15
S00392,2026-04-22,1,33
S00392,2026-04-23,1,50
S00392,2026-04-24,1,29
S00392,2026-04-23,2,53
S00392,2026-04-24,2,42
S00392,2026-04-25,2,44
S00392,2026-04-26,3,27
S00392,2026-04-27,3,33
S00392,2026-04-28,3,20
S00392,2026-04-27,4,70
S00392,2026-04-28,4,34
S00392,2026-04-30,5,23
S00392,2026-05-01,5,24
S00392,2026-05-02,5,69
S00392,2026-05-02,6,22
S00392,2026-05-03,6,46
S00392,2026-05-04,7,33
S00392,2026-05-07,8,40
S00392,2026-05-08,8,64
S00392,2026-05-08,9,57
S00392,2026-05-11,10,42
S00393,2026-01-28,1,24
S00393,2026-01-29,1,24
S00393,2026-01-30,2,61
S00393,2026-01-31,2,42
S00393,2026-02-01,3,47
S00393,2026-02-02,3,52
S00393,2026-02-03,3,61
S00393,2026-02-02,4,61
S00393,2026-02-03,4,67
S00393,2026-02-04,4,20
S00393,2026-02-03,5,65
S00393,2026-02-04,5,61
S00393,2026-02-05,5,53
S00393,2026-02-04,6,48
S00393,2026-02-05,6,44
S00393,2026-02-07,7,23
S00393,2026-02-08,7,64
S00393,2026-02-09,7,57
S00393,2026-02-10,8,66
S00393,2026-02-11,9,52
S00393,2026-02-14,10,24
S00393,2026-02-15,10,65
S00394,2026-01-24,1,31
S00394,2026-01-25,1,19
S00394,2026-02-02,2,42
S00394,2026-02-16,3,25
S00394,2026-02-17,3,17
S00395,2026-01-31,1,38
S00395,2026-02-01,1,49
S00395,2026-02-02,1,45
S00395,2026-02-02,2,32
S00395,2026-02-03,3,52
S00395,2026-02-04,3,24
S00395,2026-02-06,4,70
S00395,2026-02-07,4,30
S00395,2026-02-07,5,47
S00395,2026-02-08,6,23
S00395,2026-02-09,6,31
S00395,2026-02-11,7,42
S00395,2026-02-12,7,24
S00395,2026-02-13,8,38
S00395,2026-02-14,8,33
S00395,2026-02-15,8,40
S00395,2026-02-14,9,57
S00395,2026-02-15,9,36
S00395,2026-02-16,10,30
S00395,2026-02-17,10,57
S00396,2026-04-23,1,19
S00396,2026-04-24,2,8
S00398,2026-05-13,1,36
S00398,2026-05-14,1,33
S00398,2026-05-15,2,64
S00398,2026-05-16,2,49
S00398,2026-05-17,3,43
S00398,2026-05-18,3,55
S00398,2026-05-19,4,45
S00398,2026-05-20,4,56
S00398,2026-05-21,5,35
S00398,2026-05-22,5,38
S00398,2026-05-24,6,60
S00398,2026-05-25,6,50
S00398,2026-05-27,7,28
S00398,2026-05-28,7,42
S00398,2026-05-30,8,38
S00398,2026-06-01,9,38
S00398,2026-06-02,9,68
S00398,2026-06-02,10,70
S00398,2026-06-03,10,36
S00399,2026-03-11,1,24
S00399,2026-03-21,2,25
S00399,2026-03-22,2,26
S00399,2026-03-31,3,48
S00399,2026-04-01,3,46
S00399,2026-04-02,3,38
S00399,2026-04-16,4,42
S00399,2026-04-17,4,51
S00399,2026-04-18,4,26
S00400,2026-01-30,1,47
S00400,2026-01-31,1,24
S00400,2026-02-01,1,45
S00400,2026-02-05,2,41
S00400,2026-02-06,2,27
S00400,2026-02-07,2,22
S00400,2026-02-11,3,21
S00400,2026-02-12,3,26
S00400,2026-02-13,3,51
S00400,2026-02-22,4,9
S00400,2026-02-23,4,25
S00400,2026-03-01,5,39
S00400,2026-03-02,5,18
S00400,2026-03-03,5,43
S00401,2026-04-25,1,46
S00401,2026-04-26,1,40
S00401,2026-04-28,2,21
S00401,2026-05-01,3,55
S00401,2026-05-02,3,29
S00401,2026-05-02,4,26
S00401,2026-05-03,4,23
S00401,2026-05-04,4,34
S00401,2026-05-04,5,54
S00401,2026-05-06,6,38
S00401,2026-05-07,7,54
S00401,2026-05-08,7,44
S00401,2026-05-10,8,29
S00401,2026-05-11,8,21
S00401,2026-05-13,9,67
S00401,2026-05-14,9,30
S00401,2026-05-15,9,55
S00401,2026-05-16,10,62
S00401,2026-05-17,10,26
S00401,2026-05-18,10,46
S00402,2026-05-02,1,16
S00403,2026-05-02,1,62
S00403,2026-05-03,1,60
S00403,2026-05-04,1,36
S00403,2026-05-05,2,20
S00403,2026-05-06,2,60
S00403,2026-05-07,2,64
S00403,2026-05-08,3,34
S00403,2026-05-09,3,36
S00403,2026-05-09,4,54
S00403,2026-05-10,4,42
S00403,2026-05-11,4,73
S00403,2026-05-12,5,20
S00403,2026-05-13,5,33
S00403,2026-05-14,6,24
S00403,2026-05-16,7,72
S00403,2026-05-17,7,46
S00403,2026-05-17,8,37
S00403,2026-05-18,8,35
S00403,2026-05-18,9,35
S00403,2026-05-20,10,74
S00403,2026-05-21,10,52
S00404,2026-03-20,1,48
S00404,2026-03-21,1,38
S00404,2026-03-22,1,22
S00404,2026-03-26,2,46
S00404,2026-04-09,3,35
S00404,2026-04-10,3,29
S00404,2026-04-11,3,52
S00405,2026-01-09,1,52
S00405,2026-01-10,1,71
S00405,2026-01-11,2,33
S00405,2026-01-12,2,67
S00405,2026-01-13,2,39
S00405,2026-01-14,3,55
S00405,2026-01-16,4,55
S00405,2026-01-17,4,66
S00405,2026-01-19,5,26
S00405,2026-01-20,5,66
S00405,2026-01-20,6,24
S00405,2026-01-21,6,69
S00405,2026-01-22,6,31
S00405,2026-01-23,7,38
S00405,2026-01-24,7,28
S00405,2026-01-25,8,66
S00405,2026-01-26,8,70
S00405,2026-01-26,9,51
S00405,2026-01-27,9,56
S00405,2026-01-28,9,51
S00405,2026-01-27,10,57
S00405,2026-01-28,10,49
S00405,2026-01-29,10,51
S00406,2026-01-12,1,13
S00406,2026-01-13,2,7
S00407,2026-01-10,1,43
S00407,2026-01-11,1,67
S00407,2026-01-13,2,68
S00407,2026-01-15,3,39
S00407,2026-01-16,3,51
S00407,2026-01-17,3,67
S00407,2026-01-18,4,64
S00407,2026-01-19,5,23
S00407,2026-01-20,5,31
S00407,2026-01-21,5,36
S00407,2026-01-20,6,25
S00407,2026-01-21,6,63
S00407,2026-01-23,7,59
S00407,2026-01-24,7,44
S00407,2026-01-25,8,31
S00407,2026-01-26,8,60
S00407,2026-01-27,8,71
S00407,2026-01-28,9,64
S00407,2026-01-31,10,26
S00407,2026-02-01,10,28
S00408,2026-04-18,1,42
S00408,2026-04-19,2,57
S00408,2026-04-20,2,31
S00408,2026-04-21,2,43
S00408,2026-04-21,3,58
S00408,2026-04-22,3,31
S00408,2026-04-23,4,60
S00408,2026-04-24,4,69
S00408,2026-04-26,5,62
S00408,2026-04-27,5,69
S00408,2026-04-28,5,62
S00408,2026-04-29,6,55
S00408,2026-05-01,7,22
S00408,2026-05-04,8,65
S00408,2026-05-05,8,34
S00408,2026-05-06,8,51
S00408,2026-05-05,9,46
S00408,2026-05-06,9,42
S00408,2026-05-06,10,24
S00408,2026-05-07,10,28
S00409,2026-05-07,1,6
S00409,2026-05-08,2,18
S00410,2026-01-17,1,48
S00410,2026-01-18,1,66
S00410,2026-01-19,1,56
S00410,2026-01-19,2,38
S00410,2026-01-20,2,54
S00410,2026-01-21,3,22
S00410,2026-01-22,3,53
S00410,2026-01-23,4,56
S00410,2026-01-24,4,34
S00410,2026-01-25,4,51
S00410,2026-01-25,5,71
S00410,2026-01-26,5,42
S00410,2026-01-27,5,54
S00410,2026-01-26,6,52
S00410,2026-01-27,7,67
S00410,2026-01-28,7,57
S00410,2026-01-30,8,28
S00410,2026-01-31,8,24
S00410,2026-02-01,8,24
S00410,2026-02-02,9,40
S00410,2026-02-03,9,50
S00410,2026-02-05,10,72
S00411,2026-01-10,1,30
S00411,2026-01-11,2,57
S00411,2026-01-12,2,60
S00411,2026-01-13,2,69
S00411,2026-01-13,3,30
S00411,2026-01-14,4,41
S00411,2026-01-17,5,60
S00411,2026-01-18,5,72
S00411,2026-01-18,6,32
S00411,2026-01-19,6,47
S00411,2026-01-20,6,73
S00411,2026-01-19,7,26
S00411,2026-01-21,8,52
S00411,2026-01-22,8,30
S00411,2026-01-23,8,32
S00411,2026-01-22,9,56
S00411,2026-01-23,10,26
S00411,2026-01-24,10,33
S00411,2026-01-25,10,67
S00412,2026-04-13,1,12
S00413,2026-01-02,1,19
S00414,2026-05-24,1,36
S00414,2026-05-25,1,36
S00414,2026-06-06,2,40
S00414,2026-06-23,3,14
S00415,2026-06-03,1,39
S00415,2026-06-08,2,32
S00415,2026-06-09,2,46
S00415,2026-06-13,3,12
S00415,2026-06-14,3,19
S00415,2026-06-20,4,14
S00415,2026-06-21,4,26
S00415,2026-06-22,4,27
S00415,2026-06-27,5,20
S00415,2026-07-09,6,32
S00415,2026-07-10,6,9
S00415,2026-07-17,7,27
S00415,2026-07-26,8,29
S00416,2026-05-02,1,60
S00416,2026-05-05,2,43
S00416,2026-05-06,2,32
S00416,2026-05-07,2,40
S00416,2026-05-06,3,42
S00416,2026-05-07,3,69
S00416,2026-05-08,3,65
S00416,2026-05-08,4,43
S00416,2026-05-10,5,73
S00416,2026-05-11,5,27
S00416,2026-05-12,6,35
S00416,2026-05-15,7,41
S00416,2026-05-16,8,33
S00416,2026-05-19,9,63
S00416,2026-05-20,9,45
S00416,2026-05-21,9,28
S00416,2026-05-20,10,25
S00416,2026-05-21,10,61
S00416,2026-05-22,10,29
S00417,2026-03-23,1,50
S00417,2026-03-24,1,21
S00417,2026-03-25,1,37
S00417,2026-03-24,2,66
S00417,2026-03-25,3,66
S00417,2026-03-26,3,21
S00417,2026-03-26,4,42
S00417,2026-03-27,4,45
S00417,2026-03-28,4,30
S00417,2026-03-29,5,33
S00417,2026-03-30,5,33
S00417,2026-04-01,6,55
S00417,2026-04-02,6,46
S00417,2026-04-04,7,38
S00417,2026-04-05,7,26
S00417,2026-04-07,8,24
S00417,2026-04-08,8,27
S00417,2026-04-09,8,33
S00417,2026-04-10,9,65
S00417,2026-04-11,9,51
S00417,2026-04-12,10,33
S00417,2026-04-13,10,28
S00417,2026-04-14,10,57
S00418,2026-03-04,1,45
S00418,2026-03-05,1,63
S00418,2026-03-06,1,22
S00418,2026-03-07,2,64
S00418,2026-03-08,3,53
S00418,2026-03-09,3,43
S00418,2026-03-09,4,53
S00418,2026-03-10,4,43
S00418,2026-03-11,4,74
S00418,2026-03-10,5,53
S00418,2026-03-11,5,35
S00418,2026-03-11,6,44
S00418,2026-03-12,6,61
S00418,2026-03-13,7,72
S00418,2026-03-14,7,53
S00418,2026-03-14,8,26
S00418,2026-03-15,8,65
S00418,2026-03-16,8,24
S00418,2026-03-17,9,37
S00418,2026-03-18,9,57
S00418,2026-03-18,10,64
S00419,2026-04-22,1,31
S00419,2026-04-23,1,52
S00419,2026-04-24,1,52
S00419,2026-04-29,2,26
S00419,2026-04-30,2,36
S00419,2026-05-06,3,35
S00419,2026-05-15,4,20
S00419,2026-05-28,5,13
S00419,2026-05-29,5,14
S00420,2026-02-03,1,30
S00420,2026-02-13,2,12
S00420,2026-02-14,2,43
S00420,2026-02-15,2,22
S00420,2026-02-25,3,17
S00421,2026-01-27,1,35
S00421,2026-01-28,1,43
S00421,2026-02-01,2,43
S00421,2026-02-13,3,22
S00421,2026-02-14,3,19
S00421,2026-03-01,4,34
S00421,2026-03-02,4,10
S00422,2026-03-08,1,17
S00422,2026-03-14,2,46
S00422,2026-03-15,2,23
S00422,2026-03-16,2,30
S00422,2026-03-21,3,23
S00422,2026-03-22,3,25
S00422,2026-03-23,3,15
S00422,2026-03-31,4,49
S00422,2026-04-01,4,27
S00422,2026-04-02,4,47
S00422,2026-04-07,5,18
S00423,2026-01-23,1,29
S00423,2026-01-25,2,26
S00423,2026-01-28,3,40
S00423,2026-01-31,4,39
S00423,2026-02-02,5,31
S00423,2026-02-03,5,52
S00423,2026-02-03,6,45
S00423,2026-02-04,6,34
S00423,2026-02-05,6,45
S00423,2026-02-06,7,51
S00423,2026-02-07,7,28
S00423,2026-02-08,7,33
S00423,2026-02-07,8,49
S00423,2026-02-08,8,35
S00423,2026-02-09,8,31
S00423,2026-02-09,9,48
S00423,2026-02-10,10,55
S00423,2026-02-11,10,20
S00424,2026-02-04,1,49
S00424,2026-02-05,1,72
S00424,2026-02-06,2,26
S00424,2026-02-07,2,26
S00424,2026-02-08,2,69
S00424,2026-02-09,3,72
S00424,2026-02-10,4,32
S00424,2026-02-12,5,56
S00424,2026-02-13,5,26
S00424,2026-02-14,5,27
S00424,2026-02-13,6,65
S00424,2026-02-15,7,35
S00424,2026-02-16,7,30
S00424,2026-02-17,8,32
S00424,2026-02-18,8,22
S00424,2026-02-18,9,38
S00424,2026-02-21,10,34
S00424,2026-02-22,10,20
S00424,2026-02-23,10,67
S00425,2026-01-21,1,24
S00425,2026-01-23,2,23
S00425,2026-01-26,3,50
S00425,2026-01-28,4,69
S00425,2026-01-29,4,31
S00425,2026-01-29,5,24
S00425,2026-02-01,6,52
S00425,2026-02-02,7,58
S00425,2026-02-03,8,45
S00425,2026-02-04,8,47
S00425,2026-02-04,9,32
S00425,2026-02-07,10,42
S00425,2026-02-08,10,41
S00426,2026-04-22,1,56
S00426,2026-04-23,1,43
S00426,2026-04-24,1,26
S00426,2026-04-23,2,22
S00426,2026-04-26,3,65
S00426,2026-04-27,4,57
S00426,2026-04-28,4,54
S00426,2026-04-29,4,29
S00426,2026-04-29,5,43
S00426,2026-04-30,5,47
S00426,2026-04-30,6,62
S00426,2026-05-01,6,42
S00426,2026-05-03,7,38
S00426,2026-05-04,7,41
S00426,2026-05-05,7,20
S00426,2026-05-04,8,38
S00426,2026-05-05,8,55
S00426,2026-05-06,8,70
S00426,2026-05-07,9,43
S00426,2026-05-08,10,52
S00426,2026-05-09,10,60
S00426,2026-05-10,10,65
S00427,2026-04-10,1,71
S00427,2026-04-11,1,59
S00427,2026-04-12,2,23
S00427,2026-04-13,2,51
S00427,2026-04-13,3,24
S00427,2026-04-16,4,58
S00427,2026-04-17,4,52
S00427,2026-04-17,5,52
S00427,2026-04-18,5,60
S00427,2026-04-19,5,62
S00427,2026-04-20,6,54
S00427,2026-04-21,6,36
S00427,2026-04-22,6,61
S00427,2026-04-23,7,44
S00427,2026-04-24,8,39
S00427,2026-04-25,8,62
S00427,2026-04-26,8,74
S00427,2026-04-27,9,70
S00427,2026-04-29,10,35
S00427,2026-04-30,10,22
S00427,2026-05-01,10,26
S00428,2026-01-02,1,12
S00429,2026-04-04,1,52
S00429,2026-04-05,2,52
S00429,2026-04-08,3,51
S00429,2026-04-10,4,29
S00429,2026-04-11,4,33
S00429,2026-04-12,4,58
S00429,2026-04-12,5,56
S00429,2026-04-13,6,27
S00429,2026-04-14,6,43
S00429,2026-04-15,7,37
S00429,2026-04-16,7,23
S00429,2026-04-17,8,37
S00429,2026-04-18,8,66
S00429,2026-04-19,8,59
S00429,2026-04-20,9,25
S00429,2026-04-21,9,73
S00429,2026-04-22,9,45
S00429,2026-04-21,10,41
S00429,2026-04-22,10,46
S00429,2026-04-23,10,34
S00430,2026-02-05,1,22
S00430,2026-02-06,1,48
S00430,2026-02-08,2,25
S00430,2026-02-10,3,36
S00430,2026-02-11,3,22
S00430,2026-02-12,4,48
S00430,2026-02-13,4,73
S00430,2026-02-14,5,28
S00430,2026-02-16,6,23
S00430,2026-02-17,6,65
S00430,2026-02-18,6,50
S00430,2026-02-18,7,54
S00430,2026-02-19,7,58
S00430,2026-02-21,8,27
S00430,2026-02-23,9,61
S00430,2026-02-24,9,26
S00430,2026-02-25,9,32
S00430,2026-02-26,10,33
S00430,2026-02-27,10,30
S00431,2026-05-26,1,27
S00431,2026-05-27,1,36
S00431,2026-05-28,1,24
S00431,2026-05-29,2,45
S00431,2026-05-30,2,50
S00431,2026-05-30,3,61
S00431,2026-05-31,3,68
S00431,2026-06-01,3,45
S00431,2026-05-31,4,33
S00431,2026-06-01,4,20
S00431,2026-06-02,4,36
S00431,2026-06-01,5,73
S00431,2026-06-03,6,32
S00431,2026-06-04,6,35
S00431,2026-06-05,7,64
S00431,2026-06-06,7,38
S00431,2026-06-07,7,32
S00431,2026-06-08,8,44
S00431,2026-06-09,8,57
S00431,2026-06-11,9,26
S00431,2026-06-12,9,74
S00431,2026-06-13,9,35
S00431,2026-06-14,10,55
S00431,2026-06-15,10,51
S00431,2026-06-16,10,43
S00432,2026-05-18,1,30
S00432,2026-05-19,1,51
S00432,2026-05-20,1,13
S00432,2026-05-25,2,35
S00432,2026-05-26,2,13
S00432,2026-05-27,2,40
S00432,2026-06-04,3,12
S00432,2026-06-05,3,47
S00432,2026-06-16,4,27
S00432,2026-06-17,4,9
S00432,2026-06-18,4,31
S00432,2026-07-02,5,18
S00433,2026-01-16,1,21
S00433,2026-01-17,1,19
S00433,2026-01-18,1,38
S00433,2026-01-23,2,45
S00433,2026-01-24,2,53
S00433,2026-01-25,2,42
S00433,2026-02-02,3,21
S00433,2026-02-03,3,49
S00434,2026-01-09,1,33
S00434,2026-01-10,1,58
S00434,2026-01-11,1,24
S00434,2026-01-11,2,62
S00434,2026-01-14,3,72
S00434,2026-01-15,3,42
S00434,2026-01-15,4,65
S00434,2026-01-18,5,69
S00434,2026-01-19,5,28
S00434,2026-01-20,5,45
S00434,2026-01-21,6,39
S00434,2026-01-23,7,44
S00434,2026-01-24,7,63
S00434,2026-01-25,7,44
S00434,2026-01-26,8,38
S00434,2026-01-27,8,57
S00434,2026-01-29,9,34
S00434,2026-01-30,9,30
S00434,2026-01-31,10,47
S00435,2026-01-12,1,50
S00435,2026-01-13,1,48
S00435,2026-01-15,2,65
S00435,2026-01-17,3,28
S00435,2026-01-18,3,20
S00435,2026-01-19,3,40
S00435,2026-01-20,4,34
S00435,2026-01-21,4,71
S00435,2026-01-22,5,48
S00435,2026-01-25,6,35
S00435,2026-01-26,7,20
S00435,2026-01-27,8,67
S00435,2026-01-29,9,35
S00435,2026-01-30,9,48
S00435,2026-02-01,10,62
S00435,2026-02-02,10,61
S00435,2026-02-03,10,36
S00436,2026-04-09,1,48
S00436,2026-04-10,1,22
S00436,2026-04-11,1,48
S00436,2026-04-23,2,22
S00436,2026-04-24,2,51
S00437,2026-02-03,1,21
S00437,2026-02-04,1,57
S00437,2026-02-04,2,48
S00437,2026-02-05,2,63
S00437,2026-02-06,2,74
S00437,2026-02-06,3,42
S00437,2026-02-07,3,23
S00437,2026-02-08,3,61
S00437,2026-02-09,4,26
S00437,2026-02-10,4,27
S00437,2026-02-11,4,61
S00437,2026-02-11,5,20
S00437,2026-02-12,5,61
S00437,2026-02-13,5,57
S00437,2026-02-13,6,57
S00437,2026-02-14,6,52
S00437,2026-02-16,7,65
S00437,2026-02-17,7,34
S00437,2026-02-19,8,20
S00437,2026-02-20,8,27
S00437,2026-02-20,9,66
S00437,2026-02-21,9,25
S00437,2026-02-23,10,59
S00438,2026-02-20,1,22
S00438,2026-02-27,2,38
S00438,2026-03-04,3,20
S00438,2026-03-05,3,30
S00438,2026-03-06,3,48
S00438,2026-03-12,4,46
S00438,2026-03-26,5,49
S00438,2026-04-02,6,12
S00438,2026-04-03,6,41
S00438,2026-04-04,6,35
S00438,2026-04-15,7,7
S00438,2026-04-16,7,5
S00438,2026-04-17,7,10
S00439,2026-02-28,1,30
S00439,2026-03-01,1,50
S00439,2026-03-04,2,22
S00439,2026-03-05,2,54
S00439,2026-03-08,3,11
S00439,2026-03-16,4,22
S00439,2026-03-24,5,18
S00439,2026-03-25,5,48
S00439,2026-04-01,6,22
S00439,2026-04-02,6,5
S00439,2026-04-15,7,33
S00439,2026-04-16,7,6
S00439,2026-05-01,8,5
S00440,2026-02-14,1,32
S00440,2026-02-15,1,35
S00440,2026-02-16,1,45
S00440,2026-02-15,2,56
S00440,2026-02-16,2,71
S00440,2026-02-17,2,72
S00440,2026-02-17,3,29
S00440,2026-02-18,3,73
S00440,2026-02-19,3,68
S00440,2026-02-19,4,32
S00440,2026-02-20,4,60
S00440,2026-02-21,4,31
S00440,2026-02-20,5,74
S00440,2026-02-21,5,73
S00440,2026-02-22,6,28
S00440,2026-02-23,6,69
S00440,2026-02-24,6,27
S00440,2026-02-23,7,28
S00440,2026-02-25,8,64
S00440,2026-02-26,8,27
S00440,2026-02-27,8,66
S00440,2026-02-26,9,50
S00440,2026-02-27,9,36
S00440,2026-02-28,9,66
S00440,2026-02-28,10,29
S00440,2026-03-01,10,68
S00441,2026-02-20,1,28
S00441,2026-02-21,1,73
S00441,2026-02-22,1,43
S00441,2026-02-23,2,57
S00441,2026-02-24,3,55
S00441,2026-02-25,3,69
S00441,2026-02-26,3,62
S00441,2026-02-27,4,37
S00441,2026-02-28,5,47
S00441,2026-03-03,6,41
S00441,2026-03-04,6,25
S00441,2026-03-05,6,66
S00441,2026-03-04,7,30
S00441,2026-03-06,8,26
S00441,2026-03-08,9,65
S00441,2026-03-09,9,59
S00441,2026-03-11,10,20
S00441,2026-03-12,10,48
S00441,2026-03-13,10,28
S00442,2026-03-12,1,7
S00442,2026-03-13,2,14
S00443,2026-02-13,1,26
S00443,2026-02-14,1,63
S00443,2026-02-15,1,32
S00443,2026-02-15,2,72
S00443,2026-02-16,2,26
S00443,2026-02-17,3,29
S00443,2026-02-18,3,23
S00443,2026-02-20,4,33
S00443,2026-02-21,4,57
S00443,2026-02-22,4,51
S00443,2026-02-21,5,54
S00443,2026-02-22,5,32
S00443,2026-02-23,5,53
S00443,2026-02-24,6,47
S00443,2026-02-27,7,61
S00443,2026-02-28,7,60
S00443,2026-02-28,8,44
S00443,2026-03-01,8,32
S00443,2026-03-01,9,55
S00443,2026-03-02,9,36
S00443,2026-03-04,10,54
S00443,2026-03-05,10,33
S00444,2026-05-13,1,20
S00444,2026-05-16,2,49
S00444,2026-05-17,2,70
S00444,2026-05-18,3,67
S00444,2026-05-20,4,64
S00444,2026-05-21,4,44
S00444,2026-05-22,4,58
S00444,2026-05-21,5,25
S00444,2026-05-24,6,24
S00444,2026-05-25,6,26
S00444,2026-05-26,6,29
S00444,2026-05-25,7,47
S00444,2026-05-26,7,55
S00444,2026-05-28,8,54
S00444,2026-05-29,9,64
S00444,2026-05-30,9,38
S00444,2026-05-31,9,47
S00444,2026-05-30,10,73
S00445,2026-01-17,1,13
S00445,2026-01-18,1,35
S00445,2026-01-21,2,49
S00445,2026-01-22,2,35
S00445,2026-01-23,2,28
S00445,2026-01-26,3,9
S00445,2026-02-05,4,10
S00445,2026-02-10,5,26
S00445,2026-02-11,5,12
S00445,2026-02-12,5,22
S00445,2026-02-17,6,12
S00445,2026-03-04,7,17
S00445,2026-03-05,7,9
S00445,2026-03-20,8,5
S00446,2026-05-21,1,11
S00448,2026-03-28,1,39
S00448,2026-03-29,1,36
S00448,2026-03-30,1,30
S00448,2026-04-02,2,43
S00448,2026-04-03,2,28
S00448,2026-04-13,3,51
S00448,2026-04-14,3,16
S00448,2026-04-15,3,13
S00448,2026-04-20,4,26
S00448,2026-04-21,4,22
S00449,2026-05-09,1,62
S00449,2026-05-10,1,60
S00449,2026-05-11,1,26
S00449,2026-05-10,2,66
S00449,2026-05-11,2,65
S00449,2026-05-12,2,59
S00449,2026-05-12,3,33
S00449,2026-05-13,3,27
S00449,2026-05-14,4,56
S00449,2026-05-15,4,41
S00449,2026-05-16,4,64
S00449,2026-05-17,5,64
S00449,2026-05-18,5,50
S00449,2026-05-19,6,59
S00449,2026-05-20,6,34
S00449,2026-05-21,6,33
S00449,2026-05-22,7,34
S00449,2026-05-23,7,43
S00449,2026-05-25,8,27
S00449,2026-05-27,9,22
S00449,2026-05-30,10,35
S00449,2026-05-31,10,74
S00449,2026-06-01,10,73
S00450,2026-01-26,1,26
S00450,2026-01-27,1,33
S00450,2026-01-28,2,24
S00450,2026-01-31,3,34
S00450,2026-02-01,3,45
S00450,2026-02-03,4,43
S00450,2026-02-04,4,42
S00450,2026-02-05,5,41
S00450,2026-02-06,5,33
S00450,2026-02-07,5,67
S00450,2026-02-07,6,26
S00450,2026-02-08,6,44
S00450,2026-02-08,7,35
S00450,2026-02-09,7,45
S00450,2026-02-10,7,54
S00450,2026-02-10,8,71
S00450,2026-02-11,8,51
S00450,2026-02-12,8,48
S00450,2026-02-13,9,50
S00450,2026-02-14,9,70
S00450,2026-02-14,10,29
S00451,2026-03-09,1,28
S00451,2026-03-10,1,37
S00451,2026-03-11,1,34
S00451,2026-03-15,2,43
S00451,2026-03-27,3,22
S00451,2026-03-28,3,33
S00451,2026-03-29,3,42
S00451,2026-04-06,4,30
S00451,2026-04-07,4,42
S00452,2026-05-17,1,49
S00452,2026-05-18,1,15
S00452,2026-05-19,1,43
S00452,2026-05-25,2,23
S00452,2026-05-26,2,54
S00452,2026-06-05,3,51
S00452,2026-06-06,3,18
S00453,2026-05-13,1,50
S00453,2026-05-16,2,56
S00453,2026-05-17,2,28
S00453,2026-05-18,3,60
S00453,2026-05-19,3,29
S00453,2026-05-20,3,70
S00453,2026-05-20,4,39
S00453,2026-05-22,5,24
S00453,2026-05-23,5,61
S00453,2026-05-24,5,51
S00453,2026-05-24,6,33
S00453,2026-05-25,6,31
S00453,2026-05-26,7,27
S00453,2026-05-27,7,60
S00453,2026-05-27,8,36
S00453,2026-05-28,8,58
S00453,2026-05-29,8,20
S00453,2026-05-29,9,32
S00453,2026-06-01,10,52
S00453,2026-06-02,10,48
S00454,2026-01-25,1,9
S00455,2026-03-31,1,49
S00455,2026-04-01,1,28
S00455,2026-04-02,1,46
S00455,2026-04-02,2,39
S00455,2026-04-03,2,51
S00455,2026-04-04,3,20
S00455,2026-04-05,3,47
S00455,2026-04-06,3,52
S00455,2026-04-07,4,71
S00455,2026-04-10,5,47
S00455,2026-04-11,5,22
S00455,2026-04-13,6,55
S00455,2026-04-14,6,20
S00455,2026-04-15,6,25
S00455,2026-04-16,7,64
S00455,2026-04-17,7,48
S00455,2026-04-17,8,54
S00455,2026-04-18,8,74
S00455,2026-04-20,9,45
S00455,2026-04-21,9,22
S00455,2026-04-21,10,37
S00456,2026-04-18,1,35
S00456,2026-04-19,1,40
S00456,2026-04-20,1,32
S00456,2026-04-20,2,57
S00456,2026-04-21,2,25
S00456,2026-04-22,3,32
S00456,2026-04-23,3,65
S00456,2026-04-25,4,52
S00456,2026-04-27,5,59
S00456,2026-04-28,5,21
S00456,2026-04-28,6,64
S00456,2026-04-29,6,66
S00456,2026-04-30,7,40
S00456,2026-05-01,7,63
S00456,2026-05-03,8,21
S00456,2026-05-05,9,35
S00456,2026-05-06,9,39
S00456,2026-05-06,10,61
S00456,2026-05-07,10,56
S00456,2026-05-08,10,27
S00457,2026-06-01,1,57
S00457,2026-06-04,2,68
S00457,2026-06-07,3,26
S00457,2026-06-08,3,41
S00457,2026-06-09,4,28
S00457,2026-06-10,4,66
S00457,2026-06-11,4,40
S00457,2026-06-11,5,61
S00457,2026-06-12,5,51
S00457,2026-06-14,6,56
S00457,2026-06-15,7,74
S00457,2026-06-16,7,23
S00457,2026-06-17,7,50
S00457,2026-06-16,8,72
S00457,2026-06-17,8,21
S00457,2026-06-18,8,50
S00457,2026-06-18,9,71
S00457,2026-06-19,9,49
S00457,2026-06-20,10,74
S00458,2026-03-03,1,64
S00458,2026-03-04,1,32
S00458,2026-03-05,2,59
S00458,2026-03-06,2,25
S00458,2026-03-07,3,74
S00458,2026-03-08,3,57
S00458,2026-03-08,4,53
S00458,2026-03-09,4,66
S00458,2026-03-09,5,35
S00458,2026-03-10,5,55
S00458,2026-03-11,6,47
S00458,2026-03-12,6,58
S00458,2026-03-12,7,23
S00458,2026-03-13,8,27
S00458,2026-03-14,8,34
S00458,2026-03-15,8,38
S00458,2026-03-16,9,33
S00458,2026-03-17,9,57
S00458,2026-03-17,10,20
S00459,2026-04-03,1,51
S00459,2026-04-05,2,61
S00459,2026-04-06,2,69
S00459,2026-04-07,3,53
S00459,2026-04-08,3,25
S00459,2026-04-09,3,50
S00459,2026-04-10,4,38
S00459,2026-04-11,4,31
S00459,2026-04-12,4,69
S00459,2026-04-13,5,57
S00459,2026-04-15,6,31
S00459,2026-04-17,7,52
S00459,2026-04-20,8,56
S00459,2026-04-22,9,37
S00459,2026-04-25,10,73
S00459,2026-04-26,10,30
S00460,2026-01-30,1,63
S00460,2026-01-31,1,48
S00460,2026-02-01,1,34
S00460,2026-01-31,2,48
S00460,2026-02-02,3,70
S00460,2026-02-03,3,27
S00460,2026-02-04,3,70
S00460,2026-02-05,4,55
S00460,2026-02-06,4,67
S00460,2026-02-07,4,55
S00460,2026-02-07,5,72
S00460,2026-02-08,6,68
S00460,2026-02-11,7,73
S00460,2026-02-13,8,74
S00460,2026-02-14,8,29
S00460,2026-02-14,9,65
S00460,2026-02-17,10,29
S00460,2026-02-18,10,43
S00460,2026-02-19,10,52
S00461,2026-05-28,1,34
S00461,2026-05-29,1,27
S00461,2026-05-30,2,51
S00461,2026-06-01,3,37
S00461,2026-06-03,4,37
S00461,2026-06-06,5,46
S00461,2026-06-07,5,70
S00461,2026-06-08,5,24
S00461,2026-06-09,6,44
S00461,2026-06-10,6,65
S00461,2026-06-12,7,45
S00461,2026-06-13,7,61
S00461,2026-06-14,7,30
S00461,2026-06-14,8,46
S00461,2026-06-15,9,40
S00461,2026-06-17,10,32
S00461,2026-06-18,10,28
S00462,2026-04-26,1,24
S00462,2026-04-27,1,18
S00462,2026-04-28,1,56
S00462,2026-05-02,2,51
S00462,2026-05-03,2,52
S00462,2026-05-11,3,41
S00462,2026-05-12,3,29
S00462,2026-05-23,4,21
S00462,2026-05-24,4,14
S00462,2026-06-07,5,46
S00463,2026-02-15,1,44
S00463,2026-02-16,1,20
S00463,2026-02-17,1,56
S00463,2026-02-22,2,15
S00463,2026-02-23,2,31
S00463,2026-02-24,2,16
S00463,2026-02-26,3,42
S00463,2026-02-27,3,34
S00463,2026-03-07,4,10
S00463,2026-03-08,4,44
S00463,2026-03-09,4,45
S00463,2026-03-21,5,32
S00463,2026-03-22,5,9
S00463,2026-03-28,6,39
S00464,2026-01-24,1,34
S00464,2026-01-25,1,33
S00464,2026-01-26,1,54
S00464,2026-02-07,2,47
S00465,2026-01-24,1,5
S00465,2026-01-26,2,10
S00466,2026-04-16,1,25
S00466,2026-04-17,1,53
S00466,2026-04-19,2,57
S00466,2026-04-20,2,21
S00466,2026-04-22,3,64
S00466,2026-04-23,3,49
S00466,2026-04-25,4,74
S00466,2026-04-27,5,73
S00466,2026-04-29,6,55
S00466,2026-04-30,6,30
S00466,2026-05-01,6,28
S00466,2026-05-01,7,66
S00466,2026-05-02,7,56
S00466,2026-05-02,8,52
S00466,2026-05-03,8,62
S00466,2026-05-03,9,58
S00466,2026-05-04,9,70
S00466,2026-05-06,10,60
S00466,2026-05-07,10,63
S00466,2026-05-08,10,54
S00467,2026-02-28,1,58
S00467,2026-03-01,1,47
S00467,2026-03-02,1,38
S00467,2026-03-02,2,40
S00467,2026-03-03,2,43
S00467,2026-03-04,3,70
S00467,2026-03-05,3,55
S00467,2026-03-06,3,45
S00467,2026-03-05,4,48
S00467,2026-03-06,4,42
S00467,2026-03-08,5,65
S00467,2026-03-09,5,40
S00467,2026-03-11,6,45
S00467,2026-03-12,7,41
S00467,2026-03-14,8,41
S00467,2026-03-17,9,37
S00467,2026-03-18,9,36
S00467,2026-03-19,9,26
S00467,2026-03-18,10,20
S00467,2026-03-19,10,21
S00468,2026-03-19,1,8
S00469,2026-04-19,1,57
S00469,2026-04-20,1,26
S00469,2026-04-20,2,37
S00469,2026-04-21,2,65
S00469,2026-04-22,2,62
S00469,2026-04-21,3,53
S00469,2026-04-22,3,35
S00469,2026-04-23,3,73
S00469,2026-04-22,4,39
S00469,2026-04-24,5,45
S00469,2026-04-27,6,30
S00469,2026-04-29,7,37
S00469,2026-04-30,8,61
S00469,2026-05-01,8,71
S00469,2026-05-02,8,21
S00469,2026-05-03,9,28
S00469,2026-05-04,9,29
S00469,2026-05-05,9,46
S00469,2026-05-05,10,41
S00469,2026-05-06,10,72
S00469,2026-05-07,10,25
S00470,2026-05-06,1,18
S00471,2026-02-26,1,71
S00471,2026-02-27,1,59
S00471,2026-03-01,2,59
S00471,2026-03-02,2,32
S00471,2026-03-03,2,37
S00471,2026-03-02,3,32
S00471,2026-03-03,3,45
S00471,2026-03-04,3,69
S00471,2026-03-03,4,56
S00471,2026-03-04,4,57
S00471,2026-03-06,5,34
S00471,2026-03-07,6,41
S00471,2026-03-08,6,50
S00471,2026-03-09,7,52
S00471,2026-03-10,7,46
S00471,2026-03-11,7,62
S00471,2026-03-10,8,24
S00471,2026-03-11,9,47
S00471,2026-03-12,10,29
S00471,2026-03-13,10,61
S00471,2026-03-14,10,41
S00472,2026-04-28,1,14
S00472,2026-04-29,2,9
S00473,2026-05-26,1,57
S00473,2026-05-27,1,52
S00473,2026-05-28,1,21
S00473,2026-05-27,2,62
S00473,2026-05-28,2,29
S00473,2026-05-29,2,36
S00473,2026-05-29,3,22
S00473,2026-05-30,3,70
S00473,2026-05-30,4,63
S00473,2026-05-31,4,33
S00473,2026-05-31,5,38
S00473,2026-06-01,5,67
S00473,2026-06-02,5,65
S00473,2026-06-03,6,37
S00473,2026-06-04,6,43
S00473,2026-06-06,7,22
S00473,2026-06-07,7,68
S00473,2026-06-08,7,73
S00473,2026-06-09,8,25
S00473,2026-06-10,8,45
S00473,2026-06-11,9,71
S00473,2026-06-12,9,48
S00473,2026-06-13,9,39
S00473,2026-06-14,10,33
S00473,2026-06-15,10,55
S00475,2026-05-05,1,36
S00475,2026-05-08,2,27
S00475,2026-05-11,3,50
S00475,2026-05-12,3,30
S00475,2026-05-12,4,72
S00475,2026-05-13,4,64
S00475,2026-05-15,5,69
S00475,2026-05-16,5,20
S00475,2026-05-17,5,63
S00475,2026-05-16,6,55
S00475,2026-05-17,6,37
S00475,2026-05-19,7,57
S00475,2026-05-20,7,34
S00475,2026-05-21,7,66
S00475,2026-05-21,8,32
S00475,2026-05-24,9,32
S00475,2026-05-25,9,73
S00475,2026-05-26,9,63
S00475,2026-05-26,10,67
S00475,2026-05-27,10,50
S00475,2026-05-28,10,55
S00476,2026-02-05,1,7
S00477,2026-03-15,1,58
S00477,2026-03-16,1,63
S00477,2026-03-17,1,41
S00477,2026-03-16,2,49
S00477,2026-03-17,2,39
S00477,2026-03-19,3,69
S00477,2026-03-22,4,46
S00477,2026-03-25,5,34
S00477,2026-03-26,6,41
S00477,2026-03-27,6,53
S00477,2026-03-28,6,54
S00477,2026-03-28,7,34
S00477,2026-03-29,7,57
S00477,2026-03-30,7,20
S00477,2026-03-31,8,22
S00477,2026-04-01,8,33
S00477,2026-04-02,9,65
S00477,2026-04-03,10,44
S00477,2026-04-04,10,53
S00477,2026-04-05,10,30
S00478,2026-03-02,1,33
S00478,2026-03-03,1,18
S00478,2026-03-07,2,19
S00478,2026-03-08,2,16
S00478,2026-03-09,2,41
S00478,2026-03-16,3,44
S00478,2026-03-17,3,43
S00478,2026-03-18,3,53
S00478,2026-03-21,4,12
S00478,2026-03-22,4,38
S00478,2026-03-23,4,28
S00478,2026-03-26,5,17
S00478,2026-03-27,5,32
S00478,2026-03-28,5,15
S00478,2026-04-01,6,46
S00478,2026-04-16,7,11
S00478,2026-04-17,7,25
S00479,2026-03-19,1,10
S00479,2026-03-20,2,12
S00480,2026-04-13,1,21
S00480,2026-04-16,2,54
S00480,2026-04-17,2,71
S00480,2026-04-17,3,37
S00480,2026-04-19,4,46
S00480,2026-04-20,4,44
S00480,2026-04-21,4,74
S00480,2026-04-20,5,73
S00480,2026-04-21,5,63
S00480,2026-04-22,5,71
S00480,2026-04-21,6,35
S00480,2026-04-22,7,34
S00480,2026-04-23,7,32
S00480,2026-04-24,7,59
S00480,2026-04-24,8,29
S00480,2026-04-25,8,23
S00480,2026-04-26,8,62
S00480,2026-04-27,9,62
S00480,2026-04-28,9,22
S00480,2026-04-29,9,37
S00480,2026-04-30,10,21
S00480,2026-05-01,10,21
S00481,2026-05-01,1,29
S00481,2026-05-02,1,27
S00481,2026-05-06,2,50
S00481,2026-05-07,2,17
S00481,2026-05-13,3,19
S00481,2026-05-27,4,14
S00481,2026-05-28,4,33
S00481,2026-05-29,4,28
S00481,2026-06-10,5,18
S00482,2026-05-19,1,42
S00482,2026-05-20,1,24
S00482,2026-05-27,2,45
S00482,2026-05-28,2,19
S00483,2026-04-09,1,55
S00483,2026-04-10,1,69
S00483,2026-04-11,2,44
S00483,2026-04-12,2,53
S00483,2026-04-12,3,63
S00483,2026-04-14,4,36
S00483,2026-04-15,4,24
S00483,2026-04-16,4,71
S00483,2026-04-15,5,34
S00483,2026-04-16,5,34
S00483,2026-04-17,6,62
S00483,2026-04-18,6,32
S00483,2026-04-19,6,62
S00483,2026-04-19,7,44
S00483,2026-04-20,7,30
S00483,2026-04-21,7,69
S00483,2026-04-20,8,72
S00483,2026-04-22,9,70
S00483,2026-04-23,9,62
S00483,2026-04-24,9,29
S00483,2026-04-25,10,53
S00484,2026-04-25,1,34
S00484,2026-05-02,2,29
S00484,2026-05-11,3,36
S00484,2026-05-12,3,42
S00484,2026-05-18,4,49
S00484,2026-05-25,5,10
S00484,2026-05-26,5,35
S00484,2026-06-02,6,26
S00484,2026-06-17,7,41
S00484,2026-06-18,7,17
S00485,2026-04-12,1,18
S00485,2026-04-13,1,41
S00485,2026-04-14,1,49
S00485,2026-04-18,2,54
S00485,2026-04-19,2,42
S00485,2026-04-29,3,42
S00485,2026-04-30,3,16
S00485,2026-05-11,4,21
S00485,2026-05-12,4,42
S00486,2026-04-10,1,16
S00486,2026-04-12,2,7
S00487,2026-04-19,1,47
S00487,2026-04-20,1,34
S00487,2026-04-22,2,35
S00487,2026-04-24,3,49
S00487,2026-04-25,4,43
S00487,2026-04-26,5,44
S00487,2026-04-27,5,33
S00487,2026-04-29,6,36
S00487,2026-05-02,7,57
S00487,2026-05-04,8,37
S00487,2026-05-05,8,43
S00487,2026-05-07,9,46
S00487,2026-05-08,9,74
S00487,2026-05-10,10,42
S00487,2026-05-11,10,58
S00487,2026-05-12,10,67
S00488,2026-04-20,1,39
S00488,2026-04-21,1,47
S00488,2026-04-22,1,34
S00488,2026-04-23,2,31
S00488,2026-04-24,2,58
S00488,2026-04-25,2,58
S00488,2026-04-24,3,68
S00488,2026-04-25,3,22
S00488,2026-04-26,3,67
S00488,2026-04-26,4,45
S00488,2026-04-27,4,45
S00488,2026-04-28,4,26
S00488,2026-04-29,5,50
S00488,2026-04-30,5,41
S00488,2026-05-02,6,53
S00488,2026-05-03,6,68
S00488,2026-05-04,6,42
S00488,2026-05-03,7,27
S00488,2026-05-04,8,69
S00488,2026-05-05,8,44
S00488,2026-05-05,9,54
S00488,2026-05-08,10,51
S00488,2026-05-09,10,51
S00488,2026-05-10,10,45
S00489,2026-05-10,1,15
S00489,2026-05-11,2,15
S00490,2026-04-30,1,14
S00491,2026-05-19,1,57
S00491,2026-05-20,1,21
S00491,2026-05-21,1,54
S00491,2026-05-21,2,74
S00491,2026-05-22,2,53
S00491,2026-05-23,2,43
S00491,2026-05-23,3,21
S00491,2026-05-24,3,40
S00491,2026-05-25,3,53
S00491,2026-05-25,4,53
S00491,2026-05-26,4,42
S00491,2026-05-26,5,70
S00491,2026-05-28,6,40
S00491,2026-05-31,7,69
S00491,2026-06-03,8,36
S00491,2026-06-04,8,53
S00491,2026-06-05,8,63
S00491,2026-06-05,9,74
S00491,2026-06-06,9,24
S00491,2026-06-08,10,54
S00491,2026-06-09,10,64
S00491,2026-06-10,10,29
S00492,2026-01-27,1,18
S00492,2026-01-28,1,44
S00492,2026-01-29,1,14
S00492,2026-02-04,2,21
S00492,2026-02-05,2,24
S00492,2026-02-14,3,36
S00492,2026-02-15,3,26
S00492,2026-02-21,4,13
S00492,2026-03-06,5,32
S00493,2026-05-26,1,25
S00493,2026-05-27,1,52
S00493,2026-05-29,2,72
S00493,2026-05-30,2,53
S00493,2026-06-01,3,33
S00493,2026-06-02,4,23
S00493,2026-06-03,4,58
S00493,2026-06-04,4,67
S00493,2026-06-04,5,55
S00493,2026-06-05,5,46
S00493,2026-06-06,5,41
S00493,2026-06-06,6,73
S00493,2026-06-07,6,52
S00493,2026-06-07,7,55
S00493,2026-06-10,8,59
S00493,2026-06-11,8,26
S00493,2026-06-11,9,32
S00493,2026-06-12,9,66
S00493,2026-06-13,9,68
S00493,2026-06-13,10,48
S00493,2026-06-14,10,60
S00493,2026-06-15,10,24
S00494,2026-04-30,1,52
S00494,2026-05-02,2,63
S00494,2026-05-04,3,47
S00494,2026-05-05,3,60
S00494,2026-05-05,4,52
S00494,2026-05-06,4,32
S00494,2026-05-08,5,63
S00494,2026-05-09,5,68
S00494,2026-05-10,6,50
S00494,2026-05-11,6,63
S00494,2026-05-12,6,30
S00494,2026-05-11,7,39
S00494,2026-05-12,7,26
S00494,2026-05-12,8,48
S00494,2026-05-13,8,71
S00494,2026-05-14,8,31
S00494,2026-05-13,9,39
S00494,2026-05-14,9,56
S00494,2026-05-15,9,20
S00494,2026-05-14,10,29
S00494,2026-05-15,10,32
S00495,2026-04-05,1,47
S00495,2026-04-06,2,56
S00495,2026-04-07,2,67
S00495,2026-04-08,2,38
S00495,2026-04-08,3,42
S00495,2026-04-09,3,59
S00495,2026-04-09,4,61
S00495,2026-04-10,4,48
S00495,2026-04-11,4,21
S00495,2026-04-10,5,47
S00495,2026-04-11,5,62
S00495,2026-04-12,5,67
S00495,2026-04-12,6,67
S00495,2026-04-13,6,70
S00495,2026-04-14,6,39
S00495,2026-04-14,7,39
S00495,2026-04-15,7,61
S00495,2026-04-17,8,62
S00495,2026-04-18,8,28
S00495,2026-04-18,9,49
S00495,2026-04-19,9,45
S00495,2026-04-19,10,25
S00496,2026-01-26,1,26
S00496,2026-01-27,1,30
S00496,2026-01-28,1,30
S00496,2026-01-29,2,24
S00496,2026-01-30,2,43
S00496,2026-01-31,2,49
S00496,2026-02-01,3,52
S00496,2026-02-03,4,40
S00496,2026-02-06,5,54
S00496,2026-02-07,5,57
S00496,2026-02-08,6,72
S00496,2026-02-09,6,22
S00496,2026-02-10,6,68
S00496,2026-02-10,7,41
S00496,2026-02-11,7,38
S00496,2026-02-13,8,59
S00496,2026-02-14,8,58
S00496,2026-02-15,9,34
S00496,2026-02-16,9,31
S00496,2026-02-17,9,66
S00496,2026-02-16,10,56
S00496,2026-02-17,10,39
S00497,2026-04-03,1,49
S00497,2026-04-04,1,19
S00497,2026-04-05,1,19
S00497,2026-04-14,2,16
S00497,2026-04-15,2,23
S00497,2026-04-25,3,46
S00497,2026-04-26,3,10
S00498,2026-05-26,1,27
S00498,2026-05-27,1,73
S00498,2026-05-28,1,69
S00498,2026-05-29,2,68
S00498,2026-05-30,3,48
S00498,2026-05-31,3,35
S00498,2026-06-01,4,44
S00498,2026-06-02,4,50
S00498,2026-06-02,5,36
S00498,2026-06-03,5,64
S00498,2026-06-04,6,20
S00498,2026-06-05,6,56
S00498,2026-06-06,6,40
S00498,2026-06-06,7,32
S00498,2026-06-07,8,26
S00498,2026-06-08,8,74
S00498,2026-06-09,8,70
S00498,2026-06-09,9,55
S00498,2026-06-10,9,45
S00498,2026-06-11,9,22
S00498,2026-06-10,10,66
S00498,2026-06-11,10,49
S00499,2026-04-12,1,18
S00499,2026-04-13,2,19
S00501,2026-01-24,1,35
S00501,2026-01-25,1,48
S00501,2026-02-08,2,40
S00501,2026-02-09,2,17
S00502,2026-02-11,1,53
S00502,2026-02-14,2,21
S00502,2026-02-15,2,51
S00502,2026-02-17,3,27
S00502,2026-02-20,4,34
S00502,2026-02-22,5,69
S00502,2026-02-23,5,42
S00502,2026-02-24,5,66
S00502,2026-02-25,6,41
S00502,2026-02-28,7,52
S00502,2026-03-01,7,61
S00502,2026-03-02,7,21
S00502,2026-03-02,8,34
S00502,2026-03-03,8,26
S00502,2026-03-04,8,64
S00502,2026-03-03,9,31
S00502,2026-03-04,9,49
S00502,2026-03-05,10,46
S00502,2026-03-06,10,39
S00503,2026-03-15,1,69
S00503,2026-03-16,1,37
S00503,2026-03-16,2,56
S00503,2026-03-17,2,39
S00503,2026-03-18,2,42
S00503,2026-03-18,3,68
S00503,2026-03-19,4,45
S00503,2026-03-20,4,63
S00503,2026-03-21,4,47
S00503,2026-03-21,5,54
S00503,2026-03-22,5,41
S00503,2026-03-23,5,29
S00503,2026-03-22,6,56
S00503,2026-03-23,6,26
S00503,2026-03-25,7,20
S00503,2026-03-26,7,42
S00503,2026-03-28,8,73
S00503,2026-03-29,8,22
S00503,2026-03-30,8,48
S00503,2026-03-31,9,62
S00503,2026-04-01,9,24
S00503,2026-04-02,9,53
S00503,2026-04-03,10,20
S00503,2026-04-04,10,52
S00504,2026-04-05,1,18
S00504,2026-04-06,1,42
S00504,2026-04-07,1,49
S00504,2026-04-17,2,45
S00504,2026-05-02,3,43
S00505,2026-02-11,1,18
S00505,2026-02-19,2,43
S00505,2026-02-27,3,10
S00505,2026-03-12,4,32
S00505,2026-03-21,5,5
S00505,2026-03-22,5,26
S00506,2026-05-01,1,61
S00506,2026-05-02,2,54
S00506,2026-05-04,3,51
S00506,2026-05-05,3,68
S00506,2026-05-06,3,38
S00506,2026-05-07,4,21
S00506,2026-05-08,4,40
S00506,2026-05-10,5,67
S00506,2026-05-11,6,59
S00506,2026-05-12,6,43
S00506,2026-05-13,6,39
S00506,2026-05-12,7,42
S00506,2026-05-13,7,69
S00506,2026-05-15,8,44
S00506,2026-05-16,8,22
S00506,2026-05-16,9,61
S00506,2026-05-17,9,54
S00506,2026-05-18,9,46
S00506,2026-05-18,10,67
S00506,2026-05-19,10,72
S00506,2026-05-20,10,74
S00507,2026-05-28,1,7
S00508,2026-02-18,1,56
S00508,2026-02-25,2,36
S00508,2026-03-03,3,26
S00508,2026-03-12,4,39
S00508,2026-03-13,4,30
S00508,2026-03-14,4,26
S00508,2026-03-23,5,5
S00508,2026-03-24,5,25
S00508,2026-04-05,6,11
S00508,2026-04-06,6,22
S00508,2026-04-07,6,22
S00508,2026-04-15,7,19
S00508,2026-04-16,7,15
S00508,2026-04-17,7,6
S00508,2026-04-30,8,6
S00508,2026-05-01,8,26
S00508,2026-05-02,8,5
S00509,2026-02-17,1,8
S00509,2026-02-19,2,6
S00510,2026-01-07,1,52
S00510,2026-01-15,2,25
S00510,2026-01-16,2,48
S00510,2026-01-17,2,43
S00510,2026-01-22,3,40
S00510,2026-01-23,3,15
S00511,2026-01-21,1,28
S00511,2026-01-29,2,15
S00511,2026-01-30,2,53
S00512,2026-01-16,1,37
S00512,2026-01-17,1,39
S00512,2026-01-19,2,34
S00512,2026-01-20,2,36
S00512,2026-01-22,3,50
S00512,2026-01-23,4,68
S00512,2026-01-24,4,36
S00512,2026-01-25,4,68
S00512,2026-01-24,5,34
S00512,2026-01-25,5,52
S00512,2026-01-26,5,38
S00512,2026-01-25,6,67
S00512,2026-01-26,7,45
S00512,2026-01-27,7,71
S00512,2026-01-27,8,52
S00512,2026-01-30,9,50
S00512,2026-01-31,9,25
S00512,2026-01-31,10,72
S00512,2026-02-01,10,71
S00513,2026-02-27,1,5
S00514,2026-01-06,1,8
S00515,2026-03-04,1,28
S00515,2026-03-05,1,37
S00515,2026-03-06,1,55
S00515,2026-03-05,2,20
S00515,2026-03-08,3,31
S00515,2026-03-09,3,37
S00515,2026-03-10,4,43
S00515,2026-03-11,4,20
S00515,2026-03-12,5,37
S00515,2026-03-13,5,60
S00515,2026-03-14,5,35
S00515,2026-03-13,6,73
S00515,2026-03-16,7,44
S00515,2026-03-17,7,41
S00515,2026-03-18,7,67
S00515,2026-03-17,8,45
S00515,2026-03-20,9,23
S00515,2026-03-21,10,55
S00515,2026-03-22,10,57
S00516,2026-03-24,1,31
S00516,2026-03-25,1,52
S00516,2026-03-25,2,46
S00516,2026-03-26,2,44
S00516,2026-03-27,2,59
S00516,2026-03-26,3,29
S00516,2026-03-29,4,41
S00516,2026-04-01,5,39
S00516,2026-04-02,5,67
S00516,2026-04-02,6,25
S00516,2026-04-03,6,29
S00516,2026-04-04,7,30
S00516,2026-04-05,7,67
S00516,2026-04-06,7,44
S00516,2026-04-06,8,39
S00516,2026-04-07,8,56
S00516,2026-04-08,8,35
S00516,2026-04-07,9,72
S00516,2026-04-10,10,29
S00516,2026-04-11,10,31
S00517,2026-02-10,1,67
S00517,2026-02-11,1,33
S00517,2026-02-12,1,64
S00517,2026-02-11,2,46
S00517,2026-02-12,2,67
S00517,2026-02-13,2,49
S00517,2026-02-12,3,67
S00517,2026-02-13,3,44
S00517,2026-02-14,3,57
S00517,2026-02-13,4,44
S00517,2026-02-14,4,33
S00517,2026-02-15,5,29
S00517,2026-02-16,5,54
S00517,2026-02-17,6,44
S00517,2026-02-18,6,20
S00517,2026-02-19,6,37
S00517,2026-02-18,7,30
S00517,2026-02-19,8,64
S00517,2026-02-20,8,68
S00517,2026-02-20,9,22
S00517,2026-02-21,9,53
S00517,2026-02-21,10,52
S00517,2026-02-22,10,30
S00517,2026-02-23,10,64
S00518,2026-03-30,1,52
S00518,2026-04-06,2,36
S00518,2026-04-07,2,42
S00518,2026-04-17,3,44
S00518,2026-04-18,3,18
S00518,2026-04-30,4,46
S00518,2026-05-01,4,27
S00518,2026-05-02,4,7
S00518,2026-05-17,5,34
S00518,2026-05-18,5,18
S00518,2026-05-19,5,8
S00520,2026-03-05,1,52
S00520,2026-03-06,1,30
S00520,2026-03-06,2,66
S00520,2026-03-08,3,60
S00520,2026-03-09,3,33
S00520,2026-03-10,3,42
S00520,2026-03-10,4,47
S00520,2026-03-12,5,62
S00520,2026-03-13,5,36
S00520,2026-03-14,6,65
S00520,2026-03-15,6,47
S00520,2026-03-16,6,36
S00520,2026-03-15,7,33
S00520,2026-03-18,8,36
S00520,2026-03-20,9,28
S00520,2026-03-22,10,32
S00521,2026-01-16,1,16
S00521,2026-01-17,1,42
S00521,2026-01-20,2,31
S00521,2026-01-21,2,27
S00521,2026-01-27,3,21
S00521,2026-02-04,4,25
S00521,2026-02-05,4,18
S00521,2026-02-17,5,25
S00521,2026-02-18,5,40
S00522,2026-03-09,1,53
S00522,2026-03-11,2,46
S00522,2026-03-12,2,61
S00522,2026-03-13,2,21
S00522,2026-03-13,3,61
S00522,2026-03-14,3,36
S00522,2026-03-15,4,64
S00522,2026-03-16,4,52
S00522,2026-03-17,5,51
S00522,2026-03-18,5,68
S00522,2026-03-20,6,66
S00522,2026-03-21,7,23
S00522,2026-03-22,7,49
S00522,2026-03-24,8,63
S00522,2026-03-26,9,54
S00522,2026-03-27,9,68
S00522,2026-03-28,9,52
S00522,2026-03-27,10,53
S00522,2026-03-28,10,31
S00522,2026-03-29,10,24
S00524,2026-03-25,1,28
S00524,2026-03-26,1,25
S00524,2026-03-27,1,24
S00524,2026-03-30,2,13
S00524,2026-03-31,2,39
S00524,2026-04-05,3,30
S00524,2026-04-14,4,28
S00524,2026-04-15,4,29
S00524,2026-04-20,5,38
S00524,2026-04-21,5,36
S00524,2026-04-22,5,33
S00524,2026-04-30,6,5
S00524,2026-05-10,7,10
S00524,2026-05-11,7,9
S00524,2026-05-25,8,29
S00524,2026-05-26,8,41
S00525,2026-02-09,1,51
S00525,2026-02-10,1,45
S00525,2026-02-11,1,46
S00525,2026-02-27,2,55
S00525,2026-02-28,2,40
S00525,2026-03-01,2,21
S00526,2026-05-03,1,24
S00526,2026-05-04,1,72
S00526,2026-05-04,2,40
S00526,2026-05-05,2,25
S00526,2026-05-06,2,39
S00526,2026-05-05,3,47
S00526,2026-05-06,3,30
S00526,2026-05-08,4,60
S00526,2026-05-09,4,54
S00526,2026-05-10,4,36
S00526,2026-05-11,5,50
S00526,2026-05-13,6,66
S00526,2026-05-14,6,20
S00526,2026-05-15,6,29
S00526,2026-05-14,7,53
S00526,2026-05-15,7,38
S00526,2026-05-17,8,67
S00526,2026-05-19,9,22
S00526,2026-05-21,10,30
S00527,2026-05-29,1,42
S00527,2026-06-01,2,21
S00527,2026-06-02,3,55
S00527,2026-06-03,4,68
S00527,2026-06-04,5,22
S00527,2026-06-05,5,42
S00527,2026-06-05,6,55
S00527,2026-06-08,7,60
S00527,2026-06-11,8,34
S00527,2026-06-12,8,73
S00527,2026-06-13,8,36
S00527,2026-06-12,9,58
S00527,2026-06-13,9,67
S00527,2026-06-14,9,28
S00527,2026-06-13,10,43
S00527,2026-06-14,10,43
S00528,2026-02-11,1,57
S00528,2026-02-12,1,44
S00528,2026-02-13,1,46
S00528,2026-02-12,2,62
S00528,2026-02-13,2,66
S00528,2026-02-14,2,35
S00528,2026-02-15,3,53
S00528,2026-02-16,3,71
S00528,2026-02-18,4,48
S00528,2026-02-21,5,31
S00528,2026-02-22,5,43
S00528,2026-02-24,6,70
S00528,2026-02-26,7,24
S00528,2026-03-01,8,43
S00528,2026-03-02,8,30
S00528,2026-03-04,9,72
S00528,2026-03-06,10,56
S00529,2026-01-12,1,43
S00529,2026-01-13,1,21
S00529,2026-01-14,1,46
S00529,2026-01-13,2,30
S00529,2026-01-16,3,45
S00529,2026-01-19,4,55
S00529,2026-01-20,4,59
S00529,2026-01-20,5,39
S00529,2026-01-21,5,41
S00529,2026-01-22,5,58
S00529,2026-01-21,6,43
S00529,2026-01-22,6,20
S00529,2026-01-22,7,59
S00529,2026-01-23,7,62
S00529,2026-01-24,8,40
S00529,2026-01-25,8,29
S00529,2026-01-26,8,49
S00529,2026-01-27,9,57
S00529,2026-01-28,10,29
S00529,2026-01-29,10,24
S00529,2026-01-30,10,30
S00530,2026-02-11,1,9
S00531,2026-02-19,1,34
S00531,2026-02-25,2,50
S00531,2026-02-26,2,44
S00531,2026-02-27,2,14
S00531,2026-03-02,3,39
S00531,2026-03-12,4,39
S00531,2026-03-13,4,19
S00531,2026-03-14,4,27
S00531,2026-03-24,5,41
S00531,2026-04-06,6,42
S00531,2026-04-13,7,18
S00531,2026-05-01,8,27
S00532,2026-03-05,1,15
S00533,2026-01-08,1,18
S00533,2026-01-10,2,9
S00534,2026-01-23,1,19
S00534,2026-01-29,2,25
S00534,2026-02-04,3,49
S00534,2026-02-05,3,52
S00534,2026-02-06,3,48
S00534,2026-02-13,4,10
S00534,2026-02-14,4,43
S00534,2026-02-23,5,23
S00534,2026-02-24,5,34
S00534,2026-03-07,6,33
S00534,2026-03-08,6,19
S00534,2026-03-18,7,21
S00534,2026-03-19,7,29
S00534,2026-03-27,8,37
S00535,2026-02-07,1,48
S00535,2026-02-08,1,18
S00535,2026-02-09,1,34
S00535,2026-02-15,2,28
S00535,2026-02-24,3,37
S00535,2026-03-11,4,39
S00535,2026-03-27,5,17
S00535,2026-03-28,5,48
S00535,2026-03-29,5,23
S00536,2026-04-12,1,7
S00536,2026-04-13,2,17
S00537,2026-03-30,1,30
S00537,2026-03-31,1,42
S00537,2026-04-16,2,17
S00537,2026-04-17,2,31
S00538,2026-04-19,1,46
S00538,2026-04-20,1,32
S00538,2026-04-21,1,69
S00538,2026-04-22,2,48
S00538,2026-04-24,3,52
S00538,2026-04-25,3,23
S00538,2026-04-26,3,22
S00538,2026-04-25,4,48
S00538,2026-04-26,4,28
S00538,2026-04-27,5,52
S00538,2026-04-28,5,69
S00538,2026-04-30,6,31
S00538,2026-05-01,6,62
S00538,2026-05-02,6,49
S00538,2026-05-03,7,30
S00538,2026-05-06,8,41
S00538,2026-05-07,8,45
S00538,2026-05-07,9,24
S00538,2026-05-08,9,45
S00538,2026-05-09,9,26
S00538,2026-05-08,10,48
S00538,2026-05-09,10,24
S00538,2026-05-10,10,57
S00539,2026-01-23,1,27
S00539,2026-01-24,1,21
S00539,2026-01-25,2,73
S00539,2026-01-28,3,28
S00539,2026-01-29,3,54
S00539,2026-01-30,3,38
S00539,2026-01-30,4,29
S00539,2026-01-31,4,29
S00539,2026-02-01,4,39
S00539,2026-01-31,5,21
S00539,2026-02-01,5,57
S00539,2026-02-01,6,34
S00539,2026-02-02,6,64
S00539,2026-02-03,6,41
S00539,2026-02-03,7,24
S00539,2026-02-05,8,26
S00539,2026-02-06,8,68
S00539,2026-02-08,9,53
S00539,2026-02-11,10,29
S00539,2026-02-12,10,64
S00540,2026-01-28,1,53
S00540,2026-01-29,1,26
S00540,2026-01-30,1,69
S00540,2026-01-29,2,27
S00540,2026-01-30,2,47
S00540,2026-01-30,3,44
S00540,2026-01-31,3,40
S00540,2026-02-01,4,57
S00540,2026-02-03,5,64
S00540,2026-02-06,6,25
S00540,2026-02-07,6,51
S00540,2026-02-08,6,63
S00540,2026-02-07,7,72
S00540,2026-02-08,8,36
S00540,2026-02-09,8,46
S00540,2026-02-11,9,58
S00540,2026-02-12,9,21
S00540,2026-02-13,9,70
S00540,2026-02-12,10,43
S00541,2026-01-10,1,17
S00541,2026-01-11,2,13
S00542,2026-06-06,1,31
S00542,2026-06-07,1,57
S00542,2026-06-15,2,23
S00542,2026-06-16,2,23
S00542,2026-06-17,2,23
S00542,2026-06-25,3,17
S00542,2026-07-10,4,20
S00542,2026-07-11,4,13
S00542,2026-07-12,4,30
S00543,2026-04-27,1,66
S00543,2026-04-28,1,63
S00543,2026-04-29,1,45
S00543,2026-04-28,2,30
S00543,2026-04-29,2,56
S00543,2026-04-30,2,26
S00543,2026-04-29,3,73
S00543,2026-04-30,3,22
S00543,2026-04-30,4,73
S00543,2026-05-01,4,49
S00543,2026-05-03,5,74
S00543,2026-05-04,6,47
S00543,2026-05-06,7,67
S00543,2026-05-07,7,20
S00543,2026-05-08,7,50
S00543,2026-05-08,8,65
S00543,2026-05-09,8,59
S00543,2026-05-11,9,35
S00543,2026-05-12,9,36
S00543,2026-05-13,9,63
S00543,2026-05-14,10,67
S00544,2026-04-26,1,37
S00544,2026-04-27,1,16
S00544,2026-04-28,1,44
S00544,2026-04-30,2,42
S00544,2026-05-01,2,48
S00544,2026-05-06,3,39
S00544,2026-05-07,3,27
S00544,2026-05-08,3,37
S00544,2026-05-12,4,40
S00544,2026-05-13,4,17
S00544,2026-05-21,5,33
S00544,2026-05-22,5,5
S00544,2026-05-23,5,22
S00544,2026-05-27,6,13
S00544,2026-06-05,7,34
S00544,2026-06-21,8,19
S00544,2026-06-22,8,26
S00545,2026-02-25,1,33
S00545,2026-02-26,1,30
S00545,2026-02-27,1,21
S00545,2026-03-07,2,21
S00545,2026-03-08,2,23
S00545,2026-03-24,3,19
S00545,2026-03-25,3,40
S00546,2026-01-08,1,40
S00546,2026-01-09,1,47
S00546,2026-01-10,1,22
S00546,2026-01-09,2,56
S00546,2026-01-10,2,64
S00546,2026-01-11,3,64
S00546,2026-01-14,4,73
S00546,2026-01-15,4,29
S00546,2026-01-16,5,47
S00546,2026-01-17,5,27
S00546,2026-01-19,6,48
S00546,2026-01-20,6,55
S00546,2026-01-21,6,58
S00546,2026-01-22,7,68
S00546,2026-01-24,8,32
S00546,2026-01-25,9,66
S00546,2026-01-28,10,41
S00546,2026-01-29,10,64
S00547,2026-04-05,1,73
S00547,2026-04-06,1,55
S00547,2026-04-07,1,46
S00547,2026-04-06,2,38
S00547,2026-04-07,2,66
S00547,2026-04-08,2,40
S00547,2026-04-09,3,34
S00547,2026-04-10,3,52
S00547,2026-04-10,4,66
S00547,2026-04-11,4,54
S00547,2026-04-12,4,72
S00547,2026-04-13,5,31
S00547,2026-04-14,5,70
S00547,2026-04-15,6,74
S00547,2026-04-16,6,49
S00547,2026-04-16,7,68
S00547,2026-04-17,7,72
S00547,2026-04-18,8,27
S00547,2026-04-19,8,56
S00547,2026-04-21,9,29
S00547,2026-04-22,9,22
S00547,2026-04-23,9,49
S00547,2026-04-24,10,52
S00548,2026-02-28,1,32
S00548,2026-03-01,1,53
S00548,2026-03-02,1,39
S00548,2026-03-05,2,27
S00548,2026-03-06,2,34
S00548,2026-03-07,2,39
S00548,2026-03-11,3,21
S00548,2026-03-12,3,39
S00548,2026-03-13,3,21
S00548,2026-03-16,4,27
S00548,2026-03-17,4,42
S00548,2026-03-18,4,46
S00548,2026-03-26,5,7
S00548,2026-03-27,5,35
S00548,2026-03-28,5,16
S00548,2026-04-05,6,28
S00548,2026-04-16,7,7
S00548,2026-04-26,8,35
S00548,2026-04-27,8,27
S00548,2026-04-28,8,34
S00549,2026-04-12,1,26
S00549,2026-04-13,1,31
S00549,2026-04-14,1,22
S00549,2026-04-15,2,49
S00549,2026-04-16,2,34
S00549,2026-04-18,3,57
S00549,2026-04-20,4,70
S00549,2026-04-21,4,64
S00549,2026-04-22,5,33
S00549,2026-04-24,6,65
S00549,2026-04-26,7,55
S00549,2026-04-27,7,55
S00549,2026-04-27,8,37
S00549,2026-04-28,8,26
S00549,2026-04-29,8,50
S00549,2026-04-29,9,48
S00549,2026-05-02,10,40
S00549,2026-05-03,10,38
S00549,2026-05-04,10,47
S00550,2026-03-11,1,23
S00550,2026-03-15,2,29
S00550,2026-03-16,2,44
S00550,2026-03-21,3,47
S00550,2026-03-28,4,36
S00550,2026-04-05,5,24
S00550,2026-04-06,5,40
S00550,2026-04-07,5,43
S00550,2026-04-15,6,47
S00550,2026-04-16,6,24
S00550,2026-04-17,6,9
S00550,2026-04-25,7,5
S00551,2026-03-17,1,60
S00551,2026-03-20,2,53
S00551,2026-03-21,2,40
S00551,2026-03-21,3,56
S00551,2026-03-22,3,74
S00551,2026-03-23,3,40
S00551,2026-03-22,4,48
S00551,2026-03-23,4,59
S00551,2026-03-24,4,27
S00551,2026-03-24,5,30
S00551,2026-03-25,5,21
S00551,2026-03-26,5,68
S00551,2026-03-25,6,24
S00551,2026-03-26,6,60
S00551,2026-03-27,6,49
S00551,2026-03-28,7,37
S00551,2026-03-29,7,71
S00551,2026-03-30,8,73
S00551,2026-03-31,8,35
S00551,2026-04-01,8,73
S00551,2026-04-01,9,55
S00551,2026-04-02,9,50
S00551,2026-04-02,10,38
S00553,2026-02-22,1,53
S00553,2026-02-23,1,50
S00553,2026-02-24,1,56
S00553,2026-03-09,2,23
S00554,2026-03-31,1,43
S00554,2026-04-06,2,24
S00554,2026-04-07,2,23
S00554,2026-04-08,2,37
S00554,2026-04-14,3,47
S00554,2026-04-15,3,29
S00554,2026-04-16,3,49
S00554,2026-04-26,4,18
S00554,2026-05-10,5,24
S00554,2026-05-18,6,5
S00554,2026-05-19,6,14
S00555,2026-05-24,1,12
S00556,2026-05-15,1,41
S00556,2026-05-16,1,22
S00556,2026-05-17,2,24
S00556,2026-05-19,3,73
S00556,2026-05-20,3,60
S00556,2026-05-21,3,55
S00556,2026-05-20,4,71
S00556,2026-05-22,5,48
S00556,2026-05-23,5,33
S00556,2026-05-24,5,28
S00556,2026-05-23,6,61
S00556,2026-05-24,6,36
S00556,2026-05-25,6,60
S00556,2026-05-24,7,22
S00556,2026-05-25,7,48
S00556,2026-05-25,8,64
S00556,2026-05-28,9,34
S00556,2026-05-29,9,59
S00556,2026-05-30,10,42
S00557,2026-02-20,1,40
S00557,2026-02-23,2,58
S00557,2026-02-24,2,52
S00557,2026-02-25,2,61
S00557,2026-02-24,3,49
S00557,2026-02-25,3,56
S00557,2026-02-26,3,38
S00557,2026-02-26,4,64
S00557,2026-02-27,4,39
S00557,2026-02-28,4,72
S00557,2026-02-28,5,60
S00557,2026-03-01,5,67
S00557,2026-03-02,6,23
S00557,2026-03-03,6,43
S00557,2026-03-04,6,62
S00557,2026-03-05,7,74
S00557,2026-03-06,7,53
S00557,2026-03-07,8,55
S00557,2026-03-08,8,32
S00557,2026-03-09,8,66
S00557,2026-03-09,9,37
S00557,2026-03-10,9,57
S00557,2026-03-12,10,42
S00557,2026-03-13,10,65
S00557,2026-03-14,10,37
S00558,2026-03-31,1,65
S00558,2026-04-03,2,60
S00558,2026-04-04,2,61
S00558,2026-04-05,3,47
S00558,2026-04-06,3,53
S00558,2026-04-07,3,54
S00558,2026-04-08,4,63
S00558,2026-04-09,4,38
S00558,2026-04-09,5,20
S00558,2026-04-12,6,23
S00558,2026-04-13,6,34
S00558,2026-04-14,6,61
S00558,2026-04-15,7,73
S00558,2026-04-16,7,20
S00558,2026-04-17,8,70
S00558,2026-04-19,9,26
S00558,2026-04-22,10,42
S00558,2026-04-23,10,45
S00558,2026-04-24,10,63
S00559,2026-04-27,1,51
S00559,2026-05-02,2,55
S00559,2026-05-03,2,26
S00559,2026-05-04,2,26
S00559,2026-05-11,3,26
S00559,2026-05-12,3,27
S00559,2026-05-20,4,42
S00559,2026-05-28,5,40
S00559,2026-05-29,5,47
S00559,2026-05-30,5,27
S00559,2026-06-09,6,22
S00559,2026-06-10,6,35
S00560,2026-01-15,1,52
S00560,2026-01-16,1,33
S00560,2026-01-17,1,52
S00560,2026-01-20,2,54
S00560,2026-01-28,3,43
S00560,2026-01-29,3,33
S00560,2026-01-30,3,40
S00560,2026-02-05,4,34
S00560,2026-02-06,4,34
S00560,2026-02-14,5,49
S00560,2026-02-24,6,10
S00560,2026-02-25,6,39
S00560,2026-02-26,6,36
S00560,2026-03-06,7,14
S00560,2026-03-07,7,42
S00560,2026-03-08,7,5
S00560,2026-03-24,8,5
S00561,2026-05-14,1,36
S00561,2026-05-15,1,30
S00561,2026-05-18,2,24
S00561,2026-05-23,3,11
S00561,2026-05-31,4,37
S00561,2026-06-01,4,46
S00561,2026-06-08,5,46
S00561,2026-06-18,6,14
S00561,2026-06-30,7,29
S00561,2026-07-11,8,37
S00562,2026-01-16,1,47
S00562,2026-01-17,1,23
S00562,2026-01-18,2,55
S00562,2026-01-19,2,54
S00562,2026-01-20,3,46
S00562,2026-01-21,3,35
S00562,2026-01-22,3,20
S00562,2026-01-22,4,64
S00562,2026-01-24,5,51
S00562,2026-01-25,5,51
S00562,2026-01-26,5,70
S00562,2026-01-26,6,24
S00562,2026-01-27,6,71
S00562,2026-01-28,7,20
S00562,2026-01-29,7,32
S00562,2026-01-30,7,62
S00562,2026-01-30,8,61
S00562,2026-01-31,9,66
S00562,2026-02-01,9,35
S00562,2026-02-02,9,31
S00562,2026-02-02,10,71
S00563,2026-04-21,1,57
S00563,2026-04-22,1,31
S00563,2026-04-24,2,32
S00563,2026-04-25,2,62
S00563,2026-04-26,2,59
S00563,2026-04-26,3,37
S00563,2026-04-27,4,41
S00563,2026-04-28,4,55
S00563,2026-04-29,5,69
S00563,2026-04-30,5,48
S00563,2026-05-01,6,56
S00563,2026-05-02,6,28
S00563,2026-05-03,6,20
S00563,2026-05-04,7,33
S00563,2026-05-05,7,61
S00563,2026-05-06,7,38
S00563,2026-05-05,8,56
S00563,2026-05-06,8,71
S00563,2026-05-08,9,56
S00563,2026-05-09,9,67
S00563,2026-05-10,9,44
S00563,2026-05-10,10,63
S00564,2026-01-19,1,34
S00564,2026-01-20,1,30
S00564,2026-01-20,2,67
S00564,2026-01-21,2,49
S00564,2026-01-21,3,62
S00564,2026-01-22,3,69
S00564,2026-01-23,3,67
S00564,2026-01-24,4,37
S00564,2026-01-25,5,30
S00564,2026-01-26,5,36
S00564,2026-01-28,6,27
S00564,2026-01-29,6,70
S00564,2026-01-30,6,23
S00564,2026-01-29,7,37
S00564,2026-01-31,8,33
S00564,2026-02-01,8,26
S00564,2026-02-02,8,31
S00564,2026-02-03,9,51
S00564,2026-02-06,10,36
S00564,2026-02-07,10,41
S00564,2026-02-08,10,65
S00565,2026-01-23,1,24
S00565,2026-01-24,1,57
S00565,2026-01-25,1,36
S00565,2026-01-24,2,38
S00565,2026-01-25,2,33
S00565,2026-01-26,2,29
S00565,2026-01-26,3,58
S00565,2026-01-29,4,32
S00565,2026-01-30,4,49
S00565,2026-01-31,4,53
S00565,2026-02-01,5,72
S00565,2026-02-02,5,23
S00565,2026-02-03,5,66
S00565,2026-02-03,6,24
S00565,2026-02-04,6,63
S00565,2026-02-05,6,58
S00565,2026-02-06,7,49
S00565,2026-02-07,7,57
S00565,2026-02-08,7,51
S00565,2026-02-09,8,45
S00565,2026-02-10,8,46
S00565,2026-02-10,9,67
S00565,2026-02-12,10,62
S00566,2026-05-19,1,45
S00566,2026-05-20,1,16
S00566,2026-05-21,1,56
S00566,2026-05-28,2,33
S00566,2026-05-29,2,49
S00567,2026-03-24,1,43
S00567,2026-03-25,2,71
S00567,2026-03-26,2,63
S00567,2026-03-26,3,48
S00567,2026-03-29,4,20
S00567,2026-03-30,4,29
S00567,2026-04-01,5,28
S00567,2026-04-02,5,32
S00567,2026-04-03,5,42
S00567,2026-04-04,6,28
S00567,2026-04-05,6,71
S00567,2026-04-07,7,39
S00567,2026-04-09,8,56
S00567,2026-04-10,8,67
S00567,2026-04-11,8,22
S00567,2026-04-11,9,38
S00567,2026-04-12,9,72
S00567,2026-04-13,9,65
S00567,2026-04-13,10,50
S00568,2026-02-02,1,26
S00568,2026-02-03,1,68
S00568,2026-02-04,1,51
S00568,2026-02-03,2,66
S00568,2026-02-06,3,46
S00568,2026-02-07,3,49
S00568,2026-02-08,3,41
S00568,2026-02-07,4,21
S00568,2026-02-08,4,34
S00568,2026-02-10,5,40
S00568,2026-02-11,5,32
S00568,2026-02-12,5,74
S00568,2026-02-13,6,52
S00568,2026-02-14,6,33
S00568,2026-02-14,7,53
S00568,2026-02-15,7,26
S00568,2026-02-16,7,26
S00568,2026-02-17,8,39
S00568,2026-02-18,8,37
S00568,2026-02-19,8,64
S00568,2026-02-19,9,33
S00568,2026-02-20,10,65
S00568,2026-02-21,10,45
S00568,2026-02-22,10,46
S00569,2026-04-18,1,14
S00569,2026-04-20,2,7
S00570,2026-01-08,1,40
S00570,2026-01-09,1,50
S00570,2026-01-11,2,36
S00570,2026-01-12,3,26
S00570,2026-01-13,3,36
S00570,2026-01-13,4,59
S00570,2026-01-14,5,50
S00570,2026-01-15,5,54
S00570,2026-01-16,6,58
S00570,2026-01-17,6,40
S00570,2026-01-18,6,34
S00570,2026-01-19,7,29
S00570,2026-01-20,7,24
S00570,2026-01-20,8,40
S00570,2026-01-23,9,28
S00570,2026-01-24,9,63
S00570,2026-01-24,10,53
S00570,2026-01-25,10,74
S00570,2026-01-26,10,74
S00571,2026-05-15,1,51
S00571,2026-05-17,2,46
S00571,2026-05-20,3,70
S00571,2026-05-22,4,60
S00571,2026-05-23,4,56
S00571,2026-05-24,5,33
S00571,2026-05-25,5,34
S00571,2026-05-26,6,31
S00571,2026-05-27,7,36
S00571,2026-05-28,7,38
S00571,2026-05-30,8,27
S00571,2026-05-31,9,50
S00571,2026-06-01,9,31
S00571,2026-06-03,10,26
S00571,2026-06-04,10,32
S00572,2026-02-10,1,34
S00572,2026-02-11,1,16
S00572,2026-02-15,2,19
S00572,2026-02-22,3,22
S00572,2026-03-01,4,48
S00572,2026-03-02,4,10
S00572,2026-03-03,4,48
S00572,2026-03-13,5,11
S00572,2026-03-24,6,10
S00572,2026-04-08,7,43
S00572,2026-04-09,7,28
S00572,2026-04-10,7,5
S00573,2026-05-12,1,63
S00573,2026-05-13,1,42
S00573,2026-05-14,1,52
S00573,2026-05-13,2,26
S00573,2026-05-14,2,45
S00573,2026-05-15,2,35
S00573,2026-05-15,3,58
S00573,2026-05-16,3,74
S00573,2026-05-17,3,51
S00573,2026-05-16,4,68
S00573,2026-05-18,5,28
S00573,2026-05-19,6,62
S00573,2026-05-20,6,47
S00573,2026-05-20,7,56
S00573,2026-05-23,8,51
S00573,2026-05-24,9,64
S00573,2026-05-25,9,69
S00573,2026-05-26,9,71
S00573,2026-05-26,10,71
S00574,2026-03-08,1,46
S00574,2026-03-20,2,40
S00574,2026-04-07,3,46
S00574,2026-04-08,3,32
S00574,2026-04-09,3,9
S00575,2026-04-17,1,19
S00576,2026-02-01,1,10
S00577,2026-04-02,1,54
S00577,2026-04-05,2,63
S00577,2026-04-06,2,34
S00577,2026-04-07,2,71
S00577,2026-04-06,3,66
S00577,2026-04-07,4,50
S00577,2026-04-08,4,63
S00577,2026-04-09,4,51
S00577,2026-04-09,5,35
S00577,2026-04-12,6,58
S00577,2026-04-15,7,71
S00577,2026-04-16,7,31
S00577,2026-04-18,8,30
S00577,2026-04-19,8,27
S00577,2026-04-20,8,45
S00577,2026-04-21,9,29
S00577,2026-04-22,9,37
S00577,2026-04-23,9,31
S00577,2026-04-24,10,22
S00577,2026-04-25,10,26
S00578,2026-05-18,1,7
S00579,2026-02-23,1,34
S00579,2026-02-24,1,68
S00579,2026-02-25,2,67
S00579,2026-02-28,3,46
S00579,2026-03-01,3,74
S00579,2026-03-01,4,37
S00579,2026-03-03,5,39
S00579,2026-03-04,5,39
S00579,2026-03-05,6,37
S00579,2026-03-06,6,60
S00579,2026-03-06,7,57
S00579,2026-03-07,7,65
S00579,2026-03-08,7,44
S00579,2026-03-08,8,50
S00579,2026-03-09,8,43
S00579,2026-03-10,8,35
S00579,2026-03-11,9,33
S00579,2026-03-12,9,72
S00579,2026-03-13,9,31
S00579,2026-03-14,10,24
S00579,2026-03-15,10,46
S00580,2026-04-22,1,67
S00580,2026-04-23,1,30
S00580,2026-04-24,1,30
S00580,2026-04-23,2,20
S00580,2026-04-24,2,32
S00580,2026-04-25,2,30
S00580,2026-04-26,3,22
S00580,2026-04-27,3,70
S00580,2026-04-28,3,48
S00580,2026-04-29,4,43
S00580,2026-04-30,4,59
S00580,2026-05-01,5,31
S00580,2026-05-02,5,24
S00580,2026-05-02,6,25
S00580,2026-05-05,7,62
S00580,2026-05-06,7,24
S00580,2026-05-07,7,45
S00580,2026-05-08,8,57
S00580,2026-05-09,8,28
S00580,2026-05-10,8,58
S00580,2026-05-11,9,44
S00580,2026-05-14,10,53
S00580,2026-05-15,10,52
S00581,2026-01-26,1,42
S00581,2026-01-27,1,38
S00581,2026-01-28,1,49
S00581,2026-01-28,2,68
S00581,2026-01-29,2,30
S00581,2026-01-31,3,54
S00581,2026-02-01,3,26
S00581,2026-02-02,3,48
S00581,2026-02-02,4,43
S00581,2026-02-03,4,54
S00581,2026-02-04,4,70
S00581,2026-02-03,5,48
S00581,2026-02-04,5,42
S00581,2026-02-05,6,25
S00581,2026-02-07,7,33
S00581,2026-02-08,7,53
S00581,2026-02-09,8,56
S00581,2026-02-10,8,57
S00581,2026-02-10,9,73
S00581,2026-02-12,10,49
S00583,2026-04-14,1,54
S00583,2026-04-15,1,50
S00583,2026-04-15,2,23
S00583,2026-04-16,2,68
S00583,2026-04-17,2,73
S00583,2026-04-18,3,49
S00583,2026-04-19,3,66
S00583,2026-04-19,4,74
S00583,2026-04-20,4,49
S00583,2026-04-21,4,37
S00583,2026-04-22,5,45
S00583,2026-04-23,5,26
S00583,2026-04-24,6,33
S00583,2026-04-27,7,51
S00583,2026-04-28,7,24
S00583,2026-04-29,8,32
S00583,2026-04-30,8,39
S00583,2026-05-01,8,64
S00583,2026-04-30,9,26
S00583,2026-05-01,9,42
S00583,2026-05-02,9,53
S00583,2026-05-01,10,35
S00583,2026-05-02,10,54
S00584,2026-04-19,1,43
S00584,2026-04-20,1,63
S00584,2026-04-22,2,44
S00584,2026-04-25,3,67
S00584,2026-04-28,4,47
S00584,2026-04-29,5,68
S00584,2026-04-30,5,32
S00584,2026-05-01,5,66
S00584,2026-05-01,6,29
S00584,2026-05-02,6,56
S00584,2026-05-03,6,67
S00584,2026-05-02,7,52
S00584,2026-05-03,7,21
S00584,2026-05-04,7,67
S00584,2026-05-03,8,65
S00584,2026-05-05,9,40
S00584,2026-05-06,9,40
S00584,2026-05-07,9,21
S00584,2026-05-07,10,42
S00584,2026-05-08,10,50
S00585,2026-02-08,1,14
S00585,2026-02-09,1,14
S00585,2026-02-10,1,35
S00585,2026-02-18,2,25
S00585,2026-02-19,2,24
S00585,2026-02-28,3,47
S00585,2026-03-01,3,39
S00585,2026-03-02,3,20
S00586,2026-03-27,1,54
S00586,2026-03-30,2,56
S00586,2026-03-31,2,65
S00586,2026-04-01,2,40
S00586,2026-03-31,3,36
S00586,2026-04-01,4,23
S00586,2026-04-02,5,50
S00586,2026-04-03,5,44
S00586,2026-04-05,6,43
S00586,2026-04-08,7,38
S00586,2026-04-10,8,25
S00586,2026-04-11,8,25
S00586,2026-04-11,9,27
S00586,2026-04-12,9,47
S00586,2026-04-13,9,44
S00586,2026-04-13,10,30
S00586,2026-04-14,10,21
S00587,2026-03-10,1,30
S00587,2026-03-11,1,56
S00587,2026-03-12,1,33
S00587,2026-03-13,2,26
S00587,2026-03-14,2,74
S00587,2026-03-15,2,22
S00587,2026-03-14,3,56
S00587,2026-03-17,4,37
S00587,2026-03-19,5,48
S00587,2026-03-20,5,25
S00587,2026-03-21,5,64
S00587,2026-03-22,6,74
S00587,2026-03-25,7,36
S00587,2026-03-26,7,60
S00587,2026-03-27,8,31
S00587,2026-03-28,8,61
S00587,2026-03-29,8,61
S00587,2026-03-29,9,33
S00587,2026-03-30,9,32
S00587,2026-03-31,9,24
S00587,2026-03-31,10,24
S00588,2026-02-20,1,66
S00588,2026-02-21,1,48
S00588,2026-02-22,1,44
S00588,2026-02-23,2,34
S00588,2026-02-25,3,57
S00588,2026-02-26,3,69
S00588,2026-02-27,3,40
S00588,2026-02-26,4,22
S00588,2026-02-27,4,53
S00588,2026-02-28,4,37
S00588,2026-02-28,5,70
S00588,2026-03-01,5,34
S00588,2026-03-03,6,62
S00588,2026-03-04,6,37
S00588,2026-03-06,7,55
S00588,2026-03-07,7,37
S00588,2026-03-07,8,58
S00588,2026-03-08,9,72
S00588,2026-03-09,9,72
S00588,2026-03-09,10,62
S00588,2026-03-10,10,69
S00588,2026-03-11,10,26
S00589,2026-03-18,1,31
S00589,2026-03-20,2,59
S00589,2026-03-21,2,46
S00589,2026-03-22,2,38
S00589,2026-03-23,3,32
S00589,2026-03-24,4,53
S00589,2026-03-25,4,23
S00589,2026-03-26,4,23
S00589,2026-03-25,5,45
S00589,2026-03-27,6,48
S00589,2026-03-28,6,59
S00589,2026-03-29,6,74
S00589,2026-03-28,7,56
S00589,2026-03-29,7,46
S00589,2026-03-30,7,24
S00589,2026-03-29,8,37
S00589,2026-03-30,8,62
S00589,2026-03-31,8,45
S00589,2026-03-31,9,36
S00589,2026-04-01,9,65
S00589,2026-04-02,10,39
S00589,2026-04-03,10,25
S00589,2026-04-04,10,70
S00590,2026-05-02,1,40
S00590,2026-05-03,1,63
S00590,2026-05-04,1,21
S00590,2026-05-05,2,52
S00590,2026-05-06,2,28
S00590,2026-05-07,2,56
S00590,2026-05-06,3,31
S00590,2026-05-09,4,50
S00590,2026-05-11,5,50
S00590,2026-05-12,5,41
S00590,2026-05-13,5,25
S00590,2026-05-13,6,54
S00590,2026-05-14,6,45
S00590,2026-05-15,6,26
S00590,2026-05-14,7,70
S00590,2026-05-15,7,47
S00590,2026-05-17,8,72
S00590,2026-05-18,8,46
S00590,2026-05-19,8,68
S00590,2026-05-19,9,63
S00590,2026-05-20,10,60
S00590,2026-05-21,10,63
S00591,2026-05-10,1,57
S00591,2026-05-11,1,56
S00591,2026-05-12,1,43
S00591,2026-05-11,2,46
S00591,2026-05-12,2,74
S00591,2026-05-13,2,52
S00591,2026-05-12,3,46
S00591,2026-05-13,3,46
S00591,2026-05-14,3,65
S00591,2026-05-14,4,21
S00591,2026-05-15,4,23
S00591,2026-05-17,5,41
S00591,2026-05-18,5,44
S00591,2026-05-19,5,46
S00591,2026-05-20,6,35
S00591,2026-05-21,6,27
S00591,2026-05-22,6,52
S00591,2026-05-23,7,22
S00591,2026-05-24,7,74
S00591,2026-05-26,8,25
S00591,2026-05-27,8,53
S00591,2026-05-28,8,20
S00591,2026-05-27,9,37
S00591,2026-05-28,9,33
S00591,2026-05-29,9,36
S00591,2026-05-30,10,73
S00591,2026-05-31,10,47
S00592,2026-06-02,1,31
S00592,2026-06-07,2,55
S00592,2026-06-11,3,30
S00592,2026-06-19,4,27
S00592,2026-06-20,4,13
S00592,2026-06-21,4,10
S00592,2026-07-01,5,39
S00592,2026-07-02,5,13
S00592,2026-07-03,5,9
S00592,2026-07-09,6,30
S00592,2026-07-10,6,20
S00592,2026-07-17,7,32
S00592,2026-07-18,7,19
S00593,2026-04-05,1,44
S00593,2026-04-06,2,26
S00593,2026-04-09,3,33
S00593,2026-04-10,3,48
S00593,2026-04-12,4,66
S00593,2026-04-13,4,74
S00593,2026-04-14,5,23
S00593,2026-04-15,5,39
S00593,2026-04-17,6,66
S00593,2026-04-18,6,20
S00593,2026-04-19,6,38
S00593,2026-04-19,7,54
S00593,2026-04-20,7,42
S00593,2026-04-21,8,57
S00593,2026-04-23,9,55
S00593,2026-04-24,9,44
S00593,2026-04-26,10,56
S00593,2026-04-27,10,27
S00593,2026-04-28,10,30
S00594,2026-01-18,1,43
S00594,2026-01-19,1,27
S00594,2026-01-20,1,62
S00594,2026-01-19,2,45
S00594,2026-01-20,2,71
S00594,2026-01-21,2,43
S00594,2026-01-20,3,48
S00594,2026-01-21,3,34
S00594,2026-01-22,3,46
S00594,2026-01-21,4,38
S00594,2026-01-22,5,73
S00594,2026-01-23,5,52
S00594,2026-01-23,6,58
S00594,2026-01-24,6,74
S00594,2026-01-25,6,24
S00594,2026-01-24,7,73
S00594,2026-01-27,8,67
S00594,2026-01-28,8,37
S00594,2026-01-30,9,52
S00594,2026-01-31,9,38
S00594,2026-01-31,10,40
S00594,2026-02-01,10,38
S00594,2026-02-02,10,65
S00595,2026-05-20,1,15
S00595,2026-05-22,2,14
S00596,2026-03-05,1,64
S00596,2026-03-06,1,52
S00596,2026-03-07,1,40
S00596,2026-03-07,2,62
S00596,2026-03-09,3,41
S00596,2026-03-10,3,66
S00596,2026-03-11,3,48
S00596,2026-03-11,4,37
S00596,2026-03-12,4,30
S00596,2026-03-14,5,73
S00596,2026-03-15,5,27
S00596,2026-03-16,6,24
S00596,2026-03-17,6,26
S00596,2026-03-17,7,51
S00596,2026-03-18,7,45
S00596,2026-03-19,8,40
S00596,2026-03-22,9,36
S00596,2026-03-23,9,47
S00596,2026-03-24,9,66
S00596,2026-03-25,10,53
S00596,2026-03-26,10,69
S00596,2026-03-27,10,61
S00597,2026-03-06,1,19
S00597,2026-03-07,1,47
S00597,2026-03-08,1,37
S00597,2026-03-14,2,49
S00597,2026-03-15,2,17
S00597,2026-03-25,3,28
S00597,2026-03-26,3,35
S00597,2026-04-04,4,12
S00597,2026-04-05,4,45
S00598,2026-03-25,1,36
S00598,2026-03-26,1,42
S00598,2026-03-27,1,29
S00598,2026-03-27,2,39
S00598,2026-03-28,2,73
S00598,2026-03-29,2,64
S00598,2026-03-28,3,29
S00598,2026-03-29,3,41
S00598,2026-03-30,4,26
S00598,2026-04-02,5,57
S00598,2026-04-03,5,40
S00598,2026-04-04,5,27
S00598,2026-04-03,6,56
S00598,2026-04-04,7,50
S00598,2026-04-06,8,30
S00598,2026-04-08,9,48
S00598,2026-04-09,9,65
S00598,2026-04-10,9,70
S00598,2026-04-10,10,55
S00598,2026-04-11,10,26
S00598,2026-04-12,10,32
S00599,2026-01-18,1,40
S00599,2026-01-19,1,54
S00599,2026-01-20,1,34
S00599,2026-01-19,2,68
S00599,2026-01-20,3,46
S00599,2026-01-22,4,39
S00599,2026-01-24,5,44
S00599,2026-01-25,5,56
S00599,2026-01-26,5,41
S00599,2026-01-26,6,62
S00599,2026-01-27,6,50
S00599,2026-01-28,6,72
S00599,2026-01-28,7,40
S00599,2026-01-29,7,66
S00599,2026-01-30,7,59
S00599,2026-01-30,8,66
S00599,2026-01-31,8,74
S00599,2026-02-02,9,73
S00599,2026-02-03,9,68
S00599,2026-02-04,10,28
S00599,2026-02-05,10,71
S00599,2026-02-06,10,35
S00600,2026-04-22,1,65
S00600,2026-04-23,2,50
S00600,2026-04-24,2,74
S00600,2026-04-25,2,38
S00600,2026-04-26,3,20
S00600,2026-04-27,3,40
S00600,2026-04-29,4,28
S00600,2026-05-01,5,60
S00600,2026-05-02,5,74
S00600,2026-05-04,6,44
S00600,2026-05-05,6,66
S00600,2026-05-06,7,70
S00600,2026-05-07,7,61
S00600,2026-05-08,7,71
S00600,2026-05-08,8,27
S00600,2026-05-09,9,46
S00600,2026-05-10,9,55
S00600,2026-05-11,9,25
S00600,2026-05-11,10,56
S00600,2026-05-12,10,21
S00600,2026-05-13,10,28
S00601,2026-02-14,1,45
S00601,2026-02-15,1,57
S00601,2026-02-17,2,25
S00601,2026-02-18,2,22
S00601,2026-02-19,2,20
S00601,2026-02-18,3,55
S00601,2026-02-19,3,25
S00601,2026-02-20,3,36
S00601,2026-02-20,4,63
S00601,2026-02-21,4,63
S00601,2026-02-22,5,29
S00601,2026-02-25,6,68
S00601,2026-02-26,6,62
S00601,2026-02-27,6,72
S00601,2026-02-28,7,23
S00601,2026-03-01,7,27
S00601,2026-03-02,8,31
S00601,2026-03-03,8,35
S00601,2026-03-04,8,71
S00601,2026-03-03,9,61
S00601,2026-03-05,10,39
S00601,2026-03-06,10,64
S00602,2026-02-14,1,47
S00602,2026-02-15,1,65
S00602,2026-02-16,2,30
S00602,2026-02-17,2,59
S00602,2026-02-18,2,65
S00602,2026-02-18,3,58
S00602,2026-02-19,3,72
S00602,2026-02-20,3,37
S00602,2026-02-21,4,63
S00602,2026-02-22,4,61
S00602,2026-02-24,5,43
S00602,2026-02-25,5,70
S00602,2026-02-26,6,31
S00602,2026-02-27,6,50
S00602,2026-02-27,7,27
S00602,2026-02-28,7,57
S00602,2026-03-01,8,23
S00602,2026-03-02,8,63
S00602,2026-03-04,9,64
S00602,2026-03-05,9,38
S00602,2026-03-06,9,59
S00602,2026-03-06,10,37
S00602,2026-03-07,10,55
S00602,2026-03-08,10,43
S00603,2026-03-17,1,23
S00603,2026-03-18,1,54
S00603,2026-03-20,2,28
S00603,2026-03-21,2,29
S00603,2026-03-22,2,72
S00603,2026-03-21,3,61
S00603,2026-03-22,3,67
S00603,2026-03-23,4,48
S00603,2026-03-24,4,72
S00603,2026-03-26,5,68
S00603,2026-03-28,6,68
S00603,2026-03-30,7,52
S00603,2026-03-31,7,47
S00603,2026-03-31,8,68
S00603,2026-04-01,8,30
S00603,2026-04-02,9,29
S00603,2026-04-03,9,27
S00603,2026-04-04,9,24
S00603,2026-04-05,10,47
S00603,2026-04-06,10,67
S00604,2026-03-19,1,42
S00604,2026-03-20,1,48
S00604,2026-03-20,2,26
S00604,2026-03-21,2,48
S00604,2026-03-21,3,25
S00604,2026-03-23,4,31
S00604,2026-03-25,5,52
S00604,2026-03-26,5,67
S00604,2026-03-27,5,35
S00604,2026-03-28,6,64
S00604,2026-03-29,6,73
S00604,2026-03-30,7,28
S00604,2026-04-01,8,35
S00604,2026-04-02,8,65
S00604,2026-04-02,9,62
S00604,2026-04-03,9,38
S00604,2026-04-04,9,30
S00604,2026-04-03,10,26
S00604,2026-04-04,10,34
S00604,2026-04-05,10,49
S00605,2026-02-20,1,72
S00605,2026-02-21,1,69
S00605,2026-02-22,1,55
S00605,2026-02-22,2,52
S00605,2026-02-23,2,34
S00605,2026-02-24,2,31
S00605,2026-02-23,3,72
S00605,2026-02-24,3,38
S00605,2026-02-25,3,73
S00605,2026-02-26,4,62
S00605,2026-02-27,4,70
S00605,2026-02-28,5,52
S00605,2026-03-01,5,61
S00605,2026-03-02,6,48
S00605,2026-03-03,6,40
S00605,2026-03-05,7,33
S00605,2026-03-08,8,66
S00605,2026-03-09,8,50
S00605,2026-03-10,9,38
S00605,2026-03-11,9,63
S00605,2026-03-12,9,42
S00605,2026-03-11,10,51
S00605,2026-03-12,10,39
S00605,2026-03-13,10,23
S00606,2026-05-22,1,50
S00606,2026-05-23,1,60
S00606,2026-05-24,1,55
S00606,2026-05-24,2,50
S00606,2026-05-25,3,48
S00606,2026-05-26,3,54
S00606,2026-05-28,4,51
S00606,2026-05-29,4,46
S00606,2026-05-29,5,52
S00606,2026-05-30,6,26
S00606,2026-05-31,6,53
S00606,2026-06-01,6,38
S00606,2026-06-01,7,24
S00606,2026-06-04,8,44
S00606,2026-06-05,8,56
S00606,2026-06-06,8,34
S00606,2026-06-06,9,36
S00606,2026-06-07,10,62
S00606,2026-06-08,10,34
S00607,2026-04-29,1,33
S00607,2026-04-30,1,56
S00607,2026-05-01,2,37
S00607,2026-05-02,2,70
S00607,2026-05-02,3,28
S00607,2026-05-03,4,49
S00607,2026-05-04,4,50
S00607,2026-05-06,5,44
S00607,2026-05-07,5,55
S00607,2026-05-07,6,54
S00607,2026-05-08,6,30
S00607,2026-05-09,6,31
S00607,2026-05-08,7,24
S00607,2026-05-09,8,69
S00607,2026-05-10,8,46
S00607,2026-05-11,8,32
S00607,2026-05-11,9,39
S00607,2026-05-14,10,48
S00607,2026-05-15,10,48
S00608,2026-05-30,1,58
S00608,2026-06-01,2,65
S00608,2026-06-02,2,67
S00608,2026-06-03,2,65
S00608,2026-06-02,3,25
S00608,2026-06-03,3,56
S00608,2026-06-04,3,33
S00608,2026-06-03,4,38
S00608,2026-06-05,5,59
S00608,2026-06-06,5,44
S00608,2026-06-06,6,42
S00608,2026-06-07,6,44
S00608,2026-06-08,6,20
S00608,2026-06-09,7,52
S00608,2026-06-10,7,23
S00608,2026-06-12,8,45
S00608,2026-06-15,9,24
S00608,2026-06-16,9,26
S00608,2026-06-16,10,50
S00608,2026-06-17,10,30
S00609,2026-04-28,1,20
S00609,2026-04-29,1,69
S00609,2026-04-29,2,55
S00609,2026-04-30,2,55
S00609,2026-04-30,3,23
S00609,2026-05-01,3,32
S00609,2026-05-01,4,22
S00609,2026-05-04,5,24
S00609,2026-05-05,5,41
S00609,2026-05-05,6,66
S00609,2026-05-06,6,50
S00609,2026-05-07,6,54
S00609,2026-05-08,7,64
S00609,2026-05-09,7,32
S00609,2026-05-10,8,27
S00609,2026-05-13,9,58
S00609,2026-05-14,9,42
S00609,2026-05-15,9,55
S00609,2026-05-15,10,23
S00610,2026-05-18,1,41
S00610,2026-05-19,1,55
S00610,2026-05-29,2,42
S00610,2026-05-30,2,32
S00610,2026-05-31,2,30
S00610,2026-06-08,3,22
S00610,2026-06-09,3,30
S00610,2026-06-19,4,12
S00611,2026-04-24,1,64
S00611,2026-04-25,1,60
S00611,2026-04-26,1,20
S00611,2026-04-26,2,73
S00611,2026-04-27,2,20
S00611,2026-04-28,2,66
S00611,2026-04-27,3,41
S00611,2026-04-30,4,21
S00611,2026-05-01,4,73
S00611,2026-05-02,4,56
S00611,2026-05-03,5,22
S00611,2026-05-04,5,74
S00611,2026-05-05,6,35
S00611,2026-05-06,6,72
S00611,2026-05-06,7,34
S00611,2026-05-07,7,60
S00611,2026-05-08,7,55
S00611,2026-05-09,8,37
S00611,2026-05-10,8,65
S00611,2026-05-11,8,56
S00611,2026-05-10,9,70
S00611,2026-05-13,10,74
S00611,2026-05-14,10,41
S00612,2026-05-23,1,30
S00612,2026-05-24,1,47
S00612,2026-06-05,2,33
S00612,2026-06-06,2,26
S00613,2026-01-27,1,50
S00613,2026-02-01,2,12
S00613,2026-02-02,2,47
S00613,2026-02-12,3,44
S00613,2026-02-13,3,9
S00613,2026-02-14,3,30
S00613,2026-02-21,4,15
S00613,2026-02-22,4,38
S00613,2026-02-23,4,23
S00613,2026-03-04,5,14
S00613,2026-03-05,5,34
S00613,2026-03-12,6,14
S00613,2026-03-13,6,23
S00614,2026-03-05,1,21
S00614,2026-03-06,1,35
S00614,2026-03-07,1,20
S00614,2026-03-06,2,54
S00614,2026-03-07,2,32
S00614,2026-03-08,2,69
S00614,2026-03-09,3,59
S00614,2026-03-10,3,52
S00614,2026-03-11,3,47
S00614,2026-03-11,4,53
S00614,2026-03-12,5,34
S00614,2026-03-14,6,46
S00614,2026-03-15,7,74
S00614,2026-03-16,7,23
S00614,2026-03-18,8,23
S00614,2026-03-19,9,35
S00614,2026-03-22,10,20
S00614,2026-03-23,10,71
S00615,2026-05-09,1,16
S00615,2026-05-11,2,16
S00617,2026-02-15,1,46
S00617,2026-02-16,1,64
S00617,2026-02-18,2,44
S00617,2026-02-19,3,33
S00617,2026-02-20,3,44
S00617,2026-02-22,4,65
S00617,2026-02-23,4,38
S00617,2026-02-24,4,62
S00617,2026-02-23,5,26
S00617,2026-02-24,5,68
S00617,2026-02-24,6,30
S00617,2026-02-25,7,39
S00617,2026-02-26,7,51
S00617,2026-02-26,8,62
S00617,2026-02-27,8,39
S00617,2026-02-28,8,53
S00617,2026-02-27,9,71
S00617,2026-02-28,9,51
S00617,2026-03-01,9,41
S00617,2026-02-28,10,33
S00618,2026-02-25,1,68
S00618,2026-02-26,1,54
S00618,2026-02-27,1,42
S00618,2026-02-28,2,66
S00618,2026-03-03,3,42
S00618,2026-03-04,3,65
S00618,2026-03-05,4,24
S00618,2026-03-06,4,65
S00618,2026-03-06,5,60
S00618,2026-03-07,5,71
S00618,2026-03-07,6,69
S00618,2026-03-08,6,31
S00618,2026-03-09,6,21
S00618,2026-03-08,7,52
S00618,2026-03-09,8,66
S00618,2026-03-10,8,50
S00618,2026-03-11,9,65
S00618,2026-03-12,9,61
S00618,2026-03-14,10,31
S00618,2026-03-15,10,43
S00619,2026-05-16,1,40
S00619,2026-05-17,1,52
S00619,2026-05-21,2,51
S00619,2026-05-28,3,48
S00619,2026-05-29,3,42
S00619,2026-06-03,4,40
S00619,2026-06-04,4,34
S00619,2026-06-10,5,36
S00619,2026-06-11,5,41
S00619,2026-06-12,5,19
S00619,2026-06-22,6,45
S00620,2026-03-17,1,14
S00620,2026-03-22,2,48
S00620,2026-03-30,3,29
S00620,2026-04-09,4,13
S00620,2026-04-22,5,11
S00620,2026-05-07,6,7
S00621,2026-02-13,1,66
S00621,2026-02-15,2,56
S00621,2026-02-16,2,26
S00621,2026-02-16,3,41
S00621,2026-02-17,3,46
S00621,2026-02-18,4,34
S00621,2026-02-19,4,74
S00621,2026-02-20,4,21
S00621,2026-02-21,5,39
S00621,2026-02-22,5,46
S00621,2026-02-22,6,32
S00621,2026-02-23,6,23
S00621,2026-02-23,7,41
S00621,2026-02-24,8,59
S00621,2026-02-25,9,45
S00621,2026-02-26,10,72
S00621,2026-02-27,10,27
S00622,2026-03-20,1,61
S00622,2026-03-21,1,56
S00622,2026-03-22,1,58
S00622,2026-03-21,2,61
S00622,2026-03-22,3,26
S00622,2026-03-25,4,48
S00622,2026-03-27,5,33
S00622,2026-03-28,6,74
S00622,2026-03-29,6,46
S00622,2026-03-30,6,63
S00622,2026-03-30,7,39
S00622,2026-03-31,7,40
S00622,2026-04-01,8,38
S00622,2026-04-02,8,61
S00622,2026-04-02,9,24
S00622,2026-04-03,9,34
S00622,2026-04-04,10,34
S00623,2026-03-27,1,66
S00623,2026-03-28,1,73
S00623,2026-03-29,1,50
S00623,2026-03-29,2,38
S00623,2026-03-30,2,47
S00623,2026-03-31,2,29
S00623,2026-03-31,3,39
S00623,2026-04-01,3,62
S00623,2026-04-02,3,24
S00623,2026-04-01,4,22
S00623,2026-04-02,4,73
S00623,2026-04-03,4,55
S00623,2026-04-04,5,37
S00623,2026-04-05,5,63
S00623,2026-04-06,5,23
S00623,2026-04-06,6,37
S00623,2026-04-07,6,34
S00623,2026-04-08,6,22
S00623,2026-04-08,7,38
S00623,2026-04-09,7,28
S00623,2026-04-11,8,46
S00623,2026-04-12,8,66
S00623,2026-04-13,8,44
S00623,2026-04-14,9,63
S00623,2026-04-17,10,53
S00623,2026-04-18,10,36
S00624,2026-04-19,1,40
S00624,2026-04-20,1,34
S00624,2026-04-21,1,42
S00624,2026-04-21,2,21
S00624,2026-04-22,3,27
S00624,2026-04-23,4,47
S00624,2026-04-25,5,23
S00624,2026-04-28,6,46
S00624,2026-04-29,6,70
S00624,2026-05-01,7,64
S00624,2026-05-02,7,53
S00624,2026-05-03,7,32
S00624,2026-05-02,8,30
S00624,2026-05-04,9,28
S00624,2026-05-05,9,71
S00624,2026-05-06,9,62
S00624,2026-05-07,10,37
S00624,2026-05-08,10,32
S00624,2026-05-09,10,62
S00625,2026-05-24,1,13
S00625,2026-05-25,1,35
S00625,2026-05-26,1,40
S00625,2026-05-31,2,14
S00625,2026-06-08,3,26
S00625,2026-06-09,3,48
S00625,2026-06-10,3,18
S00625,2026-06-18,4,20
S00625,2026-06-26,5,35
S00625,2026-06-27,5,43
S00625,2026-06-28,5,48
S00625,2026-07-04,6,6
S00625,2026-07-05,6,41
S00626,2026-02-13,1,42
S00626,2026-02-15,2,68
S00626,2026-02-16,2,47
S00626,2026-02-17,3,30
S00626,2026-02-18,3,40
S00626,2026-02-19,4,28
S00626,2026-02-20,4,54
S00626,2026-02-21,4,53
S00626,2026-02-21,5,47
S00626,2026-02-22,5,30
S00626,2026-02-23,6,24
S00626,2026-02-24,6,58
S00626,2026-02-25,6,30
S00626,2026-02-26,7,32
S00626,2026-02-27,7,23
S00626,2026-02-28,7,33
S00626,2026-02-28,8,27
S00626,2026-03-01,8,41
S00626,2026-03-01,9,47
S00626,2026-03-02,10,45
S00626,2026-03-03,10,30
S00627,2026-03-26,1,33
S00627,2026-03-27,2,60
S00627,2026-03-28,2,31
S00627,2026-03-30,3,49
S00627,2026-03-31,4,28
S00627,2026-04-03,5,27
S00627,2026-04-04,5,73
S00627,2026-04-06,6,40
S00627,2026-04-07,6,37
S00627,2026-04-08,6,67
S00627,2026-04-07,7,64
S00627,2026-04-08,7,30
S00627,2026-04-09,7,23
S00627,2026-04-08,8,51
S00627,2026-04-09,8,26
S00627,2026-04-10,9,54
S00627,2026-04-11,9,40
S00627,2026-04-12,10,28
S00627,2026-04-13,10,73
S00628,2026-04-12,1,35
S00628,2026-04-17,2,33
S00628,2026-04-23,3,41
S00628,2026-05-02,4,43
S00628,2026-05-03,4,20
S00628,2026-05-04,4,45
S00628,2026-05-12,5,11
S00628,2026-05-13,5,46
S00628,2026-05-18,6,34
S00628,2026-05-19,6,7
S00628,2026-05-20,6,28
S00628,2026-05-26,7,20
S00628,2026-05-27,7,30
S00629,2026-05-30,1,61
S00629,2026-06-02,2,65
S00629,2026-06-03,2,38
S00629,2026-06-04,2,29
S00629,2026-06-04,3,52
S00629,2026-06-06,4,55
S00629,2026-06-07,4,58
S00629,2026-06-08,5,71
S00629,2026-06-09,5,41
S00629,2026-06-10,5,22
S00629,2026-06-11,6,28
S00629,2026-06-12,7,65
S00629,2026-06-13,7,40
S00629,2026-06-15,8,56
S00629,2026-06-18,9,32
S00629,2026-06-19,9,60
S00629,2026-06-19,10,52
S00629,2026-06-20,10,39
S00630,2026-04-20,1,43
S00630,2026-04-21,1,68
S00630,2026-04-22,1,20
S00630,2026-04-21,2,20
S00630,2026-04-22,2,60
S00630,2026-04-22,3,73
S00630,2026-04-25,4,68
S00630,2026-04-27,5,25
S00630,2026-04-28,6,32
S00630,2026-04-29,6,60
S00630,2026-05-01,7,30
S00630,2026-05-04,8,67
S00630,2026-05-05,8,58
S00630,2026-05-06,8,62
S00630,2026-05-06,9,35
S00630,2026-05-07,9,58
S00630,2026-05-08,10,24
S00631,2026-02-05,1,57
S00631,2026-02-06,1,14
S00631,2026-02-14,2,24
S00631,2026-03-01,3,9
S00631,2026-03-02,3,47
S00632,2026-04-28,1,9
S00633,2026-03-19,1,47
S00633,2026-03-22,2,53
S00633,2026-03-23,3,47
S00633,2026-03-24,3,45
S00633,2026-03-25,3,29
S00633,2026-03-24,4,40
S00633,2026-03-27,5,24
S00633,2026-03-28,5,55
S00633,2026-03-29,6,73
S00633,2026-03-30,6,54
S00633,2026-03-31,7,52
S00633,2026-04-03,8,49
S00633,2026-04-04,9,36
S00633,2026-04-05,9,36
S00633,2026-04-06,9,53
S00633,2026-04-05,10,54
S00633,2026-04-06,10,57
S00634,2026-05-12,1,61
S00634,2026-05-13,2,40
S00634,2026-05-14,3,30
S00634,2026-05-15,3,73
S00634,2026-05-17,4,70
S00634,2026-05-18,4,36
S00634,2026-05-19,5,43
S00634,2026-05-20,6,56
S00634,2026-05-21,6,74
S00634,2026-05-23,7,62
S00634,2026-05-24,8,23
S00634,2026-05-25,8,64
S00634,2026-05-26,8,60
S00634,2026-05-26,9,58
S00634,2026-05-27,9,74
S00634,2026-05-27,10,69
S00634,2026-05-28,10,67
S00635,2026-05-05,1,71
S00635,2026-05-06,1,48
S00635,2026-05-08,2,46
S00635,2026-05-09,2,28
S00635,2026-05-11,3,56
S00635,2026-05-12,4,50
S00635,2026-05-13,4,41
S00635,2026-05-15,5,38
S00635,2026-05-18,6,48
S00635,2026-05-19,6,59
S00635,2026-05-20,6,35
S00635,2026-05-20,7,53
S00635,2026-05-23,8,70
S00635,2026-05-24,8,37
S00635,2026-05-25,9,31
S00635,2026-05-26,9,31
S00635,2026-05-27,9,28
S00635,2026-05-26,10,35
S00635,2026-05-27,10,23
S00636,2026-01-15,1,23
S00636,2026-01-16,1,21
S00636,2026-01-18,2,56
S00636,2026-01-19,2,45
S00636,2026-01-20,3,21
S00636,2026-01-21,3,35
S00636,2026-01-23,4,56
S00636,2026-01-26,5,42
S00636,2026-01-27,5,23
S00636,2026-01-28,5,66
S00636,2026-01-28,6,58
S00636,2026-01-29,6,27
S00636,2026-01-30,6,62
S00636,2026-01-29,7,65
S00636,2026-02-01,8,45
S00636,2026-02-02,8,29
S00636,2026-02-03,9,43
S00636,2026-02-04,10,45
S00637,2026-05-24,1,34
S00637,2026-05-25,1,68
S00637,2026-05-26,2,56
S00637,2026-05-27,3,46
S00637,2026-05-28,3,21
S00637,2026-05-29,3,41
S00637,2026-05-28,4,26
S00637,2026-05-29,4,34
S00637,2026-05-30,5,20
S00637,2026-05-31,5,50
S00637,2026-06-01,5,74
S00637,2026-06-01,6,44
S00637,2026-06-03,7,68
S00637,2026-06-05,8,35
S00637,2026-06-06,8,28
S00637,2026-06-07,9,34
S00637,2026-06-08,9,67
S00637,2026-06-09,9,47
S00637,2026-06-10,10,55
S00638,2026-01-15,1,49
S00638,2026-01-16,1,44
S00638,2026-01-17,2,58
S00638,2026-01-20,3,60
S00638,2026-01-21,4,39
S00638,2026-01-22,4,63
S00638,2026-01-22,5,58
S00638,2026-01-23,5,61
S00638,2026-01-24,5,23
S00638,2026-01-23,6,32
S00638,2026-01-24,6,73
S00638,2026-01-26,7,61
S00638,2026-01-27,7,48
S00638,2026-01-28,7,23
S00638,2026-01-27,8,27
S00638,2026-01-29,9,44
S00638,2026-01-30,9,65
S00638,2026-01-31,9,60
S00638,2026-01-31,10,66
S00639,2026-04-06,1,59
S00639,2026-04-07,1,40
S00639,2026-04-08,1,32
S00639,2026-04-07,2,56
S00639,2026-04-08,2,60
S00639,2026-04-09,2,24
S00639,2026-04-08,3,41
S00639,2026-04-09,3,33
S00639,2026-04-11,4,41
S00639,2026-04-14,5,58
S00639,2026-04-15,6,27
S00639,2026-04-16,6,33
S00639,2026-04-17,7,56
S00639,2026-04-18,7,34
S00639,2026-04-18,8,25
S00639,2026-04-19,8,21
S00639,2026-04-19,9,73
S00639,2026-04-20,10,57
S00640,2026-01-27,1,24
S00640,2026-01-28,1,36
S00640,2026-01-29,1,40
S00640,2026-01-28,2,20
S00640,2026-01-31,3,20
S00640,2026-02-01,3,39
S00640,2026-02-02,4,20
S00640,2026-02-03,4,20
S00640,2026-02-04,5,32
S00640,2026-02-05,6,52
S00640,2026-02-06,6,25
S00640,2026-02-07,7,68
S00640,2026-02-08,7,30
S00640,2026-02-09,7,55
S00640,2026-02-09,8,54
S00640,2026-02-10,8,61
S00640,2026-02-11,8,41
S00640,2026-02-12,9,20
S00640,2026-02-13,9,67
S00640,2026-02-13,10,69
S00640,2026-02-14,10,21
S00641,2026-05-30,1,47
S00641,2026-05-31,2,40
S00641,2026-06-01,2,53
S00641,2026-06-02,2,45
S00641,2026-06-03,3,66
S00641,2026-06-06,4,61
S00641,2026-06-07,4,56
S00641,2026-06-08,4,39
S00641,2026-06-08,5,43
S00641,2026-06-09,5,35
S00641,2026-06-10,6,48
S00641,2026-06-13,7,38
S00641,2026-06-14,7,34
S00641,2026-06-15,7,74
S00641,2026-06-14,8,57
S00641,2026-06-16,9,42
S00641,2026-06-17,9,38
S00641,2026-06-18,10,39
S00641,2026-06-19,10,38
S00641,2026-06-20,10,60
S00642,2026-04-05,1,43
S00642,2026-04-08,2,71
S00642,2026-04-10,3,23
S00642,2026-04-13,4,65
S00642,2026-04-16,5,64
S00642,2026-04-17,5,40
S00642,2026-04-18,6,60
S00642,2026-04-19,6,48
S00642,2026-04-20,7,33
S00642,2026-04-21,7,56
S00642,2026-04-21,8,31
S00642,2026-04-22,9,31
S00642,2026-04-23,9,40
S00642,2026-04-25,10,72
S00642,2026-04-26,10,55
S00643,2026-05-24,1,30
S00643,2026-05-25,1,31
S00643,2026-05-27,2,46
S00643,2026-05-28,2,68
S00643,2026-05-29,2,59
S00643,2026-05-28,3,22
S00643,2026-05-29,3,58
S00643,2026-05-30,3,48
S00643,2026-05-30,4,58
S00643,2026-05-31,4,44
S00643,2026-06-01,4,43
S00643,2026-05-31,5,61
S00643,2026-06-03,6,60
S00643,2026-06-04,6,48
S00643,2026-06-05,6,60
S00643,2026-06-06,7,58
S00643,2026-06-07,7,30
S00643,2026-06-08,8,35
S00643,2026-06-09,9,74
S00643,2026-06-10,10,46
S00643,2026-06-11,10,42
S00643,2026-06-12,10,51
S00644,2026-03-24,1,56
S00644,2026-03-25,1,35
S00644,2026-03-26,1,58
S00644,2026-03-27,2,51
S00644,2026-03-28,2,68
S00644,2026-03-29,2,36
S00644,2026-03-29,3,74
S00644,2026-03-30,3,22
S00644,2026-04-01,4,34
S00644,2026-04-04,5,34
S00644,2026-04-05,5,57
S00644,2026-04-06,5,34
S00644,2026-04-07,6,24
S00644,2026-04-08,7,65
S00644,2026-04-09,7,48
S00644,2026-04-10,7,35
S00644,2026-04-10,8,25
S00644,2026-04-11,8,41
S00644,2026-04-11,9,54
S00644,2026-04-13,10,35
S00644,2026-04-14,10,20
S00645,2026-01-15,1,33
S00645,2026-01-18,2,58
S00645,2026-01-19,2,26
S00645,2026-01-21,3,47
S00645,2026-01-22,3,57
S00645,2026-01-22,4,43
S00645,2026-01-23,4,52
S00645,2026-01-25,5,32
S00645,2026-01-26,5,29
S00645,2026-01-26,6,22
S00645,2026-01-27,6,59
S00645,2026-01-28,6,31
S00645,2026-01-28,7,51
S00645,2026-01-29,7,58
S00645,2026-01-30,7,33
S00645,2026-01-31,8,62
S00645,2026-02-01,9,43
S00645,2026-02-04,10,51
S00645,2026-02-05,10,38
S00646,2026-03-29,1,9
S00647,2026-03-06,1,14
S00647,2026-03-07,1,33
S00647,2026-03-08,1,48
S00647,2026-03-12,2,13
S00647,2026-03-17,3,9
S00647,2026-03-18,3,31
S00647,2026-03-24,4,44
S00647,2026-04-04,5,42
S00647,2026-04-05,5,24
S00647,2026-04-06,5,45
S00647,2026-04-09,6,19
S00647,2026-04-10,6,8
S00647,2026-04-18,7,5
S00647,2026-04-19,7,44
S00647,2026-04-20,7,12
S00647,2026-04-26,8,26
S00648,2026-04-03,1,57
S00648,2026-04-15,2,12
S00648,2026-04-27,3,27
S00648,2026-04-28,3,17
S00648,2026-04-29,3,20
S00649,2026-05-08,1,53
S00649,2026-05-09,1,22
S00649,2026-05-13,2,54
S00649,2026-05-14,2,35
S00649,2026-05-18,3,41
S00649,2026-05-19,3,29
S00649,2026-05-20,3,24
S00649,2026-05-31,4,42
S00649,2026-06-01,4,16
S00649,2026-06-11,5,33
S00649,2026-06-12,5,20
S00650,2026-02-02,1,56
S00650,2026-02-03,2,54
S00650,2026-02-04,2,51
S00650,2026-02-05,3,73
S00650,2026-02-06,3,63
S00650,2026-02-06,4,27
S00650,2026-02-07,4,65
S00650,2026-02-07,5,58
S00650,2026-02-10,6,55
S00650,2026-02-13,7,42
S00650,2026-02-15,8,57
S00650,2026-02-16,8,22
S00650,2026-02-17,8,69
S00650,2026-02-17,9,46
S00650,2026-02-18,9,42
S00650,2026-02-20,10,59
S00650,2026-02-21,10,37
S00650,2026-02-22,10,46
S00651,2026-04-02,1,21
S00651,2026-04-04,2,55
S00651,2026-04-05,2,23
S00651,2026-04-05,3,52
S00651,2026-04-08,4,47
S00651,2026-04-09,4,72
S00651,2026-04-11,5,54
S00651,2026-04-12,5,74
S00651,2026-04-12,6,31
S00651,2026-04-15,7,61
S00651,2026-04-18,8,22
S00651,2026-04-19,9,36
S00651,2026-04-20,9,29
S00651,2026-04-21,9,52
S00651,2026-04-21,10,29
S00651,2026-04-22,10,40
S00652,2026-03-04,1,20
S00652,2026-03-07,2,61
S00652,2026-03-08,3,30
S00652,2026-03-10,4,22
S00652,2026-03-11,5,49
S00652,2026-03-14,6,32
S00652,2026-03-16,7,38
S00652,2026-03-18,8,56
S00652,2026-03-19,8,35
S00652,2026-03-19,9,42
S00652,2026-03-20,9,25
S00652,2026-03-21,9,55
S00652,2026-03-20,10,53
S00652,2026-03-21,10,62
S00652,2026-03-22,10,45
S00653,2026-01-23,1,56
S00653,2026-01-24,1,50
S00653,2026-01-25,1,32
S00653,2026-01-31,2,24
S00653,2026-02-01,2,49
S00653,2026-02-02,2,24
S00653,2026-02-05,3,28
S00653,2026-02-13,4,15
S00653,2026-02-21,5,5
S00653,2026-02-22,5,9
S00653,2026-02-23,5,36
S00654,2026-04-01,1,17
S00654,2026-04-10,2,19
S00654,2026-04-20,3,53
S00654,2026-04-21,3,52
S00654,2026-04-27,4,10
S00654,2026-05-13,5,42
S00654,2026-05-14,5,39
S00654,2026-05-15,5,37
S00655,2026-03-27,1,32
S00655,2026-03-28,1,49
S00655,2026-03-30,2,20
S00655,2026-03-31,2,30
S00655,2026-04-02,3,74
S00655,2026-04-03,3,37
S00655,2026-04-04,3,68
S00655,2026-04-04,4,57
S00655,2026-04-05,4,22
S00655,2026-04-06,4,25
S00655,2026-04-06,5,58
S00655,2026-04-07,5,45
S00655,2026-04-08,5,20
S00655,2026-04-07,6,72
S00655,2026-04-08,6,28
S00655,2026-04-09,6,24
S00655,2026-04-08,7,52
S00655,2026-04-11,8,72
S00655,2026-04-12,8,64
S00655,2026-04-14,9,49
S00655,2026-04-15,9,52
S00655,2026-04-16,10,55
S00656,2026-04-28,1,32
S00656,2026-04-29,2,72
S00656,2026-04-30,2,43
S00656,2026-04-30,3,69
S00656,2026-05-01,3,43
S00656,2026-05-02,3,45
S00656,2026-05-01,4,56
S00656,2026-05-02,4,41
S00656,2026-05-02,5,41
S00656,2026-05-03,5,62
S00656,2026-05-04,5,22
S00656,2026-05-03,6,29
S00656,2026-05-04,7,61
S00656,2026-05-06,8,37
S00656,2026-05-07,8,40
S00656,2026-05-08,9,52
S00656,2026-05-09,9,28
S00656,2026-05-11,10,42
S00657,2026-04-14,1,61
S00657,2026-04-15,2,33
S00657,2026-04-16,2,47
S00657,2026-04-16,3,38
S00657,2026-04-17,3,32
S00657,2026-04-19,4,71
S00657,2026-04-20,4,51
S00657,2026-04-21,4,34
S00657,2026-04-22,5,24
S00657,2026-04-23,5,41
S00657,2026-04-24,5,61
S00657,2026-04-23,6,47
S00657,2026-04-24,6,20
S00657,2026-04-25,6,68
S00657,2026-04-25,7,33
S00657,2026-04-26,7,22
S00657,2026-04-27,7,38
S00657,2026-04-26,8,29
S00657,2026-04-27,8,54
S00657,2026-04-29,9,54
S00657,2026-04-30,9,35
S00657,2026-05-02,10,24
S00657,2026-05-03,10,40
S00657,2026-05-04,10,50
S00658,2026-03-27,1,26
S00658,2026-03-29,2,25
S00658,2026-03-30,2,26
S00658,2026-04-01,3,48
S00658,2026-04-02,3,38
S00658,2026-04-02,4,70
S00658,2026-04-03,4,53
S00658,2026-04-04,4,47
S00658,2026-04-03,5,49
S00658,2026-04-04,5,48
S00658,2026-04-05,6,74
S00658,2026-04-06,6,41
S00658,2026-04-07,7,29
S00658,2026-04-08,7,28
S00658,2026-04-10,8,68
S00658,2026-04-11,9,61
S00658,2026-04-12,9,52
S00658,2026-04-14,10,26
S00658,2026-04-15,10,28
S00659,2026-04-14,1,35
S00659,2026-04-15,1,16
S00659,2026-04-16,1,22
S00659,2026-04-22,2,50
S00659,2026-04-30,3,13
S00659,2026-05-01,3,48
S00659,2026-05-15,4,51
S00659,2026-05-16,4,26
S00659,2026-05-17,4,27
S00659,2026-06-01,5,26
S00659,2026-06-02,5,7
S00660,2026-04-24,1,20
S00660,2026-04-25,1,46
S00660,2026-04-26,1,38
S00660,2026-04-30,2,48
S00660,2026-05-01,2,54
S00660,2026-05-05,3,52
S00660,2026-05-06,3,26
S00660,2026-05-12,4,31
S00660,2026-05-13,4,15
S00660,2026-05-14,4,34
S00660,2026-05-22,5,14
S00660,2026-05-23,5,21
S00660,2026-06-04,6,17
S00660,2026-06-05,6,30
S00660,2026-06-06,6,13
S00660,2026-06-16,7,19
S00660,2026-06-27,8,18
S00660,2026-06-28,8,12
S00661,2026-03-30,1,73
S00661,2026-03-31,1,62
S00661,2026-04-01,1,49
S00661,2026-04-01,2,58
S00661,2026-04-02,2,41
S00661,2026-04-03,2,60
S00661,2026-04-02,3,60
S00661,2026-04-05,4,38
S00661,2026-04-06,5,57
S00661,2026-04-07,5,54
S00661,2026-04-07,6,39
S00661,2026-04-08,7,55
S00661,2026-04-09,7,65
S00661,2026-04-09,8,40
S00661,2026-04-10,8,40
S00661,2026-04-11,9,32
S00661,2026-04-12,9,59
S00661,2026-04-13,9,30
S00661,2026-04-14,10,56
S00662,2026-03-22,1,19
S00662,2026-03-24,2,17
S00663,2026-02-17,1,47
S00663,2026-02-18,1,23
S00663,2026-02-24,2,23
S00663,2026-02-25,2,45
S00663,2026-03-05,3,26
S00663,2026-03-06,3,34
S00663,2026-03-07,3,37
S00663,2026-03-15,4,42
S00663,2026-03-28,5,38
S00663,2026-04-09,6,5
S00663,2026-04-10,6,5
S00663,2026-04-11,6,28
S00664,2026-05-28,1,59
S00664,2026-05-30,2,54
S00664,2026-05-31,2,27
S00664,2026-06-01,2,24
S00664,2026-05-31,3,58
S00664,2026-06-03,4,27
S00664,2026-06-06,5,49
S00664,2026-06-07,5,67
S00664,2026-06-08,5,58
S00664,2026-06-07,6,22
S00664,2026-06-08,7,44
S00664,2026-06-09,8,51
S00664,2026-06-10,9,42
S00664,2026-06-12,10,73
S00664,2026-06-13,10,27
S00664,2026-06-14,10,71
S00665,2026-05-13,1,29
S00665,2026-05-16,2,54
S00665,2026-05-17,2,53
S00665,2026-05-18,2,40
S00665,2026-05-18,3,53
S00665,2026-05-19,3,57
S00665,2026-05-21,4,21
S00665,2026-05-22,4,22
S00665,2026-05-23,4,36
S00665,2026-05-23,5,57
S00665,2026-05-26,6,24
S00665,2026-05-27,7,59
S00665,2026-05-28,8,43
S00665,2026-05-29,8,58
S00665,2026-05-30,8,69
S00665,2026-05-29,9,69
S00665,2026-05-30,9,32
S00665,2026-05-31,10,62
S00666,2026-03-05,1,42
S00666,2026-03-06,1,45
S00666,2026-03-08,2,60
S00666,2026-03-09,2,49
S00666,2026-03-10,2,52
S00666,2026-03-09,3,49
S00666,2026-03-10,3,59
S00666,2026-03-11,4,31
S00666,2026-03-12,4,74
S00666,2026-03-13,5,30
S00666,2026-03-14,5,73
S00666,2026-03-15,5,43
S00666,2026-03-16,6,34
S00666,2026-03-18,7,55
S00666,2026-03-19,8,61
S00666,2026-03-20,8,51
S00666,2026-03-21,8,33
S00666,2026-03-20,9,64
S00666,2026-03-21,9,42
S00666,2026-03-23,10,62
S00666,2026-03-24,10,41
S00666,2026-03-25,10,42
S00667,2026-02-12,1,74
S00667,2026-02-13,2,57
S00667,2026-02-15,3,57
S00667,2026-02-16,3,56
S00667,2026-02-17,3,24
S00667,2026-02-17,4,54
S00667,2026-02-20,5,63
S00667,2026-02-21,5,51
S00667,2026-02-22,5,58
S00667,2026-02-21,6,34
S00667,2026-02-24,7,30
S00667,2026-02-25,7,32
S00667,2026-02-26,7,37
S00667,2026-02-25,8,24
S00667,2026-02-26,8,62
S00667,2026-02-28,9,47
S00667,2026-03-02,10,46
S00668,2026-01-17,1,70
S00668,2026-01-18,1,28
S00668,2026-01-19,1,40
S00668,2026-01-19,2,23
S00668,2026-01-20,2,25
S00668,2026-01-21,3,20
S00668,2026-01-22,4,47
S00668,2026-01-24,5,27
S00668,2026-01-25,5,22
S00668,2026-01-26,5,68
S00668,2026-01-27,6,51
S00668,2026-01-28,6,30
S00668,2026-01-28,7,28
S00668,2026-01-29,8,59
S00668,2026-02-01,9,72
S00668,2026-02-02,9,23
S00668,2026-02-03,9,42
S00668,2026-02-02,10,62
S00669,2026-03-18,1,24
S00669,2026-03-19,1,44
S00669,2026-03-19,2,44
S00669,2026-03-21,3,46
S00669,2026-03-23,4,35
S00669,2026-03-24,4,35
S00669,2026-03-25,4,32
S00669,2026-03-24,5,74
S00669,2026-03-26,6,72
S00669,2026-03-27,6,28
S00669,2026-03-28,6,70
S00669,2026-03-27,7,29
S00669,2026-03-28,7,40
S00669,2026-03-30,8,30
S00669,2026-03-31,8,59
S00669,2026-04-01,8,73
S00669,2026-03-31,9,73
S00669,2026-04-01,9,56
S00669,2026-04-02,9,39
S00669,2026-04-02,10,20
S00670,2026-03-05,1,42
S00670,2026-03-06,1,30
S00670,2026-03-07,1,66
S00670,2026-03-06,2,34
S00670,2026-03-07,2,28
S00670,2026-03-08,2,31
S00670,2026-03-09,3,43
S00670,2026-03-10,3,33
S00670,2026-03-11,3,73
S00670,2026-03-10,4,32
S00670,2026-03-13,5,61
S00670,2026-03-14,5,42
S00670,2026-03-14,6,65
S00670,2026-03-15,6,35
S00670,2026-03-16,6,44
S00670,2026-03-16,7,39
S00670,2026-03-17,7,38
S00670,2026-03-18,7,32
S00670,2026-03-18,8,62
S00670,2026-03-19,8,67
S00670,2026-03-20,9,74
S00670,2026-03-21,9,72
S00670,2026-03-22,10,29
S00671,2026-03-03,1,21
S00671,2026-03-04,1,73
S00671,2026-03-04,2,69
S00671,2026-03-05,2,52
S00671,2026-03-06,2,20
S00671,2026-03-05,3,25
S00671,2026-03-08,4,31
S00671,2026-03-10,5,62
S00671,2026-03-11,5,72
S00671,2026-03-11,6,49
S00671,2026-03-13,7,32
S00671,2026-03-14,7,74
S00671,2026-03-15,8,50
S00671,2026-03-18,9,72
S00671,2026-03-20,10,59
S00671,2026-03-21,10,72
S00672,2026-03-03,1,19
S00672,2026-03-05,2,8
S00673,2026-03-30,1,60
S00673,2026-03-31,1,59
S00673,2026-03-31,2,72
S00673,2026-04-01,2,62
S00673,2026-04-01,3,66
S00673,2026-04-02,4,63
S00673,2026-04-03,4,61
S00673,2026-04-04,4,70
S00673,2026-04-05,5,44
S00673,2026-04-06,5,48
S00673,2026-04-07,5,38
S00673,2026-04-08,6,48
S00673,2026-04-09,6,35
S00673,2026-04-10,6,65
S00673,2026-04-10,7,64
S00673,2026-04-11,7,64
S00673,2026-04-11,8,31
S00673,2026-04-14,9,25
S00673,2026-04-15,9,72
S00673,2026-04-16,9,23
S00673,2026-04-16,10,27
S00673,2026-04-17,10,42
S00673,2026-04-18,10,23
S00674,2026-02-23,1,69
S00674,2026-02-24,1,51
S00674,2026-02-25,1,33
S00674,2026-02-25,2,36
S00674,2026-02-27,3,70
S00674,2026-03-01,4,40
S00674,2026-03-02,5,52
S00674,2026-03-03,5,73
S00674,2026-03-05,6,69
S00674,2026-03-06,6,73
S00674,2026-03-07,6,51
S00674,2026-03-08,7,67
S00674,2026-03-09,7,47
S00674,2026-03-10,8,48
S00674,2026-03-11,8,32
S00674,2026-03-11,9,38
S00674,2026-03-12,9,28
S00674,2026-03-12,10,64
S00674,2026-03-13,10,21
S00674,2026-03-14,10,34
S00675,2026-05-27,1,33
S00675,2026-05-28,1,46
S00675,2026-05-28,2,62
S00675,2026-05-29,2,23
S00675,2026-05-30,2,45
S00675,2026-05-29,3,60
S00675,2026-05-30,3,56
S00675,2026-05-31,3,23
S00675,2026-05-30,4,54
S00675,2026-05-31,5,43
S00675,2026-06-03,6,42
S00675,2026-06-04,6,59
S00675,2026-06-05,6,40
S00675,2026-06-04,7,50
S00675,2026-06-05,8,24
S00675,2026-06-06,9,49
S00675,2026-06-07,9,37
S00675,2026-06-08,10,34
S00675,2026-06-09,10,38
S00676,2026-04-19,1,15
S00677,2026-05-20,1,64
S00677,2026-05-22,2,46
S00677,2026-05-23,2,38
S00677,2026-05-24,2,29
S00677,2026-05-24,3,43
S00677,2026-05-27,4,73
S00677,2026-05-28,4,52
S00677,2026-05-29,5,50
S00677,2026-06-01,6,31
S00677,2026-06-04,7,57
S00677,2026-06-06,8,31
S00677,2026-06-07,8,59
S00677,2026-06-07,9,66
S00677,2026-06-08,9,65
S00677,2026-06-10,10,43
S00678,2026-05-13,1,68
S00678,2026-05-14,1,67
S00678,2026-05-15,1,66
S00678,2026-05-15,2,43
S00678,2026-05-16,2,38
S00678,2026-05-17,2,48
S00678,2026-05-18,3,67
S00678,2026-05-20,4,42
S00678,2026-05-21,4,50
S00678,2026-05-22,4,64
S00678,2026-05-21,5,23
S00678,2026-05-22,5,32
S00678,2026-05-22,6,69
S00678,2026-05-23,6,72
S00678,2026-05-24,7,27
S00678,2026-05-25,7,67
S00678,2026-05-26,7,54
S00678,2026-05-27,8,23
S00678,2026-05-30,9,49
S00678,2026-06-02,10,26
S00678,2026-06-03,10,47
S00679,2026-04-25,1,8
S00679,2026-04-27,2,8
S00681,2026-01-18,1,28
S00681,2026-01-19,1,54
S00681,2026-01-23,2,48
S00681,2026-01-29,3,21
S00681,2026-01-30,3,34
S00681,2026-01-31,3,43
S00681,2026-02-05,4,35
S00681,2026-02-06,4,11
S00681,2026-02-07,4,13
S00681,2026-02-15,5,25
S00681,2026-02-16,5,14
S00681,2026-02-25,6,45
S00681,2026-03-13,7,37
S00681,2026-03-14,7,41
S00682,2026-04-18,1,29
S00682,2026-04-19,1,68
S00682,2026-04-20,1,22
S00682,2026-04-20,2,70
S00682,2026-04-21,2,70
S00682,2026-04-22,3,29
S00682,2026-04-25,4,30
S00682,2026-04-26,4,30
S00682,2026-04-26,5,42
S00682,2026-04-27,5,69
S00682,2026-04-27,6,22
S00682,2026-04-29,7,39
S00682,2026-04-30,7,70
S00682,2026-04-30,8,43
S00682,2026-05-01,9,65
S00682,2026-05-03,10,46
S00683,2026-04-20,1,38
S00683,2026-04-21,1,50
S00683,2026-04-22,1,44
S00683,2026-04-22,2,52
S00683,2026-04-25,3,28
S00683,2026-04-26,3,33
S00683,2026-04-27,4,72
S00683,2026-04-28,4,60
S00683,2026-04-29,4,37
S00683,2026-04-28,5,35
S00683,2026-04-29,5,59
S00683,2026-04-30,5,42
S00683,2026-04-29,6,48
S00683,2026-04-30,6,72
S00683,2026-05-01,6,64
S00683,2026-05-01,7,61
S00683,2026-05-03,8,70
S00683,2026-05-04,8,30
S00683,2026-05-06,9,20
S00683,2026-05-07,9,31
S00683,2026-05-09,10,69
S00684,2026-05-10,1,22
S00684,2026-05-11,1,19
S00684,2026-05-12,1,45
S00684,2026-05-21,2,54
S00684,2026-05-22,2,40
S00684,2026-05-23,2,51
S00686,2026-05-29,1,36
S00686,2026-05-30,1,55
S00686,2026-06-05,2,29
S00686,2026-06-06,2,54
S00686,2026-06-12,3,43
S00686,2026-06-26,4,10
S00687,2026-04-18,1,49
S00687,2026-04-19,1,54
S00687,2026-04-22,2,38
S00687,2026-04-23,2,17
S00687,2026-04-24,2,53
S00687,2026-04-28,3,40
S00687,2026-05-11,4,51
S00687,2026-05-12,4,32
S00687,2026-05-24,5,20
S00688,2026-05-04,1,22
S00688,2026-05-06,2,55
S00688,2026-05-07,3,31
S00688,2026-05-08,4,47
S00688,2026-05-09,4,72
S00688,2026-05-10,4,55
S00688,2026-05-09,5,56
S00688,2026-05-12,6,73
S00688,2026-05-13,6,65
S00688,2026-05-13,7,53
S00688,2026-05-14,7,38
S00688,2026-05-15,7,52
S00688,2026-05-14,8,46
S00688,2026-05-15,8,57
S00688,2026-05-17,9,40
S00688,2026-05-18,9,73
S00688,2026-05-19,9,45
S00688,2026-05-20,10,31
S00688,2026-05-21,10,52
S00689,2026-05-27,1,22
S00689,2026-05-28,1,22
S00689,2026-06-03,2,40
S00689,2026-06-15,3,21
S00689,2026-06-16,3,37
S00689,2026-06-24,4,19
S00689,2026-06-25,4,48
S00689,2026-06-26,4,11
S00690,2026-02-07,1,60
S00690,2026-02-10,2,29
S00690,2026-02-11,2,66
S00690,2026-02-12,2,20
S00690,2026-02-13,3,26
S00690,2026-02-14,3,28
S00690,2026-02-15,3,59
S00690,2026-02-14,4,64
S00690,2026-02-16,5,58
S00690,2026-02-17,5,29
S00690,2026-02-19,6,32
S00690,2026-02-20,6,59
S00690,2026-02-21,7,70
S00690,2026-02-23,8,28
S00690,2026-02-26,9,58
S00690,2026-02-27,9,69
S00690,2026-02-28,9,32
S00690,2026-02-27,10,60
S00690,2026-02-28,10,59
S00691,2026-05-03,1,70
S00691,2026-05-04,1,49
S00691,2026-05-04,2,61
S00691,2026-05-05,2,34
S00691,2026-05-05,3,67
S00691,2026-05-06,3,67
S00691,2026-05-07,3,66
S00691,2026-05-06,4,27
S00691,2026-05-07,4,33
S00691,2026-05-08,4,37
S00691,2026-05-08,5,24
S00691,2026-05-09,5,20
S00691,2026-05-10,5,64
S00691,2026-05-09,6,20
S00691,2026-05-10,6,31
S00691,2026-05-11,7,61
S00691,2026-05-12,7,63
S00691,2026-05-13,7,70
S00691,2026-05-12,8,47
S00691,2026-05-13,8,22
S00691,2026-05-14,8,24
S00691,2026-05-15,9,63
S00691,2026-05-16,10,57
S00691,2026-05-17,10,23
S00691,2026-05-18,10,32
S00692,2026-04-26,1,49
S00692,2026-04-28,2,57
S00692,2026-04-29,3,53
S00692,2026-04-30,3,68
S00692,2026-05-01,4,44
S00692,2026-05-02,5,24
S00692,2026-05-03,5,24
S00692,2026-05-04,5,35
S00692,2026-05-03,6,54
S00692,2026-05-06,7,50
S00692,2026-05-07,7,28
S00692,2026-05-08,7,50
S00692,2026-05-08,8,35
S00692,2026-05-10,9,68
S00692,2026-05-11,9,50
S00692,2026-05-11,10,57
S00692,2026-05-12,10,62
S00693,2026-02-16,1,73
S00693,2026-02-19,2,28
S00693,2026-02-20,2,34
S00693,2026-02-22,3,56
S00693,2026-02-23,3,22
S00693,2026-02-24,3,53
S00693,2026-02-25,4,49
S00693,2026-02-26,5,63
S00693,2026-02-27,5,35
S00693,2026-02-28,5,45
S00693,2026-02-27,6,42
S00693,2026-02-28,6,29
S00693,2026-03-02,7,41
S00693,2026-03-03,7,62
S00693,2026-03-04,7,62
S00693,2026-03-04,8,42
S00693,2026-03-05,9,51
S00693,2026-03-07,10,60
S00693,2026-03-08,10,22
S00693,2026-03-09,10,53
S00694,2026-03-23,1,27
S00694,2026-03-24,2,27
S00694,2026-03-26,3,65
S00694,2026-03-27,4,52
S00694,2026-03-28,4,66
S00694,2026-03-29,4,48
S00694,2026-03-29,5,22
S00694,2026-03-30,5,73
S00694,2026-03-31,6,36
S00694,2026-04-01,6,56
S00694,2026-04-02,6,43
S00694,2026-04-01,7,60
S00694,2026-04-02,7,27
S00694,2026-04-03,8,44
S00694,2026-04-05,9,22
S00694,2026-04-06,10,51
S00694,2026-04-07,10,42
S00694,2026-04-08,10,38
S00695,2026-03-30,1,20
S00695,2026-04-02,2,49
S00695,2026-04-03,2,36
S00695,2026-04-04,2,58
S00695,2026-04-03,3,41
S00695,2026-04-04,3,65
S00695,2026-04-04,4,54
S00695,2026-04-05,4,31
S00695,2026-04-06,4,28
S00695,2026-04-05,5,63
S00695,2026-04-06,5,63
S00695,2026-04-07,5,40
S00695,2026-04-06,6,30
S00695,2026-04-07,6,64
S00695,2026-04-08,6,51
S00695,2026-04-08,7,30
S00695,2026-04-09,8,32
S00695,2026-04-10,8,72
S00695,2026-04-11,8,62
S00695,2026-04-12,9,73
S00695,2026-04-13,10,70
S00695,2026-04-14,10,37
S00696,2026-05-08,1,33
S00696,2026-05-12,2,46
S00696,2026-05-13,2,33
S00696,2026-05-14,2,54
S00696,2026-05-21,3,34
S00696,2026-05-22,3,42
S00696,2026-05-23,3,41
S00696,2026-05-31,4,26
S00696,2026-06-01,4,32
S00696,2026-06-02,4,38
S00697,2026-02-21,1,56
S00697,2026-02-22,1,51
S00697,2026-02-23,1,64
S00697,2026-02-22,2,39
S00697,2026-02-23,2,63
S00697,2026-02-24,2,55
S00697,2026-02-23,3,37
S00697,2026-02-25,4,60
S00697,2026-02-26,4,20
S00697,2026-02-28,5,25
S00697,2026-03-02,6,56
S00697,2026-03-03,6,68
S00697,2026-03-04,6,22
S00697,2026-03-05,7,64
S00697,2026-03-06,7,34
S00697,2026-03-07,7,36
S00697,2026-03-07,8,30
S00697,2026-03-08,8,47
S00697,2026-03-10,9,71
S00697,2026-03-11,9,61
S00697,2026-03-12,9,30
S00697,2026-03-12,10,63
S00698,2026-05-10,1,47
S00698,2026-05-18,2,33
S00698,2026-05-19,2,13
S00698,2026-05-24,3,33
S00698,2026-06-02,4,44
S00698,2026-06-03,4,38
S00698,2026-06-04,4,41
S00698,2026-06-10,5,11
S00698,2026-06-11,5,8
S00699,2026-04-28,1,26
S00699,2026-05-01,2,67
S00699,2026-05-02,2,31
S00699,2026-05-04,3,57
S00699,2026-05-05,3,64
S00699,2026-05-06,4,33
S00699,2026-05-07,4,37
S00699,2026-05-08,5,33
S00699,2026-05-09,5,49
S00699,2026-05-10,5,32
S00699,2026-05-09,6,57
S00699,2026-05-12,7,63
S00699,2026-05-14,8,38
S00699,2026-05-15,8,39
S00699,2026-05-16,8,48
S00699,2026-05-17,9,64
S00699,2026-05-18,10,55
S00699,2026-05-19,10,58
S00699,2026-05-20,10,22
S00700,2026-02-23,1,22
S00700,2026-02-26,2,59
S00700,2026-02-28,3,35
S00700,2026-03-01,3,60
S00700,2026-03-01,4,54
S00700,2026-03-02,4,33
S00700,2026-03-04,5,61
S00700,2026-03-05,5,65
S00700,2026-03-06,5,31
S00700,2026-03-07,6,74
S00700,2026-03-09,7,50
S00700,2026-03-10,7,28
S00700,2026-03-11,7,40
S00700,2026-03-10,8,38
S00700,2026-03-12,9,30
S00700,2026-03-13,9,55
S00700,2026-03-15,10,66
S00701,2026-03-07,1,63
S00701,2026-03-10,2,38
S00701,2026-03-11,2,54
S00701,2026-03-12,2,67
S00701,2026-03-13,3,50
S00701,2026-03-14,3,22
S00701,2026-03-16,4,54
S00701,2026-03-17,4,40
S00701,2026-03-18,4,20
S00701,2026-03-18,5,53
S00701,2026-03-19,5,37
S00701,2026-03-20,5,44
S00701,2026-03-20,6,69
S00701,2026-03-21,7,42
S00701,2026-03-22,7,57
S00701,2026-03-23,7,60
S00701,2026-03-24,8,38
S00701,2026-03-25,8,20
S00701,2026-03-26,8,43
S00701,2026-03-26,9,30
S00701,2026-03-27,9,58
S00701,2026-03-27,10,62
S00701,2026-03-28,10,49
S00701,2026-03-29,10,59
S00702,2026-04-08,1,42
S00702,2026-04-09,1,42
S00702,2026-04-10,1,61
S00702,2026-04-11,2,71
S00702,2026-04-12,2,54
S00702,2026-04-13,2,35
S00702,2026-04-14,3,69
S00702,2026-04-15,4,22
S00702,2026-04-18,5,61
S00702,2026-04-20,6,65
S00702,2026-04-21,6,28
S00702,2026-04-22,6,68
S00702,2026-04-22,7,41
S00702,2026-04-25,8,50
S00702,2026-04-26,8,70
S00702,2026-04-27,8,60
S00702,2026-04-28,9,33
S00702,2026-04-29,9,54
S00702,2026-04-30,9,43
S00702,2026-04-30,10,66
S00703,2026-04-02,1,28
S00703,2026-04-04,2,41
S00703,2026-04-05,3,68
S00703,2026-04-06,3,64
S00703,2026-04-08,4,69
S00703,2026-04-09,4,21
S00703,2026-04-10,4,72
S00703,2026-04-09,5,40
S00703,2026-04-10,5,50
S00703,2026-04-10,6,41
S00703,2026-04-11,6,26
S00703,2026-04-12,6,21
S00703,2026-04-11,7,57
S00703,2026-04-12,7,64
S00703,2026-04-13,7,41
S00703,2026-04-12,8,54
S00703,2026-04-13,8,57
S00703,2026-04-14,8,51
S00703,2026-04-15,9,50
S00703,2026-04-16,9,74
S00703,2026-04-18,10,46
S00704,2026-03-24,1,23
S00704,2026-03-25,1,40
S00704,2026-03-27,2,41
S00704,2026-03-29,3,60
S00704,2026-03-30,3,47
S00704,2026-04-01,4,73
S00704,2026-04-02,4,74
S00704,2026-04-02,5,45
S00704,2026-04-03,5,59
S00704,2026-04-03,6,32
S00704,2026-04-04,6,34
S00704,2026-04-05,7,43
S00704,2026-04-06,7,22
S00704,2026-04-06,8,27
S00704,2026-04-07,8,65
S00704,2026-04-08,8,65
S00704,2026-04-07,9,71
S00704,2026-04-08,9,20
S00704,2026-04-10,10,48
S00705,2026-05-23,1,44
S00705,2026-05-24,1,69
S00705,2026-05-25,1,57
S00705,2026-05-26,2,37
S00705,2026-05-28,3,64
S00705,2026-05-29,3,27
S00705,2026-05-31,4,52
S00705,2026-06-03,5,23
S00705,2026-06-04,5,53
S00705,2026-06-04,6,31
S00705,2026-06-05,6,43
S00705,2026-06-06,7,68
S00705,2026-06-07,7,49
S00705,2026-06-07,8,43
S00705,2026-06-08,8,70
S00705,2026-06-08,9,70
S00705,2026-06-09,10,23
S00706,2026-01-05,1,7
S00707,2026-03-16,1,40
S00707,2026-03-17,1,41
S00707,2026-03-18,2,57
S00707,2026-03-19,2,52
S00707,2026-03-20,2,34
S00707,2026-03-20,3,64
S00707,2026-03-21,3,67
S00707,2026-03-21,4,48
S00707,2026-03-22,4,54
S00707,2026-03-23,4,72
S00707,2026-03-23,5,68
S00707,2026-03-24,5,72
S00707,2026-03-25,5,62
S00707,2026-03-26,6,27
S00707,2026-03-27,6,44
S00707,2026-03-28,6,68
S00707,2026-03-29,7,32
S00707,2026-04-01,8,27
S00707,2026-04-02,8,61
S00707,2026-04-02,9,35
S00707,2026-04-03,9,56
S00707,2026-04-04,9,61
S00707,2026-04-03,10,22
S00707,2026-04-04,10,50
S00707,2026-04-05,10,61
S00708,2026-03-21,1,35
S00708,2026-03-22,1,29
S00708,2026-03-23,1,25
S00708,2026-03-26,2,17
S00708,2026-03-27,2,13
S00708,2026-03-30,3,45
S00708,2026-04-08,4,9
S00708,2026-04-17,5,10
S00708,2026-04-18,5,46
S00708,2026-04-26,6,11
S00708,2026-04-27,6,25
S00708,2026-05-12,7,8
S00708,2026-05-13,7,5
S00708,2026-05-14,7,5
S00709,2026-01-08,1,24
S00709,2026-01-09,1,27
S00709,2026-01-10,1,46
S00709,2026-01-10,2,57
S00709,2026-01-12,3,35
S00709,2026-01-13,3,41
S00709,2026-01-15,4,22
S00709,2026-01-16,4,31
S00709,2026-01-17,4,42
S00709,2026-01-17,5,69
S00709,2026-01-18,5,65
S00709,2026-01-19,5,48
S00709,2026-01-19,6,56
S00709,2026-01-20,6,30
S00709,2026-01-21,6,30
S00709,2026-01-21,7,27
S00709,2026-01-22,7,74
S00709,2026-01-24,8,40
S00709,2026-01-25,8,72
S00709,2026-01-27,9,69
S00709,2026-01-28,9,69
S00709,2026-01-29,9,21
S00709,2026-01-29,10,56
S00709,2026-01-30,10,24
S00709,2026-01-31,10,60
S00710,2026-02-19,1,32
S00710,2026-02-27,2,35
S00710,2026-03-10,3,11
S00710,2026-03-11,3,33
S00710,2026-03-12,3,32
S00710,2026-03-17,4,37
S00710,2026-03-18,4,10
S00710,2026-03-19,4,10
S00711,2026-03-20,1,17
S00711,2026-03-21,1,39
S00711,2026-03-22,1,45
S00711,2026-04-01,2,31
S00711,2026-04-02,2,41
S00711,2026-04-03,2,21
S00711,2026-04-14,3,51
S00711,2026-04-15,3,24
S00711,2026-04-16,3,32
S00712,2026-04-30,1,50
S00712,2026-05-01,1,34
S00712,2026-05-02,1,17
S00712,2026-05-11,2,37
S00712,2026-05-12,2,40
S00712,2026-05-13,2,16
S00712,2026-05-20,3,12
S00713,2026-02-23,1,28
S00713,2026-02-24,1,26
S00713,2026-02-25,1,48
S00713,2026-02-26,2,41
S00713,2026-02-27,2,55
S00713,2026-02-28,2,63
S00713,2026-02-27,3,50
S00713,2026-03-01,4,31
S00713,2026-03-02,4,35
S00713,2026-03-02,5,63
S00713,2026-03-03,5,46
S00713,2026-03-04,5,20
S00713,2026-03-05,6,52
S00713,2026-03-06,6,50
S00713,2026-03-07,6,32
S00713,2026-03-07,7,42
S00713,2026-03-08,7,52
S00713,2026-03-10,8,49
S00713,2026-03-13,9,41
S00713,2026-03-15,10,30
S00713,2026-03-16,10,36
S00713,2026-03-17,10,51
S00714,2026-03-08,1,61
S00714,2026-03-09,1,58
S00714,2026-03-09,2,51
S00714,2026-03-11,3,37
S00714,2026-03-12,3,71
S00714,2026-03-13,3,33
S00714,2026-03-12,4,73
S00714,2026-03-15,5,24
S00714,2026-03-16,5,40
S00714,2026-03-17,5,49
S00714,2026-03-16,6,61
S00714,2026-03-17,6,46
S00714,2026-03-17,7,23
S00714,2026-03-18,8,46
S00714,2026-03-19,8,45
S00714,2026-03-20,9,42
S00714,2026-03-22,10,24
S00714,2026-03-23,10,72
S00715,2026-02-14,1,53
S00715,2026-02-17,2,37
S00715,2026-02-18,2,35
S00715,2026-02-19,3,63
S00715,2026-02-20,3,71
S00715,2026-02-21,4,54
S00715,2026-02-22,4,41
S00715,2026-02-23,4,68
S00715,2026-02-22,5,71
S00715,2026-02-23,5,71
S00715,2026-02-25,6,24
S00715,2026-02-26,6,40
S00715,2026-02-27,7,34
S00715,2026-02-28,8,65
S00715,2026-03-01,8,67
S00715,2026-03-03,9,38
S00715,2026-03-04,10,22
S00716,2026-05-16,1,14
S00716,2026-05-18,2,12
S00717,2026-03-05,1,16
S00717,2026-03-06,1,34
S00717,2026-03-07,1,17
S00717,2026-03-09,2,30
S00717,2026-03-10,2,27
S00717,2026-03-15,3,17
S00717,2026-03-16,3,11
S00717,2026-03-24,4,42
S00717,2026-03-25,4,24
S00717,2026-03-26,4,37
S00717,2026-04-06,5,46
S00717,2026-04-07,5,42
S00717,2026-04-12,6,25
S00717,2026-04-13,6,10
S00717,2026-04-28,7,8
S00717,2026-04-29,7,11
S00717,2026-04-30,7,41
S00718,2026-04-09,1,15
S00719,2026-02-03,1,36
S00719,2026-02-04,1,68
S00719,2026-02-06,2,66
S00719,2026-02-07,2,61
S00719,2026-02-08,2,27
S00719,2026-02-08,3,42
S00719,2026-02-09,3,59
S00719,2026-02-09,4,36
S00719,2026-02-10,4,51
S00719,2026-02-10,5,22
S00719,2026-02-11,5,49
S00719,2026-02-12,5,20
S00719,2026-02-12,6,74
S00719,2026-02-13,6,72
S00719,2026-02-14,6,55
S00719,2026-02-14,7,30
S00719,2026-02-15,7,27
S00719,2026-02-16,8,40
S00719,2026-02-17,8,40
S00719,2026-02-18,9,33
S00719,2026-02-21,10,37
S00719,2026-02-22,10,39
S00720,2026-02-13,1,49
S00720,2026-02-14,1,34
S00720,2026-03-02,2,25
S00722,2026-05-15,1,65
S00722,2026-05-16,1,42
S00722,2026-05-17,1,43
S00722,2026-05-17,2,25
S00722,2026-05-18,2,32
S00722,2026-05-18,3,21
S00722,2026-05-19,3,34
S00722,2026-05-20,3,70
S00722,2026-05-20,4,34
S00722,2026-05-21,4,36
S00722,2026-05-22,5,42
S00722,2026-05-23,5,56
S00722,2026-05-24,6,47
S00722,2026-05-27,7,58
S00722,2026-05-30,8,65
S00722,2026-06-01,9,32
S00722,2026-06-02,9,55
S00722,2026-06-04,10,31
S00722,2026-06-05,10,41
S00722,2026-06-06,10,21
S00723,2026-04-09,1,53
S00723,2026-04-10,1,42
S00723,2026-04-11,1,74
S00723,2026-04-12,2,44
S00723,2026-04-13,2,72
S00723,2026-04-14,3,36
S00723,2026-04-15,4,55
S00723,2026-04-16,4,70
S00723,2026-04-17,5,45
S00723,2026-04-18,5,33
S00723,2026-04-20,6,34
S00723,2026-04-21,6,68
S00723,2026-04-22,6,22
S00723,2026-04-23,7,35
S00723,2026-04-24,8,33
S00723,2026-04-26,9,34
S00723,2026-04-28,10,63
S00723,2026-04-29,10,69
S00723,2026-04-30,10,43
S00724,2026-03-20,1,20
S00724,2026-03-25,2,54
S00724,2026-04-04,3,24
S00724,2026-04-05,3,45
S00724,2026-04-11,4,38
S00724,2026-04-12,4,29
S00724,2026-04-22,5,33
S00725,2026-05-24,1,22
S00725,2026-05-31,2,49
S00725,2026-06-05,3,33
S00725,2026-06-06,3,21
S00725,2026-06-07,3,37
S00725,2026-06-15,4,40
S00725,2026-06-22,5,45
S00725,2026-06-23,5,48
S00725,2026-06-24,5,13
S00725,2026-07-04,6,31
S00725,2026-07-05,6,9
S00725,2026-07-06,6,20
S00725,2026-07-12,7,35
S00725,2026-07-13,7,29
S00725,2026-07-14,7,11
S00725,2026-07-25,8,33
S00725,2026-07-26,8,17
S00726,2026-05-08,1,27
S00726,2026-05-23,2,21
S00726,2026-05-24,2,36
S00726,2026-05-25,2,13
S00727,2026-04-01,1,30
S00727,2026-04-03,2,49
S00727,2026-04-04,2,23
S00727,2026-04-05,3,32
S00727,2026-04-07,4,73
S00727,2026-04-08,4,33
S00727,2026-04-09,5,68
S00727,2026-04-10,5,40
S00727,2026-04-11,5,62
S00727,2026-04-11,6,33
S00727,2026-04-14,7,50
S00727,2026-04-15,7,69
S00727,2026-04-17,8,44
S00727,2026-04-18,8,66
S00727,2026-04-19,8,57
S00727,2026-04-18,9,45
S00727,2026-04-19,9,27
S00727,2026-04-20,9,37
S00727,2026-04-21,10,32
S00728,2026-05-19,1,50
S00728,2026-05-20,1,51
S00728,2026-05-25,2,27
S00728,2026-05-26,2,28
S00728,2026-05-27,2,13
S00728,2026-06-04,3,39
S00728,2026-06-05,3,25
S00728,2026-06-19,4,8
S00729,2026-04-23,1,54
S00729,2026-04-26,2,65
S00729,2026-04-27,2,61
S00729,2026-04-29,3,42
S00729,2026-04-30,3,60
S00729,2026-05-01,3,34
S00729,2026-05-01,4,69
S00729,2026-05-02,4,73
S00729,2026-05-04,5,24
S00729,2026-05-05,5,23
S00729,2026-05-06,5,36
S00729,2026-05-05,6,63
S00729,2026-05-06,6,42
S00729,2026-05-07,6,21
S00729,2026-05-06,7,24
S00729,2026-05-09,8,48
S00729,2026-05-10,8,29
S00729,2026-05-11,9,55
S00729,2026-05-12,9,60
S00729,2026-05-13,9,24
S00729,2026-05-14,10,42
S00730,2026-02-18,1,30
S00730,2026-02-19,2,31
S00730,2026-02-20,2,72
S00730,2026-02-21,2,74
S00730,2026-02-21,3,68
S00730,2026-02-22,3,53
S00730,2026-02-23,4,43
S00730,2026-02-24,4,37
S00730,2026-02-25,5,50
S00730,2026-02-27,6,24
S00730,2026-02-28,7,22
S00730,2026-03-01,7,39
S00730,2026-03-02,7,62
S00730,2026-03-01,8,61
S00730,2026-03-02,8,63
S00730,2026-03-02,9,70
S00730,2026-03-03,10,29
S00730,2026-03-04,10,61
S00731,2026-04-02,1,32
S00731,2026-04-03,1,30
S00731,2026-04-04,1,58
S00731,2026-04-03,2,60
S00731,2026-04-06,3,70
S00731,2026-04-07,3,34
S00731,2026-04-09,4,68
S00731,2026-04-11,5,67
S00731,2026-04-12,5,55
S00731,2026-04-13,5,27
S00731,2026-04-12,6,21
S00731,2026-04-13,6,36
S00731,2026-04-14,7,24
S00731,2026-04-15,8,57
S00731,2026-04-16,8,49
S00731,2026-04-17,8,20
S00731,2026-04-17,9,69
S00731,2026-04-18,9,67
S00731,2026-04-18,10,29
S00731,2026-04-19,10,52
S00731,2026-04-20,10,28
S00732,2026-02-09,1,16
S00732,2026-02-21,2,36
S00732,2026-02-22,2,34
S00733,2026-01-27,1,48
S00733,2026-02-02,2,26
S00733,2026-02-03,2,54
S00733,2026-02-04,2,16
S00733,2026-02-08,3,48
S00733,2026-02-09,3,29
S00733,2026-02-16,4,9
S00733,2026-02-17,4,39
S00733,2026-02-18,4,21
S00733,2026-02-24,5,27
S00733,2026-03-09,6,46
S00733,2026-03-22,7,13
S00733,2026-03-23,7,16
S00733,2026-03-24,7,40
S00733,2026-04-07,8,36
S00734,2026-03-09,1,67
S00734,2026-03-10,2,43
S00734,2026-03-13,3,58
S00734,2026-03-14,3,50
S00734,2026-03-14,4,72
S00734,2026-03-15,5,48
S00734,2026-03-16,5,43
S00734,2026-03-17,6,74
S00734,2026-03-18,6,23
S00734,2026-03-19,6,67
S00734,2026-03-20,7,59
S00734,2026-03-23,8,55
S00734,2026-03-24,9,40
S00734,2026-03-25,9,44
S00734,2026-03-26,10,45
S00734,2026-03-27,10,57
S00735,2026-03-19,1,50
S00735,2026-03-20,1,63
S00735,2026-03-21,1,46
S00735,2026-03-20,2,26
S00735,2026-03-23,3,47
S00735,2026-03-24,4,48
S00735,2026-03-25,4,52
S00735,2026-03-26,4,73
S00735,2026-03-27,5,45
S00735,2026-03-28,5,72
S00735,2026-03-28,6,62
S00735,2026-03-29,6,56
S00735,2026-03-30,6,64
S00735,2026-03-31,7,54
S00735,2026-04-01,7,23
S00735,2026-04-02,7,47
S00735,2026-04-02,8,20
S00735,2026-04-03,9,74
S00735,2026-04-04,9,65
S00735,2026-04-06,10,41
S00737,2026-03-07,1,36
S00737,2026-03-08,1,57
S00737,2026-03-08,2,63
S00737,2026-03-09,3,67
S00737,2026-03-10,3,36
S00737,2026-03-11,3,35
S00737,2026-03-12,4,30
S00737,2026-03-15,5,38
S00737,2026-03-16,5,45
S00737,2026-03-18,6,42
S00737,2026-03-19,6,44
S00737,2026-03-20,6,47
S00737,2026-03-19,7,29
S00737,2026-03-20,7,53
S00737,2026-03-21,8,51
S00737,2026-03-22,9,70
S00737,2026-03-23,10,22
S00737,2026-03-24,10,40
S00738,2026-03-21,1,38
S00738,2026-04-02,2,37
S00738,2026-04-03,2,13
S00738,2026-04-15,3,39
S00738,2026-04-16,3,22
S00738,2026-04-17,3,47
S00739,2026-03-04,1,58
S00739,2026-03-05,1,41
S00739,2026-03-07,2,54
S00739,2026-03-08,2,28
S00739,2026-03-10,3,66
S00739,2026-03-12,4,74
S00739,2026-03-13,4,59
S00739,2026-03-14,4,32
S00739,2026-03-14,5,72
S00739,2026-03-15,5,60
S00739,2026-03-16,6,33
S00739,2026-03-18,7,57
S00739,2026-03-21,8,32
S00739,2026-03-24,9,66
S00739,2026-03-25,9,69
S00739,2026-03-26,9,73
S00739,2026-03-25,10,42
S00740,2026-01-14,1,22
S00740,2026-01-16,2,32
S00740,2026-01-17,2,61
S00740,2026-01-18,2,22
S00740,2026-01-17,3,32
S00740,2026-01-18,3,39
S00740,2026-01-19,3,43
S00740,2026-01-18,4,74
S00740,2026-01-19,4,27
S00740,2026-01-20,4,63
S00740,2026-01-19,5,34
S00740,2026-01-20,6,67
S00740,2026-01-21,6,62
S00740,2026-01-22,6,24
S00740,2026-01-21,7,44
S00740,2026-01-22,8,46
S00740,2026-01-23,8,71
S00740,2026-01-24,8,66
S00740,2026-01-24,9,72
S00740,2026-01-26,10,63
S00740,2026-01-27,10,72
S00740,2026-01-28,10,69
S00741,2026-03-20,1,51
S00741,2026-03-21,1,73
S00741,2026-03-22,1,60
S00741,2026-03-21,2,34
S00741,2026-03-22,2,61
S00741,2026-03-23,3,42
S00741,2026-03-24,3,30
S00741,2026-03-26,4,54
S00741,2026-03-27,4,66
S00741,2026-03-28,5,49
S00741,2026-03-30,6,71
S00741,2026-04-01,7,28
S00741,2026-04-02,7,27
S00741,2026-04-03,7,66
S00741,2026-04-02,8,36
S00741,2026-04-03,9,30
S00741,2026-04-04,9,47
S00741,2026-04-05,10,37
S00741,2026-04-06,10,56
S00741,2026-04-07,10,46
S00742,2026-01-29,1,45
S00742,2026-01-30,1,33
S00742,2026-01-31,1,46
S00742,2026-02-01,2,23
S00742,2026-02-02,2,61
S00742,2026-02-03,2,23
S00742,2026-02-04,3,64
S00742,2026-02-05,3,31
S00742,2026-02-06,3,27
S00742,2026-02-05,4,51
S00742,2026-02-08,5,58
S00742,2026-02-09,5,28
S00742,2026-02-09,6,46
S00742,2026-02-10,6,46
S00742,2026-02-11,6,28
S00742,2026-02-10,7,45
S00742,2026-02-11,7,40
S00742,2026-02-12,7,20
S00742,2026-02-11,8,57
S00742,2026-02-12,8,60
S00742,2026-02-13,8,23
S00742,2026-02-12,9,47
S00742,2026-02-15,10,57
S00742,2026-02-16,10,71
S00742,2026-02-17,10,42
S00743,2026-02-24,1,53
S00743,2026-02-25,1,32
S00743,2026-02-26,1,52
S00743,2026-03-02,2,33
S00743,2026-03-03,2,34
S00743,2026-03-04,2,39
S00743,2026-03-12,3,31
S00743,2026-03-13,3,18
S00744,2026-03-21,1,57
S00744,2026-03-23,2,69
S00744,2026-03-24,3,37
S00744,2026-03-25,3,47
S00744,2026-03-27,4,56
S00744,2026-03-28,5,31
S00744,2026-03-29,5,71
S00744,2026-03-30,5,65
S00744,2026-03-31,6,31
S00744,2026-04-01,7,65
S00744,2026-04-02,7,71
S00744,2026-04-03,7,41
S00744,2026-04-02,8,43
S00744,2026-04-03,8,34
S00744,2026-04-04,8,48
S00744,2026-04-05,9,53
S00744,2026-04-06,9,23
S00744,2026-04-07,9,68
S00744,2026-04-06,10,73
S00744,2026-04-07,10,39
S00745,2026-05-31,1,51
S00745,2026-06-01,1,25
S00745,2026-06-02,2,43
S00745,2026-06-04,3,63
S00745,2026-06-07,4,31
S00745,2026-06-08,4,52
S00745,2026-06-10,5,64
S00745,2026-06-11,5,27
S00745,2026-06-12,6,52
S00745,2026-06-13,6,66
S00745,2026-06-14,6,68
S00745,2026-06-15,7,70
S00745,2026-06-16,7,48
S00745,2026-06-17,7,24
S00745,2026-06-16,8,25
S00745,2026-06-19,9,30
S00745,2026-06-20,9,70
S00745,2026-06-22,10,48
S00746,2026-05-18,1,9
S00747,2026-04-13,1,59
S00747,2026-04-16,2,55
S00747,2026-04-19,3,70
S00747,2026-04-20,4,26
S00747,2026-04-21,4,54
S00747,2026-04-22,4,30
S00747,2026-04-23,5,59
S00747,2026-04-24,5,67
S00747,2026-04-25,5,40
S00747,2026-04-25,6,22
S00747,2026-04-26,6,56
S00747,2026-04-28,7,31
S00747,2026-04-29,7,64
S00747,2026-05-01,8,46
S00747,2026-05-02,8,32
S00747,2026-05-03,8,43
S00747,2026-05-02,9,73
S00747,2026-05-03,9,74
S00747,2026-05-04,9,67
S00747,2026-05-03,10,26
S00747,2026-05-04,10,43
S00747,2026-05-05,10,68
S00748,2026-05-17,1,57
S00748,2026-05-18,1,22
S00748,2026-05-20,2,51
S00748,2026-05-21,2,36
S00748,2026-05-23,3,34
S00748,2026-05-24,3,32
S00748,2026-05-25,3,33
S00748,2026-05-24,4,41
S00748,2026-05-25,4,47
S00748,2026-05-26,4,64
S00748,2026-05-26,5,56
S00748,2026-05-29,6,39
S00748,2026-05-30,6,21
S00748,2026-05-31,6,71
S00748,2026-05-31,7,72
S00748,2026-06-01,7,48
S00748,2026-06-02,8,48
S00748,2026-06-03,8,65
S00748,2026-06-05,9,36
S00748,2026-06-06,9,25
S00748,2026-06-07,10,60
S00748,2026-06-08,10,41
S00749,2026-04-26,1,17
S00750,2026-01-21,1,30
S00750,2026-01-22,1,44
S00750,2026-01-28,2,48
S00750,2026-02-06,3,27
S00750,2026-02-13,4,43
S00750,2026-02-24,5,11
S00750,2026-02-25,5,36
S00750,2026-02-26,5,8
S00750,2026-03-08,6,22
S00750,2026-03-09,6,31
S00750,2026-03-10,6,37
S00751,2026-04-21,1,66
S00751,2026-04-22,1,25
S00751,2026-04-23,1,48
S00751,2026-04-23,2,28
S00751,2026-04-24,2,30
S00751,2026-04-24,3,73
S00751,2026-04-25,3,37
S00751,2026-04-26,4,49
S00751,2026-04-27,4,70
S00751,2026-04-29,5,68
S00751,2026-05-01,6,72
S00751,2026-05-02,6,53
S00751,2026-05-03,6,71
S00751,2026-05-03,7,71
S00751,2026-05-05,8,34
S00751,2026-05-07,9,46
S00751,2026-05-08,10,74
S00751,2026-05-09,10,68
S00751,2026-05-10,10,62
S00752,2026-01-12,1,13
S00753,2026-05-31,1,57
S00753,2026-06-07,2,42
S00753,2026-06-08,2,37
S00753,2026-06-16,3,46
S00753,2026-06-17,3,47
S00753,2026-06-24,4,45
S00753,2026-06-25,4,24
S00753,2026-07-02,5,46
S00753,2026-07-03,5,12
S00754,2026-03-01,1,50
S00754,2026-03-03,2,24
S00754,2026-03-04,2,50
S00754,2026-03-05,2,39
S00754,2026-03-05,3,54
S00754,2026-03-06,4,37
S00754,2026-03-07,4,52
S00754,2026-03-08,4,23
S00754,2026-03-09,5,50
S00754,2026-03-11,6,66
S00754,2026-03-12,7,47
S00754,2026-03-13,7,26
S00754,2026-03-13,8,67
S00754,2026-03-14,8,60
S00754,2026-03-16,9,46
S00754,2026-03-17,9,58
S00754,2026-03-17,10,21
S00754,2026-03-18,10,47
S00754,2026-03-19,10,58
S00755,2026-03-13,1,20
S00755,2026-03-14,1,44
S00755,2026-03-15,2,46
S00755,2026-03-16,2,68
S00755,2026-03-17,2,21
S00755,2026-03-18,3,21
S00755,2026-03-19,3,35
S00755,2026-03-20,3,23
S00755,2026-03-19,4,53
S00755,2026-03-22,5,69
S00755,2026-03-23,5,32
S00755,2026-03-24,5,63
S00755,2026-03-24,6,52
S00755,2026-03-27,7,26
S00755,2026-03-28,7,41
S00755,2026-03-28,8,43
S00755,2026-03-29,8,38
S00755,2026-03-30,8,46
S00755,2026-03-29,9,50
S00755,2026-03-31,10,46
S00756,2026-04-24,1,35
S00756,2026-05-03,2,31
S00756,2026-05-04,2,24
S00756,2026-05-05,2,31
S00756,2026-05-15,3,30
S00756,2026-05-16,3,14
S00757,2026-04-16,1,24
S00757,2026-04-17,1,43
S00757,2026-04-18,1,24
S00757,2026-04-28,2,37
S00758,2026-01-10,1,48
S00758,2026-01-11,1,42
S00758,2026-01-12,1,39
S00758,2026-01-12,2,22
S00758,2026-01-13,2,61
S00758,2026-01-15,3,23
S00758,2026-01-16,4,27
S00758,2026-01-17,4,47
S00758,2026-01-18,5,48
S00758,2026-01-19,5,70
S00758,2026-01-21,6,32
S00758,2026-01-22,6,41
S00758,2026-01-22,7,61
S00758,2026-01-23,7,71
S00758,2026-01-24,7,21
S00758,2026-01-25,8,69
S00758,2026-01-27,9,59
S00758,2026-01-28,9,39
S00758,2026-01-29,9,47
S00758,2026-01-28,10,56
S00758,2026-01-29,10,28
S00758,2026-01-30,10,46
S00759,2026-04-26,1,12
S00759,2026-04-27,2,8
S00760,2026-03-06,1,35
S00760,2026-03-07,1,18
S00760,2026-03-08,1,23
S00760,2026-03-14,2,50
S00760,2026-03-30,3,20
S00760,2026-03-31,3,51
S00761,2026-05-10,1,46
S00761,2026-05-11,2,43
S00761,2026-05-12,2,65
S00761,2026-05-12,3,23
S00761,2026-05-13,3,35
S00761,2026-05-14,3,70
S00761,2026-05-13,4,67
S00761,2026-05-14,4,20
S00761,2026-05-15,4,24
S00761,2026-05-16,5,38
S00761,2026-05-19,6,63
S00761,2026-05-20,6,43
S00761,2026-05-22,7,22
S00761,2026-05-25,8,22
S00761,2026-05-26,8,58
S00761,2026-05-27,9,31
S00761,2026-05-28,9,36
S00761,2026-05-28,10,61
S00761,2026-05-29,10,49
S00762,2026-04-23,1,49
S00762,2026-04-24,2,58
S00762,2026-04-25,2,22
S00762,2026-04-26,3,64
S00762,2026-04-28,4,35
S00762,2026-04-29,4,69
S00762,2026-04-30,4,43
S00762,2026-04-30,5,35
S00762,2026-05-03,6,58
S00762,2026-05-04,6,36
S00762,2026-05-05,6,44
S00762,2026-05-05,7,40
S00762,2026-05-06,7,23
S00762,2026-05-07,8,72
S00762,2026-05-08,9,74
S00762,2026-05-09,9,61
S00762,2026-05-10,10,66
S00762,2026-05-11,10,36
S00762,2026-05-12,10,74
S00763,2026-03-13,1,73
S00763,2026-03-14,1,74
S00763,2026-03-15,1,33
S00763,2026-03-14,2,39
S00763,2026-03-15,2,72
S00763,2026-03-17,3,59
S00763,2026-03-18,3,60
S00763,2026-03-18,4,72
S00763,2026-03-19,4,23
S00763,2026-03-20,4,47
S00763,2026-03-21,5,53
S00763,2026-03-23,6,48
S00763,2026-03-25,7,63
S00763,2026-03-26,7,45
S00763,2026-03-26,8,22
S00763,2026-03-27,8,48
S00763,2026-03-28,9,66
S00763,2026-03-29,9,69
S00763,2026-03-30,10,68
S00764,2026-02-10,1,56
S00764,2026-02-21,2,44
S00764,2026-02-22,2,14
S00764,2026-03-04,3,26
S00764,2026-03-05,3,32
S00764,2026-03-21,4,39
S00764,2026-03-22,4,30
S00765,2026-02-10,1,70
S00765,2026-02-11,1,48
S00765,2026-02-12,1,64
S00765,2026-02-12,2,45
S00765,2026-02-13,2,58
S00765,2026-02-14,2,20
S00765,2026-02-15,3,23
S00765,2026-02-16,3,38
S00765,2026-02-16,4,41
S00765,2026-02-17,4,66
S00765,2026-02-18,4,28
S00765,2026-02-18,5,50
S00765,2026-02-19,5,41
S00765,2026-02-20,6,65
S00765,2026-02-22,7,34
S00765,2026-02-23,7,65
S00765,2026-02-24,7,27
S00765,2026-02-23,8,62
S00765,2026-02-24,8,74
S00765,2026-02-25,9,20
S00765,2026-02-26,9,50
S00765,2026-02-27,9,28
S00765,2026-02-28,10,52
S00765,2026-03-01,10,60
S00766,2026-03-11,1,26
S00766,2026-03-18,2,17
S00766,2026-03-19,2,15
S00766,2026-03-20,2,40
S00766,2026-03-24,3,13
S00766,2026-03-25,3,44
S00766,2026-04-01,4,33
S00766,2026-04-09,5,28
S00766,2026-04-10,5,12
S00766,2026-04-11,5,43
S00766,2026-04-16,6,28
S00767,2026-02-25,1,31
S00767,2026-02-26,1,18
S00767,2026-02-27,1,19
S00767,2026-03-02,2,39
S00767,2026-03-03,2,29
S00767,2026-03-04,2,45
S00767,2026-03-13,3,20
S00767,2026-03-22,4,21
S00767,2026-03-23,4,37
S00767,2026-03-24,4,32
S00767,2026-04-05,5,41
S00767,2026-04-06,5,31
S00767,2026-04-14,6,7
S00767,2026-04-15,6,29
S00768,2026-01-18,1,5
S00768,2026-01-20,2,17
S00769,2026-01-10,1,56
S00769,2026-01-11,1,41
S00769,2026-01-12,1,27
S00769,2026-01-13,2,46
S00769,2026-01-14,2,51
S00769,2026-01-15,2,55
S00769,2026-01-14,3,61
S00769,2026-01-15,3,66
S00769,2026-01-16,3,32
S00769,2026-01-17,4,32
S00769,2026-01-18,4,71
S00769,2026-01-20,5,67
S00769,2026-01-22,6,71
S00769,2026-01-23,6,35
S00769,2026-01-24,6,21
S00769,2026-01-25,7,20
S00769,2026-01-26,7,41
S00769,2026-01-26,8,41
S00769,2026-01-28,9,72
S00769,2026-01-31,10,46
S00769,2026-02-01,10,74
S00770,2026-05-05,1,19
S00770,2026-05-06,1,48
S00770,2026-05-07,1,39
S00770,2026-05-14,2,24
S00771,2026-03-21,1,26
S00771,2026-03-22,1,33
S00771,2026-03-23,2,20
S00771,2026-03-24,2,23
S00771,2026-03-26,3,51
S00771,2026-03-27,3,27
S00771,2026-03-27,4,56
S00771,2026-03-28,4,35
S00771,2026-03-29,5,24
S00771,2026-03-30,5,27
S00771,2026-03-30,6,26
S00771,2026-03-31,6,66
S00771,2026-04-01,6,42
S00771,2026-04-02,7,27
S00771,2026-04-05,8,51
S00771,2026-04-06,8,71
S00771,2026-04-07,9,28
S00771,2026-04-08,9,65
S00771,2026-04-10,10,45
S00772,2026-01-31,1,23
S00772,2026-02-06,2,37
S00772,2026-02-07,2,18
S00772,2026-02-13,3,12
S00772,2026-02-14,3,26
S00772,2026-02-23,4,14
S00772,2026-03-07,5,43
S00772,2026-03-08,5,28
S00772,2026-03-09,5,14
S00772,2026-03-19,6,7
S00772,2026-03-20,6,41
S00772,2026-03-21,6,21
S00772,2026-04-01,7,5
S00772,2026-04-02,7,5
S00772,2026-04-15,8,31
S00773,2026-02-09,1,20
S00773,2026-02-10,1,23
S00773,2026-02-11,1,22
S00773,2026-02-10,2,20
S00773,2026-02-13,3,39
S00773,2026-02-14,3,48
S00773,2026-02-16,4,30
S00773,2026-02-17,4,36
S00773,2026-02-18,4,50
S00773,2026-02-18,5,48
S00773,2026-02-19,5,34
S00773,2026-02-19,6,41
S00773,2026-02-20,6,31
S00773,2026-02-21,6,27
S00773,2026-02-21,7,36
S00773,2026-02-22,7,42
S00773,2026-02-23,7,30
S00773,2026-02-24,8,25
S00773,2026-02-25,9,59
S00773,2026-02-26,9,55
S00773,2026-02-27,9,54
S00773,2026-02-28,10,38
S00774,2026-05-16,1,36
S00774,2026-05-18,2,43
S00774,2026-05-19,2,58
S00774,2026-05-20,3,49
S00774,2026-05-21,3,45
S00774,2026-05-22,3,71
S00774,2026-05-21,4,22
S00774,2026-05-22,4,71
S00774,2026-05-23,4,41
S00774,2026-05-24,5,66
S00774,2026-05-25,5,46
S00774,2026-05-26,5,68
S00774,2026-05-25,6,30
S00774,2026-05-27,7,62
S00774,2026-05-30,8,55
S00774,2026-05-31,9,31
S00774,2026-06-01,9,48
S00774,2026-06-02,9,25
S00774,2026-06-03,10,29
S00774,2026-06-04,10,53
S00774,2026-06-05,10,63
S00775,2026-05-23,1,17
S00775,2026-05-24,1,44
S00775,2026-05-25,1,54
S00775,2026-06-01,2,20
S00775,2026-06-02,2,52
S00776,2026-03-30,1,25
S00776,2026-04-02,2,36
S00776,2026-04-03,2,45
S00776,2026-04-04,2,26
S00776,2026-04-03,3,45
S00776,2026-04-04,3,69
S00776,2026-04-05,3,73
S00776,2026-04-05,4,57
S00776,2026-04-06,4,54
S00776,2026-04-07,4,49
S00776,2026-04-07,5,22
S00776,2026-04-08,5,51
S00776,2026-04-09,6,42
S00776,2026-04-10,6,65
S00776,2026-04-11,6,35
S00776,2026-04-10,7,70
S00776,2026-04-11,7,27
S00776,2026-04-12,7,53
S00776,2026-04-13,8,69
S00776,2026-04-14,8,32
S00776,2026-04-15,8,65
S00776,2026-04-16,9,59
S00776,2026-04-19,10,24
S00776,2026-04-20,10,53
S00776,2026-04-21,10,29
S00777,2026-03-14,1,69
S00777,2026-03-15,1,72
S00777,2026-03-16,1,73
S00777,2026-03-17,2,42
S00777,2026-03-18,2,39
S00777,2026-03-19,2,68
S00777,2026-03-18,3,63
S00777,2026-03-21,4,56
S00777,2026-03-23,5,51
S00777,2026-03-24,5,51
S00777,2026-03-25,6,48
S00777,2026-03-26,6,30
S00777,2026-03-26,7,50
S00777,2026-03-27,8,46
S00777,2026-03-28,9,45
S00777,2026-03-29,10,40
S00778,2026-05-19,1,23
S00778,2026-05-25,2,43
S00778,2026-05-26,2,28
S00778,2026-06-02,3,26
S00778,2026-06-18,4,16
S00779,2026-04-06,1,37
S00779,2026-04-07,1,53
S00779,2026-04-08,1,57
S00779,2026-04-09,2,31
S00779,2026-04-10,2,34
S00779,2026-04-16,3,17
S00779,2026-04-24,4,41
S00779,2026-04-25,4,16
S00779,2026-04-26,4,41
S00779,2026-05-01,5,9
S00779,2026-05-02,5,47
S00779,2026-05-03,5,17
S00779,2026-05-13,6,32
S00779,2026-05-23,7,43
S00779,2026-05-24,7,26
S00779,2026-06-05,8,25
S00780,2026-05-04,1,42
S00780,2026-05-12,2,11
S00780,2026-05-13,2,18
S00780,2026-05-14,2,41
S00780,2026-05-25,3,38
S00780,2026-06-12,4,35
S00780,2026-06-13,4,45
S00780,2026-06-14,4,50
S00781,2026-01-19,1,42
S00781,2026-01-20,1,20
S00781,2026-01-21,1,52
S00781,2026-01-24,2,42
S00781,2026-01-25,2,24
S00781,2026-01-26,2,11
S00781,2026-02-03,3,11
S00781,2026-02-04,3,41
S00781,2026-02-05,3,29
S00781,2026-02-15,4,43
S00781,2026-02-16,4,27
S00781,2026-02-17,4,24
S00781,2026-02-27,5,13
S00782,2026-01-08,1,24
S00782,2026-01-09,2,69
S00782,2026-01-10,3,53
S00782,2026-01-11,3,59
S00782,2026-01-12,3,24
S00782,2026-01-12,4,33
S00782,2026-01-13,4,23
S00782,2026-01-14,4,27
S00782,2026-01-13,5,69
S00782,2026-01-14,5,74
S00782,2026-01-15,6,21
S00782,2026-01-18,7,47
S00782,2026-01-19,7,59
S00782,2026-01-20,7,54
S00782,2026-01-20,8,40
S00782,2026-01-21,8,29
S00782,2026-01-22,9,70
S00782,2026-01-23,10,49
S00782,2026-01-24,10,28
S00783,2026-04-22,1,65
S00783,2026-04-23,1,41
S00783,2026-04-23,2,57
S00783,2026-04-24,2,69
S00783,2026-04-24,3,27
S00783,2026-04-25,3,63
S00783,2026-04-26,3,20
S00783,2026-04-25,4,64
S00783,2026-04-26,5,49
S00783,2026-04-28,6,64
S00783,2026-04-29,6,23
S00783,2026-04-30,6,69
S00783,2026-05-01,7,21
S00783,2026-05-02,7,65
S00783,2026-05-02,8,25
S00783,2026-05-03,9,62
S00783,2026-05-04,9,25
S00783,2026-05-05,10,25
S00784,2026-04-14,1,27
S00784,2026-04-15,1,26
S00784,2026-04-16,1,69
S00784,2026-04-17,2,38
S00784,2026-04-18,2,42
S00784,2026-04-19,3,28
S00784,2026-04-21,4,26
S00784,2026-04-22,4,33
S00784,2026-04-24,5,24
S00784,2026-04-25,6,73
S00784,2026-04-27,7,39
S00784,2026-04-28,7,62
S00784,2026-04-29,7,28
S00784,2026-04-29,8,59
S00784,2026-05-02,9,30
S00784,2026-05-03,10,45
S00784,2026-05-04,10,29
S00784,2026-05-05,10,59
S00785,2026-02-27,1,23
S00785,2026-03-02,2,62
S00785,2026-03-03,2,41
S00785,2026-03-04,2,66
S00785,2026-03-04,3,24
S00785,2026-03-06,4,53
S00785,2026-03-09,5,67
S00785,2026-03-11,6,71
S00785,2026-03-12,6,69
S00785,2026-03-13,6,71
S00785,2026-03-13,7,42
S00785,2026-03-16,8,58
S00785,2026-03-18,9,22
S00785,2026-03-19,9,47
S00785,2026-03-20,9,48
S00785,2026-03-19,10,27
S00785,2026-03-20,10,66
S00786,2026-03-26,1,10
S00787,2026-01-19,1,53
S00787,2026-01-20,1,49
S00787,2026-01-21,1,54
S00787,2026-01-26,2,20
S00787,2026-01-27,2,53
S00787,2026-01-28,2,26
S00787,2026-02-08,3,26
S00787,2026-02-09,3,26
S00787,2026-02-23,4,38
S00787,2026-02-24,4,29
S00788,2026-02-25,1,45
S00788,2026-02-26,1,51
S00788,2026-02-28,2,36
S00788,2026-03-03,3,30
S00788,2026-03-04,3,64
S00788,2026-03-05,4,22
S00788,2026-03-08,5,62
S00788,2026-03-10,6,48
S00788,2026-03-11,6,24
S00788,2026-03-12,6,58
S00788,2026-03-11,7,56
S00788,2026-03-12,7,51
S00788,2026-03-13,8,44
S00788,2026-03-15,9,57
S00788,2026-03-17,10,34
S00788,2026-03-18,10,26
S00788,2026-03-19,10,32
S00789,2026-01-24,1,20
S00789,2026-01-27,2,61
S00789,2026-01-28,2,39
S00789,2026-01-29,3,61
S00789,2026-01-30,3,43
S00789,2026-01-31,3,71
S00789,2026-01-31,4,30
S00789,2026-02-03,5,53
S00789,2026-02-05,6,26
S00789,2026-02-06,6,73
S00789,2026-02-07,7,74
S00789,2026-02-08,7,63
S00789,2026-02-08,8,50
S00789,2026-02-09,9,42
S00789,2026-02-10,9,31
S00789,2026-02-12,10,54
S00790,2026-04-27,1,7
S00790,2026-04-28,2,17
S00791,2026-05-11,1,41
S00791,2026-05-12,2,48
S00791,2026-05-13,2,29
S00791,2026-05-14,3,39
S00791,2026-05-15,3,36
S00791,2026-05-16,3,55
S00791,2026-05-15,4,69
S00791,2026-05-16,4,50
S00791,2026-05-17,5,29
S00791,2026-05-18,5,50
S00791,2026-05-19,5,64
S00791,2026-05-19,6,49
S00791,2026-05-20,6,37
S00791,2026-05-21,6,25
S00791,2026-05-22,7,54
S00791,2026-05-23,7,31
S00791,2026-05-23,8,68
S00791,2026-05-24,9,64
S00791,2026-05-27,10,53
S00791,2026-05-28,10,53
S00791,2026-05-29,10,49
S00792,2026-03-24,1,31
S00792,2026-03-31,2,28
S00792,2026-04-01,2,17
S00792,2026-04-02,2,21
S00792,2026-04-13,3,31
S00792,2026-04-29,4,44
S00792,2026-04-30,4,9
S00792,2026-05-01,4,27
S00793,2026-01-06,1,21
S00793,2026-01-07,2,28
S00793,2026-01-09,3,71
S00793,2026-01-10,4,71
S00793,2026-01-11,4,31
S00793,2026-01-12,4,59
S00793,2026-01-12,5,65
S00793,2026-01-13,6,40
S00793,2026-01-14,6,61
S00793,2026-01-16,7,73
S00793,2026-01-17,7,37
S00793,2026-01-18,8,60
S00793,2026-01-19,9,36
S00793,2026-01-20,9,24
S00793,2026-01-22,10,26
S00793,2026-01-23,10,65
S00794,2026-02-01,1,54
S00794,2026-02-02,1,51
S00794,2026-02-03,1,37
S00794,2026-02-08,2,50
S00794,2026-02-09,2,48
S00794,2026-02-17,3,49
S00794,2026-02-27,4,44
S00794,2026-02-28,4,47
S00794,2026-03-01,4,46
S00794,2026-03-14,5,14
S00794,2026-03-15,5,36
S00794,2026-03-16,5,47
S00795,2026-03-08,1,42
S00795,2026-03-10,2,63
S00795,2026-03-11,2,50
S00795,2026-03-12,3,24
S00795,2026-03-15,4,33
S00795,2026-03-16,4,44
S00795,2026-03-17,5,56
S00795,2026-03-18,5,60
S00795,2026-03-19,5,56
S00795,2026-03-19,6,45
S00795,2026-03-20,6,42
S00795,2026-03-20,7,41
S00795,2026-03-22,8,72
S00795,2026-03-23,8,33
S00795,2026-03-23,9,48
S00795,2026-03-24,9,44
S00795,2026-03-25,9,64
S00795,2026-03-25,10,42
S00795,2026-03-26,10,23
S00796,2026-01-07,1,11
S00797,2026-02-05,1,6
S00798,2026-03-08,1,29
S00798,2026-03-12,2,26
S00798,2026-03-13,2,12
S00798,2026-03-19,3,15
S00798,2026-03-25,4,23
S00798,2026-04-04,5,37
S00798,2026-04-05,5,16
S00798,2026-04-06,5,23
S00798,2026-04-17,6,36
S00798,2026-04-18,6,31
S00798,2026-04-19,6,5
S00798,2026-04-25,7,5
S00798,2026-04-26,7,8
S00798,2026-05-02,8,5
S00798,2026-05-03,8,18
S00799,2026-02-18,1,22
S00799,2026-02-23,2,51
S00799,2026-02-24,2,30
S00799,2026-03-01,3,24
S00799,2026-03-02,3,44
S00799,2026-03-03,3,34
S00799,2026-03-09,4,10
S00799,2026-03-10,4,24
S00799,2026-03-11,4,42
S00799,2026-03-17,5,45
S00799,2026-03-25,6,28
S00799,2026-03-26,6,27
S00799,2026-04-03,7,29
S00799,2026-04-04,7,5
S00799,2026-04-05,7,18
S00799,2026-04-16,8,33
S00801,2026-02-13,1,41
S00801,2026-02-14,1,15
S00801,2026-02-18,2,38
S00801,2026-02-23,3,48
S00801,2026-02-24,3,11
S00801,2026-03-05,4,33
S00801,2026-03-06,4,30
S00801,2026-03-07,4,37
S00801,2026-03-13,5,8
S00801,2026-03-14,5,23
S00801,2026-03-15,5,33
S00801,2026-03-22,6,26
S00802,2026-02-13,1,33
S00802,2026-02-15,2,74
S00802,2026-02-16,2,47
S00802,2026-02-17,2,64
S00802,2026-02-18,3,47
S00802,2026-02-19,3,55
S00802,2026-02-21,4,64
S00802,2026-02-22,4,47
S00802,2026-02-23,4,26
S00802,2026-02-22,5,38
S00802,2026-02-23,6,38
S00802,2026-02-25,7,46
S00802,2026-02-26,7,56
S00802,2026-02-27,7,45
S00802,2026-02-27,8,73
S00802,2026-02-28,8,29
S00802,2026-03-02,9,44
S00802,2026-03-03,10,42
S00803,2026-05-09,1,32
S00803,2026-05-10,1,54
S00803,2026-05-11,1,40
S00803,2026-05-14,2,15
S00803,2026-05-15,2,32
S00803,2026-05-16,2,19
S00803,2026-05-21,3,15
S00803,2026-05-22,3,38
S00803,2026-05-23,3,51
S00803,2026-06-01,4,40
S00803,2026-06-11,5,22
S00803,2026-06-12,5,46
S00804,2026-01-18,1,20
S00804,2026-01-19,1,31
S00804,2026-01-20,1,13
S00804,2026-01-23,2,43
S00804,2026-02-02,3,52
S00804,2026-02-03,3,11
S00804,2026-02-14,4,23
S00804,2026-02-15,4,19
S00805,2026-04-05,1,65
S00805,2026-04-07,2,36
S00805,2026-04-08,2,61
S00805,2026-04-10,3,73
S00805,2026-04-13,4,65
S00805,2026-04-14,5,70
S00805,2026-04-17,6,65
S00805,2026-04-18,6,50
S00805,2026-04-19,6,64
S00805,2026-04-18,7,49
S00805,2026-04-19,7,44
S00805,2026-04-20,7,70
S00805,2026-04-21,8,24
S00805,2026-04-22,8,47
S00805,2026-04-23,8,27
S00805,2026-04-23,9,58
S00805,2026-04-24,10,42
S00805,2026-04-25,10,60
S00806,2026-04-27,1,42
S00806,2026-05-04,2,54
S00806,2026-05-10,3,35
S00806,2026-05-11,3,48
S00806,2026-05-12,3,39
S00806,2026-05-17,4,49
S00806,2026-05-18,4,46
S00806,2026-05-26,5,30
S00806,2026-05-27,5,18
S00806,2026-05-28,5,23
S00806,2026-06-06,6,46
S00806,2026-06-07,6,39
S00806,2026-06-17,7,17
S00806,2026-06-26,8,5
S00807,2026-02-10,1,11
S00807,2026-02-11,2,16
S00808,2026-01-04,1,11
S00808,2026-01-05,2,19
S00809,2026-03-22,1,59
S00809,2026-03-23,1,47
S00809,2026-03-25,2,70
S00809,2026-03-26,2,41
S00809,2026-03-27,2,41
S00809,2026-03-28,3,29
S00809,2026-03-29,4,57
S00809,2026-03-30,4,25
S00809,2026-03-31,4,72
S00809,2026-03-30,5,41
S00809,2026-03-31,5,58
S00809,2026-04-01,6,65
S00809,2026-04-02,6,52
S00809,2026-04-03,6,45
S00809,2026-04-04,7,38
S00809,2026-04-05,7,61
S00809,2026-04-06,7,35
S00809,2026-04-05,8,26
S00809,2026-04-06,8,53
S00809,2026-04-08,9,32
S00809,2026-04-10,10,22
S00809,2026-04-11,10,33
S00810,2026-05-12,1,67
S00810,2026-05-13,2,27
S00810,2026-05-14,2,65
S00810,2026-05-14,3,60
S00810,2026-05-15,3,70
S00810,2026-05-17,4,72
S00810,2026-05-18,4,30
S00810,2026-05-20,5,63
S00810,2026-05-21,5,39
S00810,2026-05-21,6,30
S00810,2026-05-22,7,47
S00810,2026-05-23,7,64
S00810,2026-05-24,7,66
S00810,2026-05-23,8,42
S00810,2026-05-26,9,21
S00810,2026-05-28,10,21
S00812,2026-01-14,1,14
S00812,2026-01-15,1,16
S00812,2026-01-16,1,57
S00812,2026-01-20,2,30
S00812,2026-01-27,3,37
S00812,2026-01-28,3,44
S00812,2026-02-04,4,12
S00812,2026-02-05,4,22
S00812,2026-02-14,5,5
S00812,2026-02-15,5,14
S00812,2026-02-16,5,47
S00812,2026-03-03,6,46
S00812,2026-03-04,6,32
S00813,2026-03-12,1,30
S00813,2026-03-13,2,70
S00813,2026-03-14,2,53
S00813,2026-03-15,2,65
S00813,2026-03-16,3,41
S00813,2026-03-17,3,45
S00813,2026-03-18,3,46
S00813,2026-03-17,4,37
S00813,2026-03-19,5,55
S00813,2026-03-20,5,46
S00813,2026-03-22,6,36
S00813,2026-03-25,7,44
S00813,2026-03-26,7,40
S00813,2026-03-27,7,73
S00813,2026-03-28,8,52
S00813,2026-03-29,8,62
S00813,2026-03-29,9,58
S00813,2026-04-01,10,69
S00816,2026-01-07,1,25
S00816,2026-01-08,1,73
S00816,2026-01-08,2,36
S00816,2026-01-11,3,64
S00816,2026-01-12,3,27
S00816,2026-01-12,4,69
S00816,2026-01-13,4,39
S00816,2026-01-14,4,22
S00816,2026-01-14,5,40
S00816,2026-01-17,6,59
S00816,2026-01-18,7,67
S00816,2026-01-19,7,45
S00816,2026-01-20,7,41
S00816,2026-01-21,8,46
S00816,2026-01-22,8,53
S00816,2026-01-23,8,37
S00816,2026-01-23,9,30
S00816,2026-01-24,9,24
S00816,2026-01-24,10,60
S00816,2026-01-25,10,35
S00817,2026-03-30,1,54
S00817,2026-04-04,2,50
S00817,2026-04-11,3,25
S00817,2026-04-15,4,29
S00817,2026-04-16,4,12
S00817,2026-04-17,4,26
S00817,2026-04-24,5,17
S00817,2026-05-03,6,18
S00817,2026-05-04,6,33
S00817,2026-05-16,7,10
S00817,2026-05-17,7,9
S00817,2026-05-18,7,29
S00818,2026-02-17,1,73
S00818,2026-02-18,1,24
S00818,2026-02-20,2,36
S00818,2026-02-21,2,43
S00818,2026-02-22,2,74
S00818,2026-02-22,3,35
S00818,2026-02-23,3,54
S00818,2026-02-24,3,46
S00818,2026-02-25,4,58
S00818,2026-02-27,5,37
S00818,2026-02-28,5,74
S00818,2026-03-01,5,67
S00818,2026-02-28,6,56
S00818,2026-03-01,6,69
S00818,2026-03-02,6,49
S00818,2026-03-03,7,58
S00818,2026-03-06,8,64
S00818,2026-03-07,8,67
S00818,2026-03-08,8,74
S00818,2026-03-07,9,21
S00818,2026-03-08,9,37
S00818,2026-03-08,10,51
S00819,2026-03-11,1,26
S00819,2026-03-12,1,32
S00819,2026-03-13,1,53
S00819,2026-03-12,2,50
S00819,2026-03-15,3,48
S00819,2026-03-16,3,64
S00819,2026-03-16,4,30
S00819,2026-03-17,4,42
S00819,2026-03-18,4,49
S00819,2026-03-17,5,52
S00819,2026-03-18,5,70
S00819,2026-03-19,5,56
S00819,2026-03-18,6,44
S00819,2026-03-19,6,32
S00819,2026-03-19,7,59
S00819,2026-03-20,7,60
S00819,2026-03-20,8,34
S00819,2026-03-21,8,23
S00819,2026-03-22,9,26
S00819,2026-03-23,10,40
S00819,2026-03-24,10,31
S00820,2026-04-03,1,40
S00820,2026-04-06,2,67
S00820,2026-04-09,3,59
S00820,2026-04-11,4,44
S00820,2026-04-12,4,47
S00820,2026-04-12,5,40
S00820,2026-04-13,5,73
S00820,2026-04-14,5,57
S00820,2026-04-13,6,42
S00820,2026-04-14,6,60
S00820,2026-04-15,6,25
S00820,2026-04-14,7,67
S00820,2026-04-15,7,34
S00820,2026-04-17,8,49
S00820,2026-04-18,8,63
S00820,2026-04-19,8,62
S00820,2026-04-20,9,45
S00820,2026-04-21,9,49
S00820,2026-04-22,9,54
S00820,2026-04-22,10,50
S00820,2026-04-23,10,53
S00821,2026-05-01,1,25
S00821,2026-05-05,2,49
S00821,2026-05-10,3,9
S00821,2026-05-18,4,21
S00821,2026-05-24,5,32
S00821,2026-05-25,5,42
S00821,2026-06-01,6,9
S00821,2026-06-02,6,38
S00821,2026-06-07,7,26
S00821,2026-06-08,7,11
S00821,2026-06-09,7,31
S00821,2026-06-19,8,16
S00821,2026-06-20,8,5
S00821,2026-06-21,8,16
S00822,2026-02-24,1,44
S00822,2026-02-25,1,26
S00822,2026-02-26,1,66
S00822,2026-02-27,2,34
S00822,2026-02-28,2,40
S00822,2026-03-01,2,40
S00822,2026-02-28,3,60
S00822,2026-03-01,4,43
S00822,2026-03-02,4,37
S00822,2026-03-04,5,62
S00822,2026-03-06,6,74
S00822,2026-03-07,6,46
S00822,2026-03-08,6,44
S00822,2026-03-07,7,51
S00822,2026-03-08,7,69
S00822,2026-03-09,7,72
S00822,2026-03-08,8,45
S00822,2026-03-11,9,51
S00822,2026-03-12,10,63
S00822,2026-03-13,10,63
S00822,2026-03-14,10,33
S00823,2026-01-27,1,21
S00823,2026-01-28,1,51
S00823,2026-01-29,1,29
S00823,2026-01-29,2,64
S00823,2026-02-01,3,74
S00823,2026-02-02,3,50
S00823,2026-02-03,3,29
S00823,2026-02-03,4,28
S00823,2026-02-04,4,37
S00823,2026-02-05,5,65
S00823,2026-02-06,5,34
S00823,2026-02-07,5,71
S00823,2026-02-07,6,59
S00823,2026-02-08,6,24
S00823,2026-02-09,6,46
S00823,2026-02-09,7,53
S00823,2026-02-10,7,68
S00823,2026-02-12,8,46
S00823,2026-02-13,8,22
S00823,2026-02-14,9,54
S00823,2026-02-16,10,22
S00823,2026-02-17,10,52
S00824,2026-02-03,1,53
S00824,2026-02-04,1,29
S00824,2026-02-06,2,52
S00824,2026-02-07,2,66
S00824,2026-02-08,2,74
S00824,2026-02-08,3,39
S00824,2026-02-09,3,62
S00824,2026-02-10,4,66
S00824,2026-02-11,4,71
S00824,2026-02-12,4,38
S00824,2026-02-12,5,29
S00824,2026-02-13,5,54
S00824,2026-02-14,5,40
S00824,2026-02-13,6,34
S00824,2026-02-14,6,62
S00824,2026-02-15,6,71
S00824,2026-02-14,7,36
S00824,2026-02-15,7,43
S00824,2026-02-16,8,26
S00824,2026-02-17,8,73
S00824,2026-02-17,9,72
S00824,2026-02-18,9,36
S00824,2026-02-18,10,64
S00824,2026-02-19,10,48
S00825,2026-03-24,1,66
S00825,2026-03-25,1,54
S00825,2026-03-26,1,74
S00825,2026-03-25,2,22
S00825,2026-03-27,3,47
S00825,2026-03-28,3,60
S00825,2026-03-29,4,21
S00825,2026-04-01,5,24
S00825,2026-04-02,5,48
S00825,2026-04-03,5,37
S00825,2026-04-03,6,61
S00825,2026-04-04,6,21
S00825,2026-04-05,6,54
S00825,2026-04-05,7,38
S00825,2026-04-06,7,35
S00825,2026-04-07,7,51
S00825,2026-04-08,8,45
S00825,2026-04-09,8,52
S00825,2026-04-10,9,58
S00825,2026-04-11,9,24
S00825,2026-04-13,10,24
S00827,2026-05-13,1,70
S00827,2026-05-16,2,27
S00827,2026-05-17,2,66
S00827,2026-05-18,2,20
S00827,2026-05-17,3,20
S00827,2026-05-19,4,22
S00827,2026-05-22,5,46
S00827,2026-05-23,5,41
S00827,2026-05-24,5,25
S00827,2026-05-24,6,62
S00827,2026-05-25,6,25
S00827,2026-05-26,6,69
S00827,2026-05-26,7,30
S00827,2026-05-28,8,46
S00827,2026-05-29,8,74
S00827,2026-05-31,9,44
S00827,2026-06-01,10,50
S00828,2026-05-21,1,53
S00828,2026-05-22,1,33
S00828,2026-05-23,1,26
S00828,2026-05-23,2,35
S00828,2026-05-25,3,52
S00828,2026-05-26,4,25
S00828,2026-05-29,5,51
S00828,2026-05-30,5,55
S00828,2026-06-01,6,40
S00828,2026-06-02,6,20
S00828,2026-06-03,6,65
S00828,2026-06-04,7,37
S00828,2026-06-07,8,48
S00828,2026-06-09,9,64
S00828,2026-06-10,10,74
S00829,2026-05-21,1,38
S00829,2026-05-22,1,20
S00829,2026-05-23,1,50
S00829,2026-05-29,2,32
S00829,2026-05-30,2,13
S00829,2026-06-09,3,20
S00829,2026-06-10,3,37
S00829,2026-06-11,3,17
S00830,2026-04-25,1,71
S00830,2026-04-26,1,73
S00830,2026-04-27,2,73
S00830,2026-04-28,2,71
S00830,2026-04-30,3,21
S00830,2026-05-03,4,33
S00830,2026-05-04,4,73
S00830,2026-05-05,4,34
S00830,2026-05-04,5,54
S00830,2026-05-05,5,71
S00830,2026-05-06,5,33
S00830,2026-05-06,6,33
S00830,2026-05-07,6,71
S00830,2026-05-08,6,27
S00830,2026-05-07,7,36
S00830,2026-05-08,7,32
S00830,2026-05-08,8,46
S00830,2026-05-10,9,41
S00830,2026-05-11,9,56
S00830,2026-05-13,10,20
S00831,2026-02-12,1,48
S00831,2026-02-13,1,59
S00831,2026-02-15,2,33
S00831,2026-02-16,2,44
S00831,2026-02-18,3,52
S00831,2026-02-19,3,74
S00831,2026-02-21,4,52
S00831,2026-02-23,5,48
S00831,2026-02-24,5,47
S00831,2026-02-25,5,51
S00831,2026-02-25,6,57
S00831,2026-02-26,6,61
S00831,2026-02-27,6,31
S00831,2026-02-27,7,42
S00831,2026-02-28,7,30
S00831,2026-03-01,8,25
S00831,2026-03-02,8,61
S00831,2026-03-04,9,72
S00831,2026-03-05,9,29
S00831,2026-03-05,10,34
S00832,2026-02-23,1,56
S00832,2026-02-24,1,45
S00832,2026-02-25,1,27
S00832,2026-02-25,2,54
S00832,2026-02-28,3,23
S00832,2026-03-01,3,42
S00832,2026-03-02,3,65
S00832,2026-03-02,4,69
S00832,2026-03-05,5,52
S00832,2026-03-06,6,42
S00832,2026-03-07,6,57
S00832,2026-03-08,6,45
S00832,2026-03-08,7,64
S00832,2026-03-09,7,50
S00832,2026-03-09,8,71
S00832,2026-03-12,9,45
S00832,2026-03-13,10,43
S00832,2026-03-14,10,70
S00833,2026-01-25,1,63
S00833,2026-01-26,1,67
S00833,2026-01-27,2,28
S00833,2026-01-28,2,26
S00833,2026-01-29,2,24
S00833,2026-01-29,3,37
S00833,2026-02-01,4,64
S00833,2026-02-02,4,30
S00833,2026-02-04,5,66
S00833,2026-02-06,6,35
S00833,2026-02-08,7,53
S00833,2026-02-09,8,61
S00833,2026-02-10,8,26
S00833,2026-02-12,9,25
S00833,2026-02-15,10,40
S00833,2026-02-16,10,37
S00834,2026-02-16,1,42
S00834,2026-02-17,1,62
S00834,2026-02-18,1,38
S00834,2026-02-19,2,57
S00834,2026-02-21,3,50
S00834,2026-02-23,4,55
S00834,2026-02-24,4,37
S00834,2026-02-26,5,62
S00834,2026-02-27,5,42
S00834,2026-02-28,5,23
S00834,2026-02-27,6,23
S00834,2026-03-01,7,28
S00834,2026-03-02,7,29
S00834,2026-03-03,8,73
S00834,2026-03-04,8,62
S00834,2026-03-04,9,58
S00834,2026-03-05,9,22
S00834,2026-03-06,9,58
S00834,2026-03-05,10,70
S00835,2026-01-28,1,21
S00835,2026-01-29,2,42
S00835,2026-01-30,3,69
S00835,2026-01-31,3,29
S00835,2026-02-01,3,68
S00835,2026-02-01,4,69
S00835,2026-02-02,4,56
S00835,2026-02-03,5,42
S00835,2026-02-04,5,35
S00835,2026-02-06,6,54
S00835,2026-02-07,6,67
S00835,2026-02-08,6,72
S00835,2026-02-08,7,24
S00835,2026-02-09,8,71
S00835,2026-02-10,8,63
S00835,2026-02-12,9,52
S00835,2026-02-13,9,49
S00835,2026-02-14,9,35
S00835,2026-02-14,10,59
S00835,2026-02-15,10,20
S00835,2026-02-16,10,22
S00836,2026-03-17,1,40
S00836,2026-03-18,1,28
S00836,2026-03-20,2,21
S00836,2026-03-21,2,70
S00836,2026-03-22,2,74
S00836,2026-03-23,3,59
S00836,2026-03-24,3,20
S00836,2026-03-25,3,65
S00836,2026-03-25,4,66
S00836,2026-03-26,4,29
S00836,2026-03-27,4,55
S00836,2026-03-26,5,64
S00836,2026-03-27,6,50
S00836,2026-03-28,6,68
S00836,2026-03-28,7,37
S00836,2026-03-31,8,24
S00836,2026-04-01,8,26
S00836,2026-04-02,9,45
S00836,2026-04-03,9,57
S00836,2026-04-03,10,62
S00837,2026-01-20,1,8
S00838,2026-04-17,1,67
S00838,2026-04-18,1,45
S00838,2026-04-19,1,46
S00838,2026-04-18,2,20
S00838,2026-04-19,2,35
S00838,2026-04-21,3,32
S00838,2026-04-23,4,30
S00838,2026-04-24,4,51
S00838,2026-04-25,5,29
S00838,2026-04-26,5,73
S00838,2026-04-26,6,40
S00838,2026-04-27,7,38
S00838,2026-04-28,7,23
S00838,2026-04-29,8,25
S00838,2026-05-02,9,20
S00838,2026-05-04,10,73
S00838,2026-05-05,10,45
S00839,2026-04-11,1,31
S00839,2026-04-12,1,22
S00839,2026-04-13,1,18
S00839,2026-04-17,2,16
S00839,2026-04-18,2,20
S00839,2026-04-19,2,48
S00839,2026-04-22,3,35
S00839,2026-04-23,3,16
S00839,2026-04-29,4,28
S00839,2026-05-09,5,41
S00839,2026-05-21,6,11
S00839,2026-05-30,7,28
S00839,2026-05-31,7,10
S00839,2026-06-01,7,23
S00839,2026-06-13,8,40
S00840,2026-01-28,1,50
S00840,2026-01-29,1,22
S00840,2026-02-02,2,50
S00840,2026-02-08,3,10
S00840,2026-02-09,3,37
S00840,2026-02-17,4,14
S00840,2026-02-24,5,49
S00840,2026-02-25,5,31
S00840,2026-02-26,5,19
S00840,2026-03-07,6,44
S00840,2026-03-08,6,25
S00840,2026-03-14,7,19
S00840,2026-03-15,7,36
S00840,2026-03-27,8,21
S00840,2026-03-28,8,19
S00841,2026-03-07,1,37
S00841,2026-03-08,1,60
S00841,2026-03-08,2,53
S00841,2026-03-09,2,34
S00841,2026-03-10,3,60
S00841,2026-03-12,4,22
S00841,2026-03-13,5,41
S00841,2026-03-14,5,67
S00841,2026-03-16,6,56
S00841,2026-03-17,7,33
S00841,2026-03-18,7,71
S00841,2026-03-19,7,39
S00841,2026-03-20,8,45
S00841,2026-03-23,9,60
S00841,2026-03-24,9,59
S00841,2026-03-25,9,58
S00841,2026-03-26,10,31
S00841,2026-03-27,10,48
S00842,2026-02-19,1,34
S00842,2026-02-24,2,41
S00842,2026-03-02,3,25
S00842,2026-03-03,3,44
S00842,2026-03-04,3,10
S00842,2026-03-09,4,51
S00842,2026-03-10,4,19
S00842,2026-03-20,5,30
S00842,2026-03-21,5,35
S00842,2026-03-22,5,42
S00842,2026-03-30,6,21
S00842,2026-04-12,7,8
S00842,2026-04-13,7,24
S00842,2026-04-14,7,26
S00843,2026-05-13,1,21
S00843,2026-05-14,1,52
S00843,2026-05-14,2,60
S00843,2026-05-15,2,72
S00843,2026-05-17,3,55
S00843,2026-05-20,4,27
S00843,2026-05-21,5,59
S00843,2026-05-22,6,69
S00843,2026-05-25,7,30
S00843,2026-05-26,7,67
S00843,2026-05-26,8,36
S00843,2026-05-27,8,42
S00843,2026-05-28,8,64
S00843,2026-05-28,9,61
S00843,2026-05-29,9,48
S00843,2026-05-30,9,35
S00843,2026-05-29,10,61
S00843,2026-05-30,10,47
S00844,2026-02-13,1,13
S00844,2026-02-14,2,17
S00845,2026-04-08,1,65
S00845,2026-04-09,1,35
S00845,2026-04-09,2,20
S00845,2026-04-10,2,31
S00845,2026-04-11,3,54
S00845,2026-04-12,3,47
S00845,2026-04-12,4,36
S00845,2026-04-13,5,64
S00845,2026-04-14,5,25
S00845,2026-04-15,5,40
S00845,2026-04-14,6,29
S00845,2026-04-15,6,55
S00845,2026-04-16,6,32
S00845,2026-04-15,7,23
S00845,2026-04-16,7,39
S00845,2026-04-17,7,27
S00845,2026-04-18,8,60
S00845,2026-04-20,9,39
S00845,2026-04-21,10,71
S00845,2026-04-22,10,49
S00846,2026-03-20,1,55
S00846,2026-03-21,1,36
S00846,2026-03-22,2,64
S00846,2026-03-23,2,57
S00846,2026-03-25,3,22
S00846,2026-03-26,3,25
S00846,2026-03-27,3,32
S00846,2026-03-27,4,34
S00846,2026-03-28,5,33
S00846,2026-03-29,5,38
S00846,2026-03-30,5,47
S00846,2026-03-29,6,26
S00846,2026-03-30,6,65
S00846,2026-03-31,7,64
S00846,2026-04-02,8,55
S00846,2026-04-03,8,35
S00846,2026-04-04,8,73
S00846,2026-04-05,9,63
S00846,2026-04-06,9,58
S00846,2026-04-08,10,63
S00847,2026-05-30,1,41
S00847,2026-05-31,1,63
S00847,2026-06-01,1,21
S00847,2026-06-02,2,65
S00847,2026-06-04,3,22
S00847,2026-06-06,4,53
S00847,2026-06-07,4,65
S00847,2026-06-07,5,67
S00847,2026-06-08,5,24
S00847,2026-06-08,6,22
S00847,2026-06-09,7,67
S00847,2026-06-11,8,68
S00847,2026-06-12,9,31
S00847,2026-06-13,9,59
S00847,2026-06-15,10,62
S00847,2026-06-16,10,35
S00847,2026-06-17,10,41
S00849,2026-03-29,1,21
S00849,2026-03-30,1,41
S00849,2026-03-31,1,72
S00849,2026-03-30,2,50
S00849,2026-03-31,3,24
S00849,2026-04-03,4,53
S00849,2026-04-04,4,22
S00849,2026-04-05,4,67
S00849,2026-04-05,5,66
S00849,2026-04-06,5,24
S00849,2026-04-07,6,74
S00849,2026-04-08,6,50
S00849,2026-04-09,6,32
S00849,2026-04-09,7,25
S00849,2026-04-10,7,65
S00849,2026-04-11,7,30
S00849,2026-04-12,8,46
S00849,2026-04-13,8,43
S00849,2026-04-14,8,69
S00849,2026-04-14,9,38
S00849,2026-04-15,9,27
S00849,2026-04-16,10,32
S00849,2026-04-17,10,73
S00850,2026-02-24,1,17
S00850,2026-03-06,2,19
S00851,2026-03-05,1,43
S00851,2026-03-08,2,43
S00851,2026-03-09,2,66
S00851,2026-03-09,3,31
S00851,2026-03-10,3,40
S00851,2026-03-11,3,28
S00851,2026-03-11,4,65
S00851,2026-03-12,4,73
S00851,2026-03-13,4,32
S00851,2026-03-14,5,29
S00851,2026-03-15,5,44
S00851,2026-03-17,6,68
S00851,2026-03-18,6,43
S00851,2026-03-19,6,35
S00851,2026-03-19,7,23
S00851,2026-03-20,8,21
S00851,2026-03-21,8,73
S00851,2026-03-22,8,21
S00851,2026-03-23,9,53
S00851,2026-03-24,10,43
S00851,2026-03-25,10,63
S00852,2026-04-26,1,53
S00852,2026-05-08,2,14
S00852,2026-05-26,3,32
S00852,2026-05-27,3,42
S00853,2026-04-29,1,63
S00853,2026-04-30,1,48
S00853,2026-05-01,1,20
S00853,2026-05-01,2,58
S00853,2026-05-02,2,64
S00853,2026-05-03,2,65
S00853,2026-05-04,3,62
S00853,2026-05-07,4,55
S00853,2026-05-08,5,38
S00853,2026-05-09,6,35
S00853,2026-05-10,6,21
S00853,2026-05-10,7,65
S00853,2026-05-11,7,46
S00853,2026-05-13,8,28
S00853,2026-05-15,9,51
S00853,2026-05-16,9,66
S00853,2026-05-17,9,39
S00853,2026-05-17,10,55
S00853,2026-05-18,10,49
S00853,2026-05-19,10,30
S00854,2026-04-05,1,10
S00855,2026-04-30,1,45
S00855,2026-05-01,1,37
S00855,2026-05-02,1,34
S00855,2026-05-03,2,26
S00855,2026-05-05,3,32
S00855,2026-05-06,3,74
S00855,2026-05-07,3,68
S00855,2026-05-08,4,48
S00855,2026-05-09,4,41
S00855,2026-05-10,4,60
S00855,2026-05-09,5,60
S00855,2026-05-11,6,30
S00855,2026-05-12,6,43
S00855,2026-05-13,7,66
S00855,2026-05-14,7,38
S00855,2026-05-15,7,69
S00855,2026-05-16,8,47
S00855,2026-05-17,8,50
S00855,2026-05-18,8,61
S00855,2026-05-17,9,55
S00855,2026-05-18,9,46
S00855,2026-05-19,9,59
S00855,2026-05-19,10,40
S00855,2026-05-20,10,25
S00855,2026-05-21,10,67
S00856,2026-01-30,1,65
S00856,2026-01-31,1,63
S00856,2026-02-01,1,44
S00856,2026-01-31,2,68
S00856,2026-02-01,2,56
S00856,2026-02-02,2,73
S00856,2026-02-02,3,32
S00856,2026-02-03,3,43
S00856,2026-02-04,3,31
S00856,2026-02-03,4,23
S00856,2026-02-04,4,73
S00856,2026-02-05,4,38
S00856,2026-02-04,5,20
S00856,2026-02-05,5,44
S00856,2026-02-05,6,36
S00856,2026-02-06,6,21
S00856,2026-02-07,6,51
S00856,2026-02-07,7,41
S00856,2026-02-09,8,32
S00856,2026-02-10,9,57
S00856,2026-02-11,9,48
S00856,2026-02-11,10,31
S00857,2026-01-10,1,62
S00857,2026-01-11,1,52
S00857,2026-01-11,2,63
S00857,2026-01-12,2,68
S00857,2026-01-13,2,59
S00857,2026-01-14,3,65
S00857,2026-01-15,3,21
S00857,2026-01-16,4,72
S00857,2026-01-19,5,31
S00857,2026-01-20,5,60
S00857,2026-01-21,6,66
S00857,2026-01-22,6,32
S00857,2026-01-23,6,72
S00857,2026-01-22,7,31
S00857,2026-01-23,7,44
S00857,2026-01-24,7,20
S00857,2026-01-23,8,20
S00857,2026-01-24,8,61
S00857,2026-01-26,9,49
S00857,2026-01-27,10,68
S00858,2026-01-07,1,58
S00858,2026-01-08,1,60
S00858,2026-01-09,1,53
S00858,2026-01-08,2,43
S00858,2026-01-11,3,34
S00858,2026-01-12,3,31
S00858,2026-01-13,3,39
S00858,2026-01-12,4,60
S00858,2026-01-13,5,42
S00858,2026-01-16,6,27
S00858,2026-01-17,6,26
S00858,2026-01-18,6,62
S00858,2026-01-18,7,26
S00858,2026-01-19,7,64
S00858,2026-01-20,7,60
S00858,2026-01-21,8,56
S00858,2026-01-22,8,26
S00858,2026-01-23,8,57
S00858,2026-01-24,9,60
S00858,2026-01-27,10,68
S00859,2026-04-23,1,36
S00859,2026-04-24,1,19
S00859,2026-04-25,1,41
S00859,2026-05-03,2,12
S00860,2026-01-07,1,31
S00860,2026-01-08,1,64
S00860,2026-01-09,1,37
S00860,2026-01-09,2,20
S00860,2026-01-10,2,34
S00860,2026-01-11,2,37
S00860,2026-01-10,3,39
S00860,2026-01-11,3,73
S00860,2026-01-12,4,44
S00860,2026-01-13,4,35
S00860,2026-01-15,5,52
S00860,2026-01-16,5,26
S00860,2026-01-17,6,64
S00860,2026-01-20,7,70
S00860,2026-01-23,8,23
S00860,2026-01-24,8,21
S00860,2026-01-25,8,24
S00860,2026-01-26,9,35
S00860,2026-01-29,10,67
S00861,2026-04-22,1,17
S00861,2026-04-23,1,20
S00861,2026-04-30,2,43
S00861,2026-05-01,2,32
S00861,2026-05-08,3,21
S00861,2026-05-21,4,16
S00861,2026-05-22,4,48
S00861,2026-05-23,4,32
S00861,2026-06-03,5,31
S00862,2026-05-13,1,36
S00862,2026-05-14,1,22
S00862,2026-05-15,1,30
S00862,2026-05-14,2,20
S00862,2026-05-15,2,63
S00862,2026-05-17,3,68
S00862,2026-05-18,3,70
S00862,2026-05-20,4,43
S00862,2026-05-21,4,38
S00862,2026-05-22,4,56
S00862,2026-05-23,5,37
S00862,2026-05-24,5,61
S00862,2026-05-24,6,31
S00862,2026-05-26,7,35
S00862,2026-05-27,7,63
S00862,2026-05-27,8,44
S00862,2026-05-29,9,43
S00862,2026-05-30,9,42
S00862,2026-05-31,9,56
S00862,2026-05-30,10,21
S00862,2026-05-31,10,70
S00862,2026-06-01,10,48
S00863,2026-04-24,1,21
S00863,2026-04-25,2,32
S00863,2026-04-27,3,73
S00863,2026-04-28,3,72
S00863,2026-04-28,4,65
S00863,2026-04-29,4,73
S00863,2026-04-29,5,27
S00863,2026-04-30,5,24
S00863,2026-05-01,5,41
S00863,2026-04-30,6,35
S00863,2026-05-01,6,45
S00863,2026-05-01,7,60
S00863,2026-05-02,7,32
S00863,2026-05-04,8,61
S00863,2026-05-05,8,42
S00863,2026-05-06,8,57
S00863,2026-05-05,9,57
S00863,2026-05-06,9,30
S00863,2026-05-07,9,21
S00863,2026-05-08,10,45
S00864,2026-05-14,1,24
S00864,2026-05-15,1,42
S00864,2026-05-16,1,63
S00864,2026-05-17,2,41
S00864,2026-05-18,2,28
S00864,2026-05-20,3,45
S00864,2026-05-21,3,60
S00864,2026-05-22,3,25
S00864,2026-05-23,4,25
S00864,2026-05-24,4,25
S00864,2026-05-25,4,23
S00864,2026-05-26,5,51
S00864,2026-05-27,5,67
S00864,2026-05-27,6,28
S00864,2026-05-28,6,26
S00864,2026-05-29,7,58
S00864,2026-05-30,7,38
S00864,2026-05-31,7,38
S00864,2026-05-31,8,42
S00864,2026-06-02,9,21
S00864,2026-06-03,9,55
S00864,2026-06-04,9,73
S00864,2026-06-04,10,49
S00865,2026-04-04,1,21
S00865,2026-04-05,1,65
S00865,2026-04-06,2,60
S00865,2026-04-07,2,54
S00865,2026-04-08,2,34
S00865,2026-04-08,3,36
S00865,2026-04-09,3,57
S00865,2026-04-10,3,46
S00865,2026-04-09,4,50
S00865,2026-04-10,4,59
S00865,2026-04-11,4,39
S00865,2026-04-12,5,52
S00865,2026-04-13,5,59
S00865,2026-04-14,5,60
S00865,2026-04-13,6,39
S00865,2026-04-14,6,30
S00865,2026-04-15,7,31
S00865,2026-04-16,7,39
S00865,2026-04-17,7,36
S00865,2026-04-17,8,45
S00865,2026-04-18,9,62
S00865,2026-04-19,9,31
S00865,2026-04-20,9,39
S00865,2026-04-21,10,29
S00865,2026-04-22,10,70
S00866,2026-03-01,1,41
S00866,2026-03-09,2,11
S00866,2026-03-15,3,28
S00866,2026-03-16,3,26
S00866,2026-03-17,3,48
S00866,2026-03-27,4,39
S00866,2026-04-05,5,20
S00867,2026-01-25,1,49
S00867,2026-01-26,1,26
S00867,2026-01-28,2,21
S00867,2026-01-29,2,36
S00867,2026-01-30,2,48
S00867,2026-01-29,3,23
S00867,2026-01-30,3,62
S00867,2026-01-31,4,61
S00867,2026-02-03,5,25
S00867,2026-02-05,6,37
S00867,2026-02-06,6,64
S00867,2026-02-08,7,55
S00867,2026-02-09,7,22
S00867,2026-02-10,7,57
S00867,2026-02-09,8,61
S00867,2026-02-10,9,39
S00867,2026-02-11,9,26
S00867,2026-02-12,9,23
S00867,2026-02-12,10,36
S00868,2026-01-16,1,22
S00868,2026-01-18,2,34
S00868,2026-01-19,2,39
S00868,2026-01-20,2,27
S00868,2026-01-20,3,28
S00868,2026-01-21,3,47
S00868,2026-01-21,4,21
S00868,2026-01-22,4,57
S00868,2026-01-24,5,50
S00868,2026-01-25,5,28
S00868,2026-01-26,5,22
S00868,2026-01-25,6,64
S00868,2026-01-26,7,69
S00868,2026-01-28,8,59
S00868,2026-01-29,9,48
S00868,2026-02-01,10,67
S00869,2026-04-28,1,10
S00871,2026-04-09,1,65
S00871,2026-04-10,1,74
S00871,2026-04-12,2,39
S00871,2026-04-15,3,20
S00871,2026-04-18,4,25
S00871,2026-04-19,4,57
S00871,2026-04-20,4,51
S00871,2026-04-20,5,37
S00871,2026-04-21,5,32
S00871,2026-04-22,5,63
S00871,2026-04-22,6,71
S00871,2026-04-23,6,48
S00871,2026-04-25,7,63
S00871,2026-04-26,7,36
S00871,2026-04-27,7,22
S00871,2026-04-27,8,23
S00871,2026-04-28,8,41
S00871,2026-04-29,8,32
S00871,2026-04-29,9,58
S00871,2026-04-30,9,72
S00871,2026-05-01,10,45
S00872,2026-05-05,1,44
S00872,2026-05-06,1,69
S00872,2026-05-07,1,51
S00872,2026-05-08,2,51
S00872,2026-05-11,3,37
S00872,2026-05-12,3,73
S00872,2026-05-13,3,30
S00872,2026-05-13,4,50
S00872,2026-05-15,5,63
S00872,2026-05-16,5,32
S00872,2026-05-16,6,33
S00872,2026-05-17,6,66
S00872,2026-05-18,7,35
S00872,2026-05-19,7,45
S00872,2026-05-19,8,49
S00872,2026-05-20,8,24
S00872,2026-05-22,9,57
S00872,2026-05-23,9,26
S00872,2026-05-24,9,31
S00872,2026-05-23,10,35
S00872,2026-05-24,10,72
S00872,2026-05-25,10,22
S00873,2026-05-05,1,23
S00873,2026-05-11,2,19
S00873,2026-05-12,2,24
S00873,2026-05-16,3,45
S00873,2026-05-17,3,41
S00873,2026-05-18,3,33
S00873,2026-05-25,4,17
S00873,2026-05-26,4,36
S00873,2026-05-27,4,17
S00873,2026-06-01,5,32
S00873,2026-06-02,5,26
S00873,2026-06-03,5,46
S00873,2026-06-09,6,13
S00873,2026-06-19,7,16
S00873,2026-06-20,7,19
S00873,2026-07-01,8,41
S00873,2026-07-02,8,42
S00873,2026-07-03,8,30
S00874,2026-01-30,1,66
S00874,2026-01-31,1,56
S00874,2026-02-02,2,45
S00874,2026-02-03,2,31
S00874,2026-02-04,2,37
S00874,2026-02-03,3,32
S00874,2026-02-04,3,42
S00874,2026-02-05,3,22
S00874,2026-02-05,4,26
S00874,2026-02-07,5,65
S00874,2026-02-08,5,34
S00874,2026-02-09,5,35
S00874,2026-02-08,6,30
S00874,2026-02-09,6,43
S00874,2026-02-10,6,55
S00874,2026-02-09,7,63
S00874,2026-02-12,8,64
S00874,2026-02-13,8,20
S00874,2026-02-13,9,62
S00874,2026-02-14,9,70
S00874,2026-02-16,10,28
S00874,2026-02-17,10,60
S00874,2026-02-18,10,33
S00875,2026-04-09,1,23
S00875,2026-04-10,1,74
S00875,2026-04-11,2,24
S00875,2026-04-12,2,30
S00875,2026-04-14,3,30
S00875,2026-04-15,3,72
S00875,2026-04-16,3,46
S00875,2026-04-17,4,27
S00875,2026-04-18,4,53
S00875,2026-04-20,5,67
S00875,2026-04-21,5,32
S00875,2026-04-22,5,74
S00875,2026-04-21,6,20
S00875,2026-04-22,6,46
S00875,2026-04-23,7,24
S00875,2026-04-24,7,56
S00875,2026-04-25,7,23
S00875,2026-04-26,8,43
S00875,2026-04-27,8,66
S00875,2026-04-28,9,29
S00875,2026-04-29,9,58
S00875,2026-04-30,9,29
S00875,2026-04-29,10,52
S00875,2026-04-30,10,70
S00876,2026-03-06,1,55
S00876,2026-03-09,2,28
S00876,2026-03-11,3,49
S00876,2026-03-14,4,24
S00876,2026-03-17,5,73
S00876,2026-03-20,6,56
S00876,2026-03-23,7,73
S00876,2026-03-24,8,45
S00876,2026-03-27,9,68
S00876,2026-03-28,10,30
S00877,2026-04-18,1,54
S00877,2026-04-19,1,45
S00877,2026-04-20,1,56
S00877,2026-04-24,2,49
S00877,2026-04-25,2,17
S00877,2026-04-26,2,49
S00877,2026-05-01,3,42
S00877,2026-05-08,4,17
S00877,2026-05-09,4,13
S00877,2026-05-20,5,49
S00877,2026-05-21,5,7
S00877,2026-05-22,5,38
S00877,2026-05-30,6,22
S00877,2026-05-31,6,34
S00877,2026-06-01,6,35
S00878,2026-05-17,1,41
S00878,2026-05-18,1,30
S00878,2026-05-19,1,49
S00878,2026-05-25,2,46
S00878,2026-05-26,2,25
S00878,2026-06-02,3,48
S00878,2026-06-19,4,38
S00878,2026-06-20,4,9
S00879,2026-05-28,1,70
S00879,2026-05-29,1,33
S00879,2026-05-30,2,41
S00879,2026-05-31,2,49
S00879,2026-06-02,3,55
S00879,2026-06-03,3,37
S00879,2026-06-03,4,32
S00879,2026-06-04,5,64
S00879,2026-06-06,6,56
S00879,2026-06-07,6,74
S00879,2026-06-08,7,53
S00879,2026-06-09,7,64
S00879,2026-06-10,7,35
S00879,2026-06-11,8,50
S00879,2026-06-12,8,32
S00879,2026-06-13,8,24
S00879,2026-06-13,9,39
S00879,2026-06-14,9,74
S00879,2026-06-15,9,21
S00879,2026-06-15,10,30
S00879,2026-06-16,10,72
S00880,2026-05-07,1,68
S00880,2026-05-08,1,63
S00880,2026-05-08,2,65
S00880,2026-05-09,2,49
S00880,2026-05-10,2,55
S00880,2026-05-11,3,25
S00880,2026-05-12,3,61
S00880,2026-05-13,3,48
S00880,2026-05-13,4,35
S00880,2026-05-14,4,65
S00880,2026-05-15,4,57
S00880,2026-05-14,5,73
S00880,2026-05-15,5,59
S00880,2026-05-17,6,60
S00880,2026-05-18,6,70
S00880,2026-05-19,6,58
S00880,2026-05-18,7,62
S00880,2026-05-19,7,24
S00880,2026-05-20,7,49
S00880,2026-05-20,8,73
S00880,2026-05-21,8,57
S00880,2026-05-22,8,34
S00880,2026-05-22,9,49
S00880,2026-05-25,10,61
S00881,2026-03-02,1,62
S00881,2026-03-03,2,49
S00881,2026-03-04,2,21
S00881,2026-03-05,3,56
S00881,2026-03-06,3,74
S00881,2026-03-07,4,46
S00881,2026-03-08,4,49
S00881,2026-03-09,4,70
S00881,2026-03-10,5,65
S00881,2026-03-11,6,39
S00881,2026-03-12,6,68
S00881,2026-03-13,6,44
S00881,2026-03-13,7,56
S00881,2026-03-16,8,24
S00881,2026-03-17,9,61
S00881,2026-03-18,9,20
S00881,2026-03-19,9,65
S00881,2026-03-19,10,39
S00881,2026-03-20,10,53
S00881,2026-03-21,10,74
S00882,2026-02-17,1,32
S00882,2026-02-18,1,23
S00882,2026-02-24,2,32
S00882,2026-02-25,2,43
S00882,2026-03-05,3,36
S00882,2026-03-06,3,13
S00882,2026-03-07,3,27
S00883,2026-01-14,1,21
S00883,2026-01-16,2,50
S00883,2026-01-19,3,50
S00883,2026-01-20,3,57
S00883,2026-01-22,4,23
S00883,2026-01-23,4,58
S00883,2026-01-25,5,21
S00883,2026-01-28,6,25
S00883,2026-01-29,6,23
S00883,2026-01-31,7,34
S00883,2026-02-01,7,43
S00883,2026-02-01,8,37
S00883,2026-02-02,8,72
S00883,2026-02-03,8,37
S00883,2026-02-02,9,54
S00883,2026-02-03,9,63
S00883,2026-02-03,10,51
S00884,2026-05-22,1,73
S00884,2026-05-23,1,61
S00884,2026-05-24,1,45
S00884,2026-05-23,2,39
S00884,2026-05-26,3,63
S00884,2026-05-27,3,29
S00884,2026-05-28,3,71
S00884,2026-05-29,4,54
S00884,2026-05-30,4,68
S00884,2026-05-31,4,74
S00884,2026-05-30,5,38
S00884,2026-05-31,5,33
S00884,2026-05-31,6,42
S00884,2026-06-01,6,45
S00884,2026-06-01,7,53
S00884,2026-06-02,7,63
S00884,2026-06-04,8,20
S00884,2026-06-05,8,37
S00884,2026-06-06,8,27
S00884,2026-06-07,9,20
S00884,2026-06-09,10,32
S00884,2026-06-10,10,40
S00885,2026-01-13,1,57
S00885,2026-01-14,1,33
S00885,2026-01-15,1,53
S00885,2026-01-21,2,54
S00885,2026-01-22,2,37
S00885,2026-01-23,2,14
S00885,2026-01-30,3,47
S00885,2026-02-12,4,39
S00885,2026-02-22,5,42
S00885,2026-02-23,5,29
S00885,2026-02-24,5,38
S00886,2026-03-04,1,32
S00886,2026-03-05,2,57
S00886,2026-03-06,2,28
S00886,2026-03-07,2,52
S00886,2026-03-08,3,67
S00886,2026-03-09,3,58
S00886,2026-03-11,4,52
S00886,2026-03-12,4,49
S00886,2026-03-13,4,59
S00886,2026-03-14,5,68
S00886,2026-03-15,5,20
S00886,2026-03-17,6,33
S00886,2026-03-18,6,45
S00886,2026-03-19,6,41
S00886,2026-03-18,7,51
S00886,2026-03-20,8,60
S00886,2026-03-22,9,49
S00886,2026-03-25,10,68
S00886,2026-03-26,10,57
S00887,2026-03-01,1,27
S00887,2026-03-02,1,57
S00887,2026-03-03,1,43
S00887,2026-03-11,2,17
S00887,2026-03-12,2,24
S00887,2026-03-20,3,35
S00888,2026-03-31,1,59
S00888,2026-04-01,1,38
S00888,2026-04-02,2,66
S00888,2026-04-05,3,36
S00888,2026-04-06,3,66
S00888,2026-04-06,4,33
S00888,2026-04-08,5,59
S00888,2026-04-09,5,70
S00888,2026-04-10,5,32
S00888,2026-04-11,6,33
S00888,2026-04-12,7,59
S00888,2026-04-13,7,25
S00888,2026-04-14,7,36
S00888,2026-04-13,8,29
S00888,2026-04-14,8,68
S00888,2026-04-15,8,61
S00888,2026-04-16,9,43
S00888,2026-04-19,10,30
S00888,2026-04-20,10,22
S00889,2026-04-23,1,30
S00889,2026-04-24,2,74
S00889,2026-04-25,3,27
S00889,2026-04-26,3,27
S00889,2026-04-27,3,64
S00889,2026-04-26,4,56
S00889,2026-04-27,4,36
S00889,2026-04-28,5,49
S00889,2026-04-29,5,73
S00889,2026-04-30,6,65
S00889,2026-05-01,6,26
S00889,2026-05-02,6,48
S00889,2026-05-02,7,67
S00889,2026-05-03,7,60
S00889,2026-05-04,7,26
S00889,2026-05-05,8,25
S00889,2026-05-06,8,65
S00889,2026-05-07,8,66
S00889,2026-05-08,9,25
S00889,2026-05-09,10,24
S00889,2026-05-10,10,73
S00889,2026-05-11,10,24
S00890,2026-03-23,1,32
S00890,2026-03-26,2,46
S00890,2026-03-28,3,32
S00890,2026-03-29,4,28
S00890,2026-04-01,5,71
S00890,2026-04-02,5,37
S00890,2026-04-03,5,44
S00890,2026-04-02,6,57
S00890,2026-04-04,7,29
S00890,2026-04-05,7,50
S00890,2026-04-06,7,57
S00890,2026-04-06,8,44
S00890,2026-04-07,9,54
S00890,2026-04-09,10,50
S00890,2026-04-10,10,35
S00890,2026-04-11,10,66
S00891,2026-04-14,1,41
S00891,2026-04-15,1,23
S00891,2026-04-16,1,42
S00891,2026-04-22,2,14
S00891,2026-04-23,2,20
S00891,2026-04-29,3,50
S00891,2026-04-30,3,21
S00891,2026-05-01,3,45
S00891,2026-05-10,4,32
S00891,2026-05-11,4,9
S00891,2026-05-12,4,19
S00891,2026-05-18,5,34
S00891,2026-05-19,5,10
S00891,2026-05-20,5,11
S00891,2026-05-28,6,37
S00891,2026-05-29,6,18
S00891,2026-05-30,6,17
S00891,2026-06-13,7,42
S00893,2026-05-29,1,20
S00893,2026-06-05,2,37
S00893,2026-06-06,2,30
S00893,2026-06-13,3,32
S00893,2026-06-14,3,15
S00893,2026-06-22,4,11
S00893,2026-06-23,4,14
S00893,2026-06-24,4,8
S00893,2026-07-01,5,17
S00893,2026-07-02,5,41
S00893,2026-07-11,6,19
S00893,2026-07-12,6,13
S00894,2026-01-08,1,49
S00894,2026-01-09,1,59
S00894,2026-01-10,1,67
S00894,2026-01-09,2,55
S00894,2026-01-10,3,44
S00894,2026-01-13,4,53
S00894,2026-01-14,4,67
S00894,2026-01-14,5,72
S00894,2026-01-15,5,73
S00894,2026-01-16,5,51
S00894,2026-01-15,6,60
S00894,2026-01-18,7,20
S00894,2026-01-19,7,71
S00894,2026-01-19,8,31
S00894,2026-01-20,8,25
S00894,2026-01-21,8,39
S00894,2026-01-21,9,73
S00894,2026-01-22,10,71
S00894,2026-01-23,10,68
S00895,2026-05-23,1,16
S00895,2026-05-24,1,44
S00895,2026-05-30,2,15
S00895,2026-05-31,2,24
S00895,2026-06-01,2,12
S00895,2026-06-03,3,44
S00895,2026-06-12,4,50
S00895,2026-06-13,4,10
S00895,2026-06-14,4,9
S00895,2026-06-21,5,43
S00895,2026-07-03,6,6
S00895,2026-07-04,6,36
S00895,2026-07-05,6,47
S00895,2026-07-12,7,27
S00895,2026-07-13,7,5
S00895,2026-07-27,8,28
S00895,2026-07-28,8,8
S00896,2026-05-17,1,47
S00896,2026-05-20,2,39
S00896,2026-05-21,2,33
S00896,2026-05-22,2,69
S00896,2026-05-22,3,57
S00896,2026-05-24,4,23
S00896,2026-05-25,4,40
S00896,2026-05-25,5,60
S00896,2026-05-26,5,38
S00896,2026-05-27,5,30
S00896,2026-05-26,6,68
S00896,2026-05-28,7,22
S00896,2026-05-30,8,42
S00896,2026-05-31,8,21
S00896,2026-06-01,8,58
S00896,2026-05-31,9,39
S00896,2026-06-01,9,69
S00896,2026-06-02,10,63
S00896,2026-06-03,10,58
S00896,2026-06-04,10,26
S00897,2026-01-13,1,32
S00897,2026-01-14,1,64
S00897,2026-01-15,1,50
S00897,2026-01-16,2,28
S00897,2026-01-17,2,72
S00897,2026-01-18,2,25
S00897,2026-01-18,3,38
S00897,2026-01-19,3,35
S00897,2026-01-20,3,60
S00897,2026-01-19,4,68
S00897,2026-01-20,4,67
S00897,2026-01-21,5,69
S00897,2026-01-23,6,53
S00897,2026-01-24,6,28
S00897,2026-01-25,7,26
S00897,2026-01-26,7,70
S00897,2026-01-28,8,51
S00897,2026-01-29,8,50
S00897,2026-01-29,9,41
S00897,2026-01-30,9,34
S00897,2026-01-31,9,27
S00897,2026-02-01,10,35
S00898,2026-04-24,1,9
S00898,2026-04-25,2,9
S00899,2026-04-25,1,55
S00899,2026-04-26,2,67
S00899,2026-04-27,2,67
S00899,2026-04-28,2,67
S00899,2026-04-29,3,52
S00899,2026-05-01,4,69
S00899,2026-05-03,5,60
S00899,2026-05-04,5,43
S00899,2026-05-05,5,45
S00899,2026-05-04,6,63
S00899,2026-05-05,6,21
S00899,2026-05-05,7,41
S00899,2026-05-07,8,25
S00899,2026-05-08,8,60
S00899,2026-05-08,9,58
S00899,2026-05-09,9,72
S00899,2026-05-09,10,62
S00900,2026-01-03,1,49
S00900,2026-01-05,2,28
S00900,2026-01-06,2,35
S00900,2026-01-07,2,21
S00900,2026-01-08,3,38
S00900,2026-01-09,3,68
S00900,2026-01-11,4,38
S00900,2026-01-12,4,25
S00900,2026-01-12,5,57
S00900,2026-01-13,5,32
S00900,2026-01-14,5,45
S00900,2026-01-13,6,64
S00900,2026-01-14,6,74
S00900,2026-01-15,7,31
S00900,2026-01-16,7,73
S00900,2026-01-16,8,60
S00900,2026-01-17,8,46
S00900,2026-01-18,9,55
S00900,2026-01-20,10,39
S00901,2026-02-06,1,29
S00901,2026-02-07,2,49
S00901,2026-02-08,3,36
S00901,2026-02-11,4,33
S00901,2026-02-12,4,71
S00901,2026-02-13,4,29
S00901,2026-02-12,5,41
S00901,2026-02-14,6,37
S00901,2026-02-15,6,71
S00901,2026-02-16,6,49
S00901,2026-02-16,7,54
S00901,2026-02-17,7,45
S00901,2026-02-18,7,60
S00901,2026-02-18,8,33
S00901,2026-02-19,8,42
S00901,2026-02-20,8,28
S00901,2026-02-21,9,72
S00901,2026-02-22,9,70
S00901,2026-02-22,10,37
S00902,2026-01-14,1,72
S00902,2026-01-15,1,20
S00902,2026-01-15,2,71
S00902,2026-01-16,2,47
S00902,2026-01-17,2,56
S00902,2026-01-18,3,50
S00902,2026-01-21,4,65
S00902,2026-01-24,5,62
S00902,2026-01-25,5,37
S00902,2026-01-26,5,40
S00902,2026-01-26,6,22
S00902,2026-01-29,7,40
S00902,2026-01-30,7,60
S00902,2026-01-31,7,30
S00902,2026-01-30,8,51
S00902,2026-01-31,8,61
S00902,2026-02-01,8,24
S00902,2026-02-01,9,28
S00902,2026-02-02,9,26
S00902,2026-02-03,9,35
S00902,2026-02-04,10,69
S00903,2026-01-29,1,51
S00903,2026-01-30,1,60
S00903,2026-01-31,2,38
S00903,2026-02-01,2,52
S00903,2026-02-02,2,73
S00903,2026-02-02,3,40
S00903,2026-02-03,3,33
S00903,2026-02-04,3,59
S00903,2026-02-03,4,39
S00903,2026-02-04,4,20
S00903,2026-02-05,4,28
S00903,2026-02-06,5,58
S00903,2026-02-07,5,48
S00903,2026-02-08,6,49
S00903,2026-02-10,7,25
S00903,2026-02-11,7,58
S00903,2026-02-12,7,36
S00903,2026-02-11,8,54
S00903,2026-02-12,8,65
S00903,2026-02-13,8,25
S00903,2026-02-14,9,48
S00903,2026-02-15,9,60
S00903,2026-02-16,9,23
S00903,2026-02-16,10,59
S00903,2026-02-17,10,25
S00904,2026-04-27,1,32
S00904,2026-05-03,2,27
S00904,2026-05-04,2,45
S00904,2026-05-15,3,44
S00904,2026-05-16,3,28
S00904,2026-05-22,4,41
S00905,2026-03-03,1,44
S00905,2026-03-04,1,31
S00905,2026-03-05,1,57
S00905,2026-03-06,2,64
S00905,2026-03-08,3,58
S00905,2026-03-09,3,29
S00905,2026-03-10,4,48
S00905,2026-03-11,4,27
S00905,2026-03-12,4,38
S00905,2026-03-12,5,43
S00905,2026-03-14,6,23
S00905,2026-03-15,6,71
S00905,2026-03-16,7,47
S00905,2026-03-17,7,21
S00905,2026-03-18,7,32
S00905,2026-03-18,8,60
S00905,2026-03-19,8,51
S00905,2026-03-21,9,33
S00905,2026-03-22,9,59
S00905,2026-03-22,10,67
S00906,2026-05-18,1,6
S00906,2026-05-19,2,5
S00907,2026-01-21,1,29
S00907,2026-01-22,1,54
S00907,2026-01-29,2,29
S00907,2026-01-30,2,48
S00907,2026-01-31,2,35
S00907,2026-02-12,3,25
S00908,2026-01-28,1,36
S00908,2026-01-29,1,28
S00908,2026-01-31,2,31
S00908,2026-02-01,2,36
S00908,2026-02-02,2,28
S00908,2026-02-03,3,31
S00908,2026-02-04,3,56
S00908,2026-02-04,4,43
S00908,2026-02-05,4,53
S00908,2026-02-06,4,55
S00908,2026-02-07,5,35
S00908,2026-02-08,5,27
S00908,2026-02-09,5,46
S00908,2026-02-10,6,25
S00908,2026-02-12,7,25
S00908,2026-02-13,8,21
S00908,2026-02-14,8,57
S00908,2026-02-15,8,59
S00908,2026-02-14,9,37
S00908,2026-02-15,9,54
S00908,2026-02-16,9,30
S00908,2026-02-17,10,42
S00909,2026-03-24,1,30
S00909,2026-03-26,2,63
S00909,2026-03-27,2,69
S00909,2026-03-28,3,27
S00909,2026-03-29,3,33
S00909,2026-03-30,3,32
S00909,2026-03-31,4,25
S00909,2026-04-01,4,36
S00909,2026-04-03,5,41
S00909,2026-04-05,6,29
S00909,2026-04-06,6,69
S00909,2026-04-07,7,61
S00909,2026-04-08,7,41
S00909,2026-04-09,8,22
S00909,2026-04-10,8,67
S00909,2026-04-12,9,31
S00909,2026-04-13,9,33
S00909,2026-04-13,10,57
S00909,2026-04-14,10,30
S00910,2026-02-09,1,28
S00910,2026-02-11,2,36
S00910,2026-02-12,3,50
S00910,2026-02-13,3,47
S00910,2026-02-14,3,28
S00910,2026-02-14,4,24
S00910,2026-02-15,4,63
S00910,2026-02-16,4,25
S00910,2026-02-17,5,61
S00910,2026-02-18,5,36
S00910,2026-02-20,6,72
S00910,2026-02-21,6,30
S00910,2026-02-22,6,53
S00910,2026-02-22,7,28
S00910,2026-02-23,7,58
S00910,2026-02-24,7,23
S00910,2026-02-25,8,59
S00910,2026-02-26,8,62
S00910,2026-02-26,9,45
S00910,2026-02-27,9,49
S00910,2026-02-27,10,37
S00910,2026-02-28,10,58
S00911,2026-05-23,1,22
S00911,2026-05-24,1,52
S00911,2026-05-30,2,39
S00911,2026-05-31,2,26
S00911,2026-06-01,2,50
S00911,2026-06-05,3,42
S00911,2026-06-06,3,31
S00911,2026-06-17,4,50
S00911,2026-06-30,5,6
S00911,2026-07-01,5,32
S00912,2026-04-24,1,38
S00912,2026-04-25,1,42
S00912,2026-04-26,1,38
S00912,2026-04-27,2,24
S00912,2026-04-28,2,74
S00912,2026-04-29,2,32
S00912,2026-04-29,3,20
S00912,2026-04-30,3,60
S00912,2026-05-01,3,57
S00912,2026-04-30,4,41
S00912,2026-05-02,5,73
S00912,2026-05-05,6,46
S00912,2026-05-06,6,45
S00912,2026-05-07,6,50
S00912,2026-05-08,7,21
S00912,2026-05-11,8,35
S00912,2026-05-12,8,20
S00912,2026-05-13,9,25
S00912,2026-05-14,9,65
S00912,2026-05-15,10,40
S00912,2026-05-16,10,70
S00912,2026-05-17,10,41
S00913,2026-01-26,1,15
S00913,2026-02-03,2,53
S00913,2026-02-04,2,55
S00914,2026-05-28,1,37
S00914,2026-05-29,2,56
S00914,2026-06-01,3,25
S00914,2026-06-02,3,29
S00914,2026-06-03,3,56
S00914,2026-06-02,4,21
S00914,2026-06-03,4,72
S00914,2026-06-04,4,44
S00914,2026-06-03,5,56
S00914,2026-06-04,6,38
S00914,2026-06-05,6,23
S00914,2026-06-05,7,57
S00914,2026-06-06,7,64
S00914,2026-06-07,7,63
S00914,2026-06-08,8,30
S00914,2026-06-09,8,60
S00914,2026-06-09,9,37
S00914,2026-06-10,9,56
S00914,2026-06-11,10,35
S00914,2026-06-12,10,30
S00914,2026-06-13,10,73
S00915,2026-05-28,1,48
S00915,2026-05-29,1,14
S00915,2026-05-30,1,51
S00915,2026-06-02,2,37
S00915,2026-06-03,2,38
S00915,2026-06-13,3,32
S00915,2026-06-26,4,28
S00915,2026-06-27,4,16
S00915,2026-07-12,5,46
S00916,2026-02-20,1,67
S00916,2026-02-21,2,21
S00916,2026-02-22,2,26
S00916,2026-02-22,3,35
S00916,2026-02-23,4,32
S00916,2026-02-26,5,51
S00916,2026-02-27,5,43
S00916,2026-02-28,5,20
S00916,2026-03-01,6,25
S00916,2026-03-02,6,61
S00916,2026-03-03,6,50
S00916,2026-03-02,7,65
S00916,2026-03-03,7,32
S00916,2026-03-05,8,56
S00916,2026-03-06,8,64
S00916,2026-03-07,8,45
S00916,2026-03-07,9,69
S00916,2026-03-08,9,54
S00916,2026-03-09,9,60
S00916,2026-03-10,10,27
S00916,2026-03-11,10,73
S00916,2026-03-12,10,49
S00917,2026-04-11,1,32
S00917,2026-04-12,1,73
S00917,2026-04-12,2,66
S00917,2026-04-13,2,74
S00917,2026-04-14,2,50
S00917,2026-04-14,3,57
S00917,2026-04-15,4,24
S00917,2026-04-16,4,43
S00917,2026-04-17,4,70
S00917,2026-04-16,5,47
S00917,2026-04-17,5,20
S00917,2026-04-18,5,21
S00917,2026-04-17,6,74
S00917,2026-04-18,6,43
S00917,2026-04-18,7,22
S00917,2026-04-19,7,52
S00917,2026-04-20,8,48
S00917,2026-04-21,9,42
S00917,2026-04-22,9,33
S00917,2026-04-23,10,46
S00917,2026-04-24,10,60
S00919,2026-04-22,1,53
S00919,2026-04-23,1,40
S00919,2026-04-24,1,38
S00919,2026-05-10,2,11
S00919,2026-05-11,2,50
S00919,2026-05-12,2,33
S00920,2026-01-10,1,55
S00920,2026-01-11,1,35
S00920,2026-01-11,2,53
S00920,2026-01-12,2,35
S00920,2026-01-13,2,74
S00920,2026-01-12,3,67
S00920,2026-01-13,3,54
S00920,2026-01-14,3,53
S00920,2026-01-13,4,46
S00920,2026-01-14,4,31
S00920,2026-01-15,4,64
S00920,2026-01-14,5,26
S00920,2026-01-16,6,59
S00920,2026-01-17,6,63
S00920,2026-01-18,7,46
S00920,2026-01-19,7,22
S00920,2026-01-20,8,71
S00920,2026-01-23,9,67
S00920,2026-01-24,9,39
S00920,2026-01-24,10,49
S00920,2026-01-25,10,62
S00922,2026-03-21,1,45
S00922,2026-03-22,1,38
S00922,2026-03-22,2,23
S00922,2026-03-23,3,49
S00922,2026-03-24,3,48
S00922,2026-03-26,4,46
S00922,2026-03-27,4,38
S00922,2026-03-28,5,38
S00922,2026-03-31,6,47
S00922,2026-04-01,6,30
S00922,2026-04-02,7,63
S00922,2026-04-03,7,60
S00922,2026-04-03,8,36
S00922,2026-04-04,8,69
S00922,2026-04-05,8,45
S00922,2026-04-06,9,35
S00922,2026-04-07,9,40
S00922,2026-04-08,9,36
S00922,2026-04-09,10,39
S00922,2026-04-10,10,39
S00922,2026-04-11,10,42
S00924,2026-03-19,1,50
S00924,2026-03-20,1,16
S00924,2026-03-27,2,24
S00924,2026-04-07,3,43
S00924,2026-04-20,4,14
S00924,2026-04-21,4,43
S00925,2026-02-13,1,45
S00925,2026-02-14,1,31
S00925,2026-02-15,1,59
S00925,2026-02-16,2,42
S00925,2026-02-17,2,36
S00925,2026-02-18,2,62
S00925,2026-02-19,3,58
S00925,2026-02-20,3,28
S00925,2026-02-21,3,37
S00925,2026-02-21,4,37
S00925,2026-02-22,4,40
S00925,2026-02-23,5,62
S00925,2026-02-25,6,29
S00925,2026-02-26,6,47
S00925,2026-02-27,7,36
S00925,2026-02-28,7,53
S00925,2026-03-01,8,71
S00925,2026-03-02,8,38
S00925,2026-03-04,9,64
S00925,2026-03-07,10,25
S00926,2026-01-25,1,55
S00926,2026-01-26,1,34
S00926,2026-01-27,2,30
S00926,2026-01-28,2,21
S00926,2026-01-29,2,42
S00926,2026-01-30,3,22
S00926,2026-01-31,3,51
S00926,2026-02-01,3,55
S00926,2026-02-01,4,73
S00926,2026-02-02,4,28
S00926,2026-02-04,5,33
S00926,2026-02-05,5,68
S00926,2026-02-06,5,60
S00926,2026-02-06,6,21
S00926,2026-02-07,6,50
S00926,2026-02-08,6,47
S00926,2026-02-07,7,20
S00926,2026-02-08,7,50
S00926,2026-02-10,8,42
S00926,2026-02-11,8,47
S00926,2026-02-12,8,71
S00926,2026-02-13,9,20
S00926,2026-02-14,9,62
S00926,2026-02-15,9,21
S00926,2026-02-15,10,44
S00927,2026-01-21,1,25
S00927,2026-01-22,2,24
S00927,2026-01-23,2,72
S00927,2026-01-24,3,23
S00927,2026-01-25,3,31
S00927,2026-01-27,4,69
S00927,2026-01-28,4,43
S00927,2026-01-28,5,54
S00927,2026-01-29,5,50
S00927,2026-01-29,6,63
S00927,2026-01-30,6,61
S00927,2026-01-31,7,20
S00927,2026-02-02,8,57
S00927,2026-02-05,9,37
S00927,2026-02-06,9,47
S00927,2026-02-07,9,39
S00927,2026-02-08,10,32
S00927,2026-02-09,10,74
S00927,2026-02-10,10,23
S00928,2026-02-16,1,57
S00928,2026-02-19,2,34
S00928,2026-02-22,3,36
S00928,2026-02-23,3,42
S00928,2026-02-24,3,53
S00928,2026-02-25,4,20
S00928,2026-02-28,5,35
S00928,2026-03-01,5,35
S00928,2026-03-01,6,63
S00928,2026-03-02,6,45
S00928,2026-03-02,7,49
S00928,2026-03-05,8,49
S00928,2026-03-06,8,37
S00928,2026-03-07,8,39
S00928,2026-03-06,9,50
S00928,2026-03-07,9,64
S00928,2026-03-07,10,42
S00929,2026-05-26,1,41
S00929,2026-06-06,2,12
S00929,2026-06-19,3,13
S00930,2026-02-22,1,66
S00930,2026-02-25,2,61
S00930,2026-02-26,2,24
S00930,2026-02-27,3,69
S00930,2026-03-02,4,63
S00930,2026-03-03,4,43
S00930,2026-03-05,5,28
S00930,2026-03-06,5,71
S00930,2026-03-07,5,34
S00930,2026-03-07,6,47
S00930,2026-03-08,6,54
S00930,2026-03-10,7,49
S00930,2026-03-11,7,45
S00930,2026-03-12,7,42
S00930,2026-03-12,8,67
S00930,2026-03-13,8,66
S00930,2026-03-14,8,37
S00930,2026-03-13,9,53
S00930,2026-03-14,9,29
S00930,2026-03-15,9,43
S00930,2026-03-16,10,69
S00930,2026-03-17,10,25
S00931,2026-02-12,1,62
S00931,2026-02-13,1,42
S00931,2026-02-14,1,32
S00931,2026-02-13,2,47
S00931,2026-02-14,2,25
S00931,2026-02-15,2,31
S00931,2026-02-14,3,64
S00931,2026-02-15,3,27
S00931,2026-02-17,4,60
S00931,2026-02-19,5,60
S00931,2026-02-20,5,44
S00931,2026-02-21,5,70
S00931,2026-02-20,6,29
S00931,2026-02-21,6,74
S00931,2026-02-22,6,54
S00931,2026-02-22,7,63
S00931,2026-02-23,7,47
S00931,2026-02-25,8,63
S00931,2026-02-26,8,48
S00931,2026-02-27,9,39
S00931,2026-03-01,10,45
S00931,2026-03-02,10,39
S00932,2026-04-12,1,45
S00932,2026-04-16,2,16
S00932,2026-04-17,2,50
S00932,2026-04-24,3,41
S00932,2026-04-25,3,27
S00932,2026-05-01,4,45
S00932,2026-05-13,5,43
S00932,2026-05-14,5,30
S00932,2026-05-22,6,46
S00932,2026-05-23,6,22
S00932,2026-05-24,6,5
S00932,2026-06-01,7,30
S00932,2026-06-02,7,11
S00932,2026-06-03,7,13
S00932,2026-06-09,8,21
S00932,2026-06-10,8,18
S00934,2026-05-25,1,65
S00934,2026-05-28,2,53
S00934,2026-05-29,2,57
S00934,2026-05-31,3,35
S00934,2026-06-01,3,43
S00934,2026-06-01,4,70
S00934,2026-06-02,4,57
S00934,2026-06-03,4,70
S00934,2026-06-02,5,66
S00934,2026-06-04,6,62
S00934,2026-06-05,6,44
S00934,2026-06-06,7,47
S00934,2026-06-07,7,74
S00934,2026-06-08,7,52
S00934,2026-06-08,8,28
S00934,2026-06-10,9,53
S00934,2026-06-11,9,52
S00934,2026-06-12,9,46
S00934,2026-06-12,10,35
S00935,2026-03-13,1,47
S00935,2026-03-14,1,22
S00935,2026-03-15,1,60
S00935,2026-03-16,2,30
S00935,2026-03-17,2,69
S00935,2026-03-17,3,51
S00935,2026-03-18,3,29
S00935,2026-03-19,3,44
S00935,2026-03-18,4,33
S00935,2026-03-19,4,40
S00935,2026-03-20,4,67
S00935,2026-03-19,5,59
S00935,2026-03-20,6,60
S00935,2026-03-21,7,50
S00935,2026-03-22,7,66
S00935,2026-03-23,8,70
S00935,2026-03-24,9,58
S00935,2026-03-25,9,23
S00935,2026-03-25,10,52
S00935,2026-03-26,10,45
S00936,2026-03-28,1,56
S00936,2026-03-29,2,57
S00936,2026-03-30,2,53
S00936,2026-03-31,2,55
S00936,2026-03-30,3,48
S00936,2026-04-01,4,26
S00936,2026-04-02,4,32
S00936,2026-04-02,5,45
S00936,2026-04-03,5,71
S00936,2026-04-04,5,64
S00936,2026-04-04,6,37
S00936,2026-04-05,6,45
S00936,2026-04-06,6,71
S00936,2026-04-05,7,29
S00936,2026-04-06,7,44
S00936,2026-04-07,7,65
S00936,2026-04-07,8,38
S00936,2026-04-08,9,34
S00936,2026-04-11,10,41
S00937,2026-03-06,1,62
S00937,2026-03-07,1,45
S00937,2026-03-08,1,26
S00937,2026-03-08,2,41
S00937,2026-03-09,3,71
S00937,2026-03-10,3,36
S00937,2026-03-10,4,29
S00937,2026-03-11,4,44
S00937,2026-03-11,5,46
S00937,2026-03-12,5,38
S00937,2026-03-13,5,73
S00937,2026-03-14,6,59
S00937,2026-03-15,6,71
S00937,2026-03-16,6,35
S00937,2026-03-15,7,58
S00937,2026-03-16,7,67
S00937,2026-03-16,8,38
S00937,2026-03-19,9,39
S00937,2026-03-20,9,49
S00937,2026-03-21,9,40
S00937,2026-03-22,10,71
S00937,2026-03-23,10,56
S00939,2026-02-07,1,57
S00939,2026-02-08,1,70
S00939,2026-02-09,2,28
S00939,2026-02-10,2,54
S00939,2026-02-12,3,47
S00939,2026-02-13,3,64
S00939,2026-02-14,3,56
S00939,2026-02-14,4,52
S00939,2026-02-15,4,25
S00939,2026-02-16,5,58
S00939,2026-02-17,5,68
S00939,2026-02-19,6,40
S00939,2026-02-20,6,60
S00939,2026-02-20,7,43
S00939,2026-02-23,8,23
S00939,2026-02-24,8,56
S00939,2026-02-24,9,65
S00939,2026-02-25,9,35
S00939,2026-02-26,9,73
S00939,2026-02-26,10,40
S00939,2026-02-27,10,45
S00939,2026-02-28,10,64
S00940,2026-04-12,1,20
S00940,2026-04-13,1,32
S00940,2026-04-17,2,46
S00940,2026-04-20,3,35
S00940,2026-04-26,4,9
S00940,2026-04-27,4,37
S00940,2026-05-03,5,42
S00940,2026-05-04,5,46
S00940,2026-05-12,6,8
S00940,2026-05-13,6,14
S00940,2026-05-25,7,5
S00940,2026-05-26,7,26
S00940,2026-06-10,8,22
S00940,2026-06-11,8,29
S00941,2026-03-21,1,71
S00941,2026-03-24,2,41
S00941,2026-03-25,3,34
S00941,2026-03-26,3,70
S00941,2026-03-27,3,45
S00941,2026-03-27,4,34
S00941,2026-03-29,5,34
S00941,2026-03-30,5,31
S00941,2026-03-30,6,41
S00941,2026-03-31,6,27
S00941,2026-04-01,6,71
S00941,2026-04-01,7,23
S00941,2026-04-02,7,72
S00941,2026-04-02,8,47
S00941,2026-04-03,8,21
S00941,2026-04-04,9,34
S00941,2026-04-05,9,46
S00941,2026-04-06,9,21
S00941,2026-04-06,10,61
S00942,2026-03-23,1,13
S00942,2026-03-28,2,16
S00942,2026-03-29,2,44
S00942,2026-03-30,2,51
S00942,2026-04-01,3,25
S00942,2026-04-08,4,10
S00942,2026-04-09,4,34
S00942,2026-04-10,4,19
S00942,2026-04-15,5,11
S00942,2026-04-29,6,21
S00942,2026-04-30,6,14
S00942,2026-05-01,6,41
S00943,2026-01-14,1,47
S00943,2026-01-23,2,38
S00943,2026-01-24,2,28
S00943,2026-01-25,2,42
S00943,2026-01-29,3,23
S00943,2026-01-30,3,28
S00943,2026-02-13,4,39
S00943,2026-02-14,4,31
S00943,2026-02-15,4,11
S00944,2026-05-18,1,51
S00944,2026-05-19,1,33
S00944,2026-05-20,1,43
S00944,2026-05-27,2,27
S00944,2026-06-07,3,31
S00944,2026-06-08,3,38
S00944,2026-06-18,4,51
S00945,2026-03-21,1,24
S00945,2026-03-24,2,53
S00945,2026-03-25,2,60
S00945,2026-03-27,3,57
S00945,2026-03-28,3,65
S00945,2026-03-29,3,24
S00945,2026-03-29,4,65
S00945,2026-03-30,4,64
S00945,2026-03-31,4,37
S00945,2026-04-01,5,62
S00945,2026-04-02,6,33
S00945,2026-04-03,6,44
S00945,2026-04-04,7,71
S00945,2026-04-05,7,59
S00945,2026-04-06,7,27
S00945,2026-04-07,8,51
S00945,2026-04-08,9,37
S00945,2026-04-09,9,64
S00945,2026-04-09,10,48
S00945,2026-04-10,10,42
S00945,2026-04-11,10,42
S00946,2026-03-14,1,62
S00946,2026-03-15,2,67
S00946,2026-03-16,2,62
S00946,2026-03-17,3,28
S00946,2026-03-18,3,60
S00946,2026-03-19,3,67
S00946,2026-03-18,4,39
S00946,2026-03-19,4,24
S00946,2026-03-19,5,23
S00946,2026-03-22,6,56
S00946,2026-03-23,6,61
S00946,2026-03-24,6,51
S00946,2026-03-24,7,67
S00946,2026-03-25,7,73
S00946,2026-03-26,8,20
S00946,2026-03-27,8,22
S00946,2026-03-28,8,32
S00946,2026-03-27,9,57
S00946,2026-03-28,9,28
S00946,2026-03-28,10,21
S00947,2026-04-27,1,60
S00947,2026-04-28,1,61
S00947,2026-04-28,2,57
S00947,2026-04-29,2,56
S00947,2026-04-30,2,72
S00947,2026-04-30,3,63
S00947,2026-05-01,3,27
S00947,2026-05-02,4,55
S00947,2026-05-03,4,28
S00947,2026-05-04,4,60
S00947,2026-05-04,5,25
S00947,2026-05-05,5,66
S00947,2026-05-06,5,42
S00947,2026-05-06,6,28
S00947,2026-05-09,7,63
S00947,2026-05-11,8,67
S00947,2026-05-13,9,36
S00947,2026-05-14,9,54
S00947,2026-05-15,10,44
S00947,2026-05-16,10,65
S00947,2026-05-17,10,67
S00948,2026-04-06,1,8
S00948,2026-04-08,2,7
S00949,2026-04-09,1,18
S00949,2026-04-11,2,5
S00950,2026-01-19,1,16
S00950,2026-01-20,1,52
S00950,2026-01-21,1,42
S00950,2026-01-26,2,41
S00951,2026-04-30,1,15
S00951,2026-05-08,2,53
S00951,2026-05-18,3,45
S00951,2026-05-19,3,31
S00951,2026-05-26,4,13
S00951,2026-05-27,4,27
S00951,2026-06-06,5,12
S00952,2026-04-23,1,48
S00952,2026-04-24,1,18
S00952,2026-04-29,2,39
S00952,2026-05-05,3,24
S00952,2026-05-06,3,28
S00952,2026-05-07,3,31
S00952,2026-05-14,4,14
S00952,2026-05-15,4,44
S00952,2026-05-16,4,46
S00952,2026-05-26,5,37
S00952,2026-05-27,5,19
S00952,2026-05-28,5,41
S00952,2026-06-03,6,29
S00952,2026-06-04,6,21
S00952,2026-06-15,7,38
S00952,2026-06-16,7,28
S00952,2026-06-25,8,41
S00952,2026-06-26,8,21
S00952,2026-06-27,8,28
S00953,2026-04-26,1,33
S00953,2026-04-27,1,57
S00953,2026-04-27,2,25
S00953,2026-04-28,2,49
S00953,2026-04-29,2,38
S00953,2026-04-28,3,30
S00953,2026-04-29,3,65
S00953,2026-05-01,4,51
S00953,2026-05-02,4,43
S00953,2026-05-02,5,71
S00953,2026-05-03,5,32
S00953,2026-05-04,5,55
S00953,2026-05-05,6,73
S00953,2026-05-06,6,26
S00953,2026-05-07,7,60
S00953,2026-05-08,7,67
S00953,2026-05-10,8,30
S00953,2026-05-11,8,24
S00953,2026-05-12,8,67
S00953,2026-05-12,9,31
S00953,2026-05-13,9,46
S00953,2026-05-14,9,59
S00953,2026-05-14,10,71
S00954,2026-01-21,1,15
S00954,2026-01-23,2,10
S00955,2026-02-08,1,54
S00955,2026-02-09,1,31
S00955,2026-02-10,1,55
S00955,2026-02-09,2,28
S00955,2026-02-10,2,47
S00955,2026-02-11,2,49
S00955,2026-02-10,3,41
S00955,2026-02-11,3,34
S00955,2026-02-12,4,28
S00955,2026-02-13,5,36
S00955,2026-02-14,5,51
S00955,2026-02-14,6,28
S00955,2026-02-15,6,41
S00955,2026-02-16,7,55
S00955,2026-02-17,7,52
S00955,2026-02-18,7,37
S00955,2026-02-17,8,68
S00955,2026-02-18,9,34
S00955,2026-02-19,9,71
S00955,2026-02-20,9,51
S00955,2026-02-19,10,69
S00955,2026-02-20,10,58
S00955,2026-02-21,10,35
S00956,2026-05-04,1,59
S00956,2026-05-06,2,28
S00956,2026-05-07,2,71
S00956,2026-05-08,2,34
S00956,2026-05-08,3,30
S00956,2026-05-09,3,49
S00956,2026-05-10,4,48
S00956,2026-05-11,4,24
S00956,2026-05-12,5,58
S00956,2026-05-13,5,63
S00956,2026-05-14,5,48
S00956,2026-05-15,6,58
S00956,2026-05-16,6,59
S00956,2026-05-17,6,20
S00956,2026-05-18,7,69
S00956,2026-05-21,8,34
S00956,2026-05-24,9,58
S00956,2026-05-27,10,66
S00957,2026-05-16,1,59
S00957,2026-05-17,1,36
S00957,2026-05-18,1,55
S00957,2026-05-18,2,68
S00957,2026-05-19,2,54
S00957,2026-05-20,2,60
S00957,2026-05-21,3,28
S00957,2026-05-22,3,48
S00957,2026-05-23,3,53
S00957,2026-05-24,4,52
S00957,2026-05-25,4,72
S00957,2026-05-26,4,26
S00957,2026-05-25,5,66
S00957,2026-05-26,5,57
S00957,2026-05-27,5,34
S00957,2026-05-28,6,21
S00957,2026-05-30,7,61
S00957,2026-05-31,7,30
S00957,2026-06-01,8,55
S00957,2026-06-03,9,27
S00957,2026-06-04,10,55
S00957,2026-06-05,10,24
S00958,2026-03-16,1,36
S00958,2026-03-17,2,70
S00958,2026-03-18,2,72
S00958,2026-03-18,3,49
S00958,2026-03-19,3,24
S00958,2026-03-21,4,64
S00958,2026-03-22,5,41
S00958,2026-03-23,5,66
S00958,2026-03-24,5,61
S00958,2026-03-24,6,64
S00958,2026-03-26,7,49
S00958,2026-03-27,7,74
S00958,2026-03-28,7,63
S00958,2026-03-28,8,23
S00958,2026-03-29,8,52
S00958,2026-03-31,9,36
S00958,2026-04-01,9,47
S00958,2026-04-02,9,36
S00958,2026-04-02,10,36
S00958,2026-04-03,10,35
S00959,2026-01-05,1,30
S00959,2026-01-08,2,24
S00959,2026-01-09,2,56
S00959,2026-01-09,3,23
S00959,2026-01-10,3,49
S00959,2026-01-11,3,49
S00959,2026-01-12,4,62
S00959,2026-01-15,5,43
S00959,2026-01-16,5,26
S00959,2026-01-17,5,65
S00959,2026-01-16,6,73
S00959,2026-01-17,6,21
S00959,2026-01-18,7,22
S00959,2026-01-19,7,28
S00959,2026-01-20,7,47
S00959,2026-01-19,8,47
S00959,2026-01-20,9,44
S00959,2026-01-23,10,30
S00959,2026-01-24,10,44
S00959,2026-01-25,10,20
S00960,2026-01-22,1,54
S00960,2026-01-23,1,21
S00960,2026-01-28,2,15
S00960,2026-01-29,2,40
S00960,2026-02-01,3,10
S00960,2026-02-02,3,24
S00960,2026-02-03,3,29
S00960,2026-02-12,4,14
S00960,2026-02-22,5,25
S00960,2026-02-23,5,9
S00960,2026-03-02,6,18
S00960,2026-03-16,7,42
S00960,2026-03-17,7,8
S00961,2026-05-31,1,41
S00961,2026-06-01,1,33
S00961,2026-06-03,2,29
S00961,2026-06-06,3,73
S00961,2026-06-07,3,44
S00961,2026-06-09,4,72
S00961,2026-06-10,5,66
S00961,2026-06-13,6,26
S00961,2026-06-14,6,49
S00961,2026-06-14,7,62
S00961,2026-06-15,7,59
S00961,2026-06-16,7,62
S00961,2026-06-16,8,71
S00961,2026-06-17,8,46
S00961,2026-06-19,9,57
S00961,2026-06-20,9,70
S00961,2026-06-21,9,66
S00961,2026-06-21,10,58
S00961,2026-06-22,10,56
S00962,2026-03-10,1,50
S00962,2026-03-11,1,27
S00962,2026-03-12,1,18
S00962,2026-03-14,2,30
S00962,2026-03-15,2,38
S00962,2026-03-21,3,40
S00962,2026-03-22,3,25
S00962,2026-03-23,3,48
S00962,2026-04-07,4,30
S00963,2026-02-07,1,45
S00963,2026-02-08,1,42
S00963,2026-02-09,1,37
S00963,2026-02-09,2,73
S00963,2026-02-10,2,27
S00963,2026-02-10,3,35
S00963,2026-02-11,3,72
S00963,2026-02-11,4,70
S00963,2026-02-12,4,20
S00963,2026-02-13,5,45
S00963,2026-02-16,6,24
S00963,2026-02-18,7,60
S00963,2026-02-19,8,73
S00963,2026-02-20,8,33
S00963,2026-02-21,9,57
S00963,2026-02-22,10,58
S00963,2026-02-23,10,25
S00963,2026-02-24,10,48
S00964,2026-05-12,1,46
S00964,2026-05-13,1,47
S00964,2026-05-14,2,45
S00964,2026-05-15,2,35
S00964,2026-05-15,3,26
S00964,2026-05-16,3,35
S00964,2026-05-17,3,61
S00964,2026-05-16,4,27
S00964,2026-05-17,4,58
S00964,2026-05-18,4,72
S00964,2026-05-19,5,63
S00964,2026-05-20,5,33
S00964,2026-05-21,5,30
S00964,2026-05-21,6,25
S00964,2026-05-22,6,43
S00964,2026-05-23,6,28
S00964,2026-05-23,7,50
S00964,2026-05-24,7,49
S00964,2026-05-25,7,74
S00964,2026-05-26,8,72
S00964,2026-05-27,8,61
S00964,2026-05-28,8,25
S00964,2026-05-28,9,39
S00964,2026-05-29,9,73
S00964,2026-05-29,10,59
S00965,2026-03-29,1,27
S00965,2026-03-30,1,49
S00965,2026-03-31,2,66
S00965,2026-04-01,2,24
S00965,2026-04-02,2,22
S00965,2026-04-02,3,27
S00965,2026-04-05,4,60
S00965,2026-04-06,4,24
S00965,2026-04-06,5,49
S00965,2026-04-07,5,44
S00965,2026-04-08,5,30
S00965,2026-04-07,6,50
S00965,2026-04-09,7,66
S00965,2026-04-12,8,65
S00965,2026-04-13,8,61
S00965,2026-04-15,9,45
S00965,2026-04-16,9,48
S00965,2026-04-17,9,23
S00965,2026-04-16,10,56
S00965,2026-04-17,10,29
S00965,2026-04-18,10,57
S00966,2026-01-30,1,54
S00966,2026-02-01,2,50
S00966,2026-02-02,2,38
S00966,2026-02-04,3,62
S00966,2026-02-05,3,43
S00966,2026-02-06,4,71
S00966,2026-02-07,4,43
S00966,2026-02-07,5,37
S00966,2026-02-08,5,35
S00966,2026-02-08,6,71
S00966,2026-02-11,7,35
S00966,2026-02-12,8,20
S00966,2026-02-13,8,49
S00966,2026-02-14,8,39
S00966,2026-02-14,9,48
S00966,2026-02-15,9,54
S00966,2026-02-16,9,32
S00966,2026-02-15,10,35
S00966,2026-02-16,10,62
S00966,2026-02-17,10,22
S00967,2026-04-06,1,49
S00967,2026-04-07,1,33
S00967,2026-04-12,2,16
S00967,2026-04-13,2,43
S00967,2026-04-14,2,40
S00967,2026-04-19,3,42
S00967,2026-04-20,3,37
S00967,2026-04-21,3,14
S00967,2026-04-25,4,13
S00967,2026-04-26,4,8
S00967,2026-04-27,4,51
S00967,2026-05-02,5,16
S00967,2026-05-03,5,17
S00967,2026-05-11,6,30
S00967,2026-05-12,6,15
S00967,2026-05-25,7,16
S00967,2026-05-26,7,19
S00967,2026-05-27,7,26
S00967,2026-06-06,8,5
S00967,2026-06-07,8,5
S00967,2026-06-08,8,35
S00968,2026-01-12,1,22
S00968,2026-01-15,2,59
S00968,2026-01-16,2,35
S00968,2026-01-17,2,74
S00968,2026-01-17,3,46
S00968,2026-01-18,3,21
S00968,2026-01-20,4,70
S00968,2026-01-21,5,52
S00968,2026-01-22,5,72
S00968,2026-01-23,5,47
S00968,2026-01-22,6,32
S00968,2026-01-24,7,28
S00968,2026-01-25,7,48
S00968,2026-01-26,7,57
S00968,2026-01-26,8,51
S00968,2026-01-27,8,42
S00968,2026-01-28,9,45
S00968,2026-01-31,10,34
S00969,2026-01-12,1,24
S00969,2026-01-16,2,32
S00969,2026-01-17,2,54
S00969,2026-01-23,3,52
S00969,2026-01-24,3,9
S00969,2026-01-25,3,42
S00969,2026-02-01,4,21
S00969,2026-02-17,5,31
S00970,2026-03-22,1,23
S00970,2026-03-23,1,32
S00970,2026-03-24,1,69
S00970,2026-03-24,2,35
S00970,2026-03-25,2,54
S00970,2026-03-26,2,73
S00970,2026-03-27,3,64
S00970,2026-03-28,3,32
S00970,2026-03-29,3,72
S00970,2026-03-28,4,39
S00970,2026-03-29,4,69
S00970,2026-03-30,4,48
S00970,2026-03-29,5,67
S00970,2026-04-01,6,48
S00970,2026-04-02,6,28
S00970,2026-04-03,7,72
S00970,2026-04-04,7,68
S00970,2026-04-04,8,21
S00970,2026-04-05,9,48
S00970,2026-04-06,9,29
S00970,2026-04-08,10,20
S00971,2026-05-09,1,43
S00971,2026-05-10,1,17
S00971,2026-05-11,1,49
S00971,2026-05-15,2,52
S00971,2026-05-16,2,53
S00971,2026-05-20,3,28
S00971,2026-05-21,3,40
S00971,2026-05-26,4,45
S00971,2026-05-27,4,28
S00971,2026-06-09,5,26
S00971,2026-06-10,5,44
S00971,2026-06-26,6,9
S00971,2026-06-27,6,9
S00971,2026-06-28,6,31
S00972,2026-05-27,1,5
S00973,2026-03-17,1,45
S00973,2026-03-26,2,43
S00974,2026-04-12,1,21
S00974,2026-04-13,1,69
S00974,2026-04-13,2,47
S00974,2026-04-14,2,65
S00974,2026-04-15,3,73
S00974,2026-04-16,3,25
S00974,2026-04-18,4,53
S00974,2026-04-20,5,40
S00974,2026-04-21,5,71
S00974,2026-04-22,5,29
S00974,2026-04-21,6,53
S00974,2026-04-22,7,73
S00974,2026-04-23,7,66
S00974,2026-04-24,7,45
S00974,2026-04-23,8,61
S00974,2026-04-25,9,70
S00974,2026-04-26,9,56
S00974,2026-04-26,10,49
S00975,2026-02-10,1,33
S00975,2026-02-12,2,30
S00975,2026-02-14,3,22
S00975,2026-02-15,3,30
S00975,2026-02-16,4,60
S00975,2026-02-17,4,20
S00975,2026-02-17,5,53
S00975,2026-02-19,6,55
S00975,2026-02-20,6,23
S00975,2026-02-21,6,29
S00975,2026-02-20,7,25
S00975,2026-02-22,8,50
S00975,2026-02-23,8,44
S00975,2026-02-24,8,42
S00975,2026-02-25,9,27
S00975,2026-02-26,9,25
S00975,2026-02-28,10,62
S00975,2026-03-01,10,52
S00976,2026-04-15,1,70
S00976,2026-04-17,2,26
S00976,2026-04-18,2,48
S00976,2026-04-20,3,23
S00976,2026-04-21,3,47
S00976,2026-04-22,3,27
S00976,2026-04-21,4,55
S00976,2026-04-22,4,28
S00976,2026-04-23,4,57
S00976,2026-04-24,5,58
S00976,2026-04-25,5,28
S00976,2026-04-26,5,59
S00976,2026-04-26,6,28
S00976,2026-04-27,6,45
S00976,2026-04-28,6,43
S00976,2026-04-28,7,72
S00976,2026-04-29,7,31
S00976,2026-04-30,7,55
S00976,2026-05-01,8,48
S00976,2026-05-04,9,54
S00976,2026-05-06,10,21
S00976,2026-05-07,10,57
S00976,2026-05-08,10,40
S00977,2026-02-18,1,13
S00977,2026-02-19,1,22
S00977,2026-02-25,2,13
S00977,2026-02-26,2,37
S00977,2026-02-27,2,45
S00978,2026-02-16,1,25
S00978,2026-02-18,2,42
S00978,2026-02-19,2,61
S00978,2026-02-20,3,57
S00978,2026-02-21,3,74
S00978,2026-02-22,4,62
S00978,2026-02-24,5,24
S00978,2026-02-25,5,72
S00978,2026-02-26,5,64
S00978,2026-02-25,6,51
S00978,2026-02-26,6,49
S00978,2026-02-27,6,27
S00978,2026-02-27,7,74
S00978,2026-02-28,7,62
S00978,2026-03-01,7,56
S00978,2026-03-02,8,53
S00978,2026-03-03,8,37
S00978,2026-03-04,8,52
S00978,2026-03-03,9,32
S00978,2026-03-04,9,40
S00978,2026-03-05,10,53
S00979,2026-03-20,1,74
S00979,2026-03-21,2,56
S00979,2026-03-22,2,29
S00979,2026-03-23,3,56
S00979,2026-03-24,3,23
S00979,2026-03-24,4,60
S00979,2026-03-25,4,43
S00979,2026-03-25,5,69
S00979,2026-03-26,5,60
S00979,2026-03-28,6,51
S00979,2026-03-29,6,56
S00979,2026-03-30,6,68
S00979,2026-03-31,7,73
S00979,2026-04-03,8,36
S00979,2026-04-04,8,54
S00979,2026-04-06,9,68
S00979,2026-04-09,10,31
S00979,2026-04-10,10,56
S00980,2026-01-13,1,35
S00980,2026-01-14,1,30
S00980,2026-01-15,1,54
S00980,2026-01-17,2,15
S00980,2026-01-18,2,11
S00980,2026-01-25,3,21
S00980,2026-01-26,3,30
S00980,2026-01-27,3,48
S00980,2026-02-01,4,13
S00980,2026-02-02,4,18
S00980,2026-02-03,4,20
S00980,2026-02-09,5,26
S00980,2026-02-10,5,22
S00980,2026-02-11,5,48
S00981,2026-03-30,1,71
S00981,2026-03-31,1,52
S00981,2026-04-01,1,32
S00981,2026-04-01,2,61
S00981,2026-04-04,3,67
S00981,2026-04-05,3,68
S00981,2026-04-06,3,52
S00981,2026-04-06,4,55
S00981,2026-04-07,4,27
S00981,2026-04-08,4,66
S00981,2026-04-09,5,41
S00981,2026-04-10,5,44
S00981,2026-04-10,6,58
S00981,2026-04-11,6,34
S00981,2026-04-12,6,36
S00981,2026-04-13,7,49
S00981,2026-04-14,7,42
S00981,2026-04-16,8,35
S00981,2026-04-17,8,47
S00981,2026-04-19,9,70
S00981,2026-04-20,9,39
S00981,2026-04-21,9,50
S00981,2026-04-21,10,48
S00981,2026-04-22,10,69
S00982,2026-05-23,1,33
S00982,2026-05-28,2,18
S00982,2026-05-29,2,43
S00982,2026-05-30,2,35
S00982,2026-06-04,3,44
S00982,2026-06-05,3,52
S00982,2026-06-20,4,9
S00982,2026-06-21,4,22
S00983,2026-02-20,1,74
S00983,2026-02-21,2,37
S00983,2026-02-23,3,74
S00983,2026-02-24,3,61
S00983,2026-02-26,4,25
S00983,2026-02-27,4,63
S00983,2026-02-28,5,45
S00983,2026-03-01,6,68
S00983,2026-03-02,6,62
S00983,2026-03-03,6,65
S00983,2026-03-03,7,25
S00983,2026-03-05,8,61
S00983,2026-03-06,8,25
S00983,2026-03-08,9,63
S00983,2026-03-09,9,28
S00983,2026-03-10,9,64
S00983,2026-03-10,10,28
S00984,2026-01-07,1,49
S00984,2026-01-08,1,46
S00984,2026-01-08,2,49
S00984,2026-01-09,2,71
S00984,2026-01-10,2,56
S00984,2026-01-10,3,65
S00984,2026-01-11,3,33
S00984,2026-01-12,4,73
S00984,2026-01-13,5,57
S00984,2026-01-14,5,74
S00984,2026-01-15,5,45
S00984,2026-01-14,6,25
S00984,2026-01-15,6,60
S00984,2026-01-16,7,64
S00984,2026-01-17,7,62
S00984,2026-01-18,7,27
S00984,2026-01-18,8,52
S00984,2026-01-20,9,25
S00984,2026-01-21,9,64
S00984,2026-01-22,10,63
S00984,2026-01-23,10,73
S00984,2026-01-24,10,49
S00985,2026-05-18,1,15
S00985,2026-05-19,1,53
S00985,2026-05-23,2,18
S00985,2026-05-24,2,49
S00985,2026-06-02,3,44
S00985,2026-06-07,4,30
S00985,2026-06-08,4,33
S00985,2026-06-16,5,20
S00985,2026-06-17,5,38
S00985,2026-06-18,5,21
S00985,2026-06-26,6,27
S00985,2026-06-27,6,7
S00985,2026-06-28,6,32
S00986,2026-04-21,1,55
S00986,2026-04-24,2,59
S00986,2026-04-25,2,64
S00986,2026-04-26,3,22
S00986,2026-04-27,3,33
S00986,2026-04-28,3,65
S00986,2026-04-29,4,45
S00986,2026-04-30,4,20
S00986,2026-05-01,4,21
S00986,2026-04-30,5,47
S00986,2026-05-01,5,52
S00986,2026-05-02,6,31
S00986,2026-05-03,6,46
S00986,2026-05-03,7,62
S00986,2026-05-04,7,51
S00986,2026-05-05,7,69
S00986,2026-05-06,8,54
S00986,2026-05-07,9,20
S00986,2026-05-08,9,53
S00986,2026-05-08,10,29
S00986,2026-05-09,10,45
S00987,2026-03-11,1,40
S00987,2026-03-12,1,31
S00987,2026-03-13,1,48
S00987,2026-03-18,2,21
S00987,2026-03-19,2,14
S00987,2026-03-20,2,51
S00987,2026-03-22,3,18
S00987,2026-03-23,3,35
S00987,2026-03-31,4,45
S00987,2026-04-01,4,34
S00987,2026-04-02,4,34
S00987,2026-04-08,5,8
S00987,2026-04-09,5,15
S00987,2026-04-21,6,35
S00987,2026-04-22,6,10
S00988,2026-02-15,1,26
S00988,2026-02-16,2,33
S00988,2026-02-17,2,58
S00988,2026-02-17,3,25
S00988,2026-02-18,3,59
S00988,2026-02-19,3,46
S00988,2026-02-19,4,65
S00988,2026-02-20,4,51
S00988,2026-02-21,4,28
S00988,2026-02-22,5,55
S00988,2026-02-23,5,27
S00988,2026-02-24,6,31
S00988,2026-02-25,7,41
S00988,2026-02-26,7,50
S00988,2026-02-28,8,30
S00988,2026-03-01,8,24
S00988,2026-03-02,8,57
S00988,2026-03-02,9,63
S00988,2026-03-03,9,73
S00988,2026-03-05,10,42
S00988,2026-03-06,10,37
S00988,2026-03-07,10,54
S00989,2026-02-12,1,30
S00989,2026-02-15,2,55
S00989,2026-02-16,2,30
S00989,2026-02-17,3,59
S00989,2026-02-19,4,38
S00989,2026-02-20,4,50
S00989,2026-02-20,5,60
S00989,2026-02-21,5,67
S00989,2026-02-23,6,61
S00989,2026-02-24,7,21
S00989,2026-02-25,7,30
S00989,2026-02-26,7,43
S00989,2026-02-25,8,23
S00989,2026-02-28,9,42
S00989,2026-03-01,9,43
S00989,2026-03-02,9,40
S00989,2026-03-03,10,45
S00989,2026-03-04,10,45
S00989,2026-03-05,10,47
S00990,2026-04-08,1,28
S00990,2026-04-09,1,43
S00990,2026-04-14,2,33
S00990,2026-04-15,2,42
S00990,2026-04-23,3,30
S00990,2026-04-24,3,46
S00990,2026-04-25,3,42
S00990,2026-05-04,4,24
S00990,2026-05-05,4,26
S00990,2026-05-06,4,47
S00990,2026-05-13,5,45
S00990,2026-05-14,5,15
S00990,2026-05-15,5,7
S00990,2026-05-29,6,19
S00990,2026-05-30,6,40
S00990,2026-06-15,7,42
S00991,2026-02-04,1,45
S00991,2026-02-15,2,15
S00991,2026-02-16,2,16
S00991,2026-03-04,3,29
S00991,2026-03-05,3,52
S00992,2026-01-23,1,52
S00992,2026-01-24,1,15
S00992,2026-01-28,2,54
S00992,2026-01-29,2,25
S00992,2026-02-05,3,10
S00992,2026-02-06,3,53
S00992,2026-02-16,4,15
S00992,2026-02-17,4,29
S00992,2026-02-24,5,20
S00992,2026-03-12,6,8
S00992,2026-03-13,6,28
S00992,2026-03-14,6,31
S00992,2026-03-27,7,5
S00993,2026-03-08,1,60
S00993,2026-03-09,1,61
S00993,2026-03-11,2,60
S00993,2026-03-12,3,38
S00993,2026-03-13,3,40
S00993,2026-03-14,3,49
S00993,2026-03-13,4,70
S00993,2026-03-14,4,22
S00993,2026-03-14,5,29
S00993,2026-03-15,5,28
S00993,2026-03-16,5,42
S00993,2026-03-15,6,35
S00993,2026-03-16,7,53
S00993,2026-03-17,7,50
S00993,2026-03-17,8,32
S00993,2026-03-18,9,55
S00993,2026-03-19,9,69
S00993,2026-03-19,10,33
S00993,2026-03-20,10,61
S00993,2026-03-21,10,74
S00994,2026-01-14,1,42
S00994,2026-01-15,1,15
S00994,2026-01-20,2,39
S00994,2026-01-21,2,12
S00994,2026-01-26,3,15
S00994,2026-02-03,4,30
S00994,2026-02-12,5,22
S00994,2026-02-23,6,15
S00994,2026-03-03,7,7
S00994,2026-03-04,7,41
S00995,2026-05-14,1,28
S00995,2026-05-17,2,63
S00995,2026-05-19,3,65
S00995,2026-05-20,3,70
S00995,2026-05-21,3,23
S00995,2026-05-22,4,45
S00995,2026-05-24,5,20
S00995,2026-05-25,5,59
S00995,2026-05-27,6,68
S00995,2026-05-30,7,61
S00995,2026-05-31,7,40
S00995,2026-06-01,7,46
S00995,2026-06-01,8,53
S00995,2026-06-03,9,44
S00995,2026-06-04,9,22
S00995,2026-06-05,9,53
S00995,2026-06-04,10,48
S00995,2026-06-05,10,73
S00995,2026-06-06,10,35
S00996,2026-04-12,1,27
S00996,2026-04-13,1,26
S00996,2026-04-14,1,24
S00996,2026-04-15,2,49
S00996,2026-04-16,2,30
S00996,2026-04-17,2,57
S00996,2026-04-18,3,43
S00996,2026-04-19,4,29
S00996,2026-04-20,4,39
S00996,2026-04-20,5,42
S00996,2026-04-23,6,29
S00996,2026-04-24,7,21
S00996,2026-04-27,8,27
S00996,2026-04-28,9,39
S00996,2026-04-29,9,71
S00996,2026-04-30,9,70
S00996,2026-04-30,10,57
S00996,2026-05-01,10,61
S00997,2026-01-20,1,18
S00997,2026-01-22,2,19
S00998,2026-01-11,1,21
S00998,2026-01-12,1,61
S00998,2026-01-13,2,74
S00998,2026-01-14,2,47
S00998,2026-01-15,3,29
S00998,2026-01-16,3,24
S00998,2026-01-17,4,65
S00998,2026-01-18,4,58
S00998,2026-01-19,5,27
S00998,2026-01-20,5,74
S00998,2026-01-21,5,36
S00998,2026-01-21,6,34
S00998,2026-01-22,6,39
S00998,2026-01-23,6,61
S00998,2026-01-22,7,48
S00998,2026-01-23,7,37
S00998,2026-01-24,7,39
S00998,2026-01-25,8,66
S00998,2026-01-26,8,27
S00998,2026-01-27,8,34
S00998,2026-01-27,9,72
S00998,2026-01-30,10,71
S00998,2026-01-31,10,63
S00998,2026-02-01,10,56
S00999,2026-01-13,1,5
S00999,2026-01-15,2,13
S01000,2026-05-20,1,39
S01000,2026-05-21,1,42
S01000,2026-05-22,1,26
S01000,2026-05-22,2,44
S01000,2026-05-23,2,26
S01000,2026-05-24,3,38
S01000,2026-05-26,4,34
S01000,2026-05-29,5,72
S01000,2026-06-01,6,71
S01000,2026-06-02,6,65
S01000,2026-06-04,7,30
S01000,2026-06-05,7,39
S01000,2026-06-06,7,42
S01000,2026-06-07,8,53
S01000,2026-06-08,8,23
S01000,2026-06-09,8,43
S01000,2026-06-10,9,62
S01000,2026-06-11,9,24
S01000,2026-06-11,10,49
S01000,2026-06-12,10,46
S01000,2026-06-13,10,32
S01001,2026-03-24,1,64
S01001,2026-03-25,2,69
S01001,2026-03-26,2,49
S01001,2026-03-27,3,72
S01001,2026-03-28,3,30
S01001,2026-03-30,4,43
S01001,2026-03-31,4,65
S01001,2026-04-01,4,40
S01001,2026-04-01,5,27
S01001,2026-04-04,6,72
S01001,2026-04-05,6,58
S01001,2026-04-06,6,20
S01001,2026-04-05,7,24
S01001,2026-04-06,7,31
S01001,2026-04-08,8,64
S01001,2026-04-09,8,30
S01001,2026-04-10,8,45
S01001,2026-04-09,9,63
S01001,2026-04-11,10,29
S01001,2026-04-12,10,30
S01001,2026-04-13,10,26
S01002,2026-04-05,1,46
S01002,2026-04-07,2,67
S01002,2026-04-08,3,70
S01002,2026-04-10,4,48
S01002,2026-04-11,4,35
S01002,2026-04-11,5,48
S01002,2026-04-12,5,46
S01002,2026-04-14,6,25
S01002,2026-04-15,6,55
S01002,2026-04-17,7,33
S01002,2026-04-18,7,27
S01002,2026-04-20,8,47
S01002,2026-04-21,8,50
S01002,2026-04-22,9,74
S01002,2026-04-23,9,30
S01002,2026-04-24,9,28
S01002,2026-04-24,10,73
S01002,2026-04-25,10,30
S01002,2026-04-26,10,24
S01003,2026-04-21,1,5
S01003,2026-04-23,2,17
S01004,2026-03-28,1,57
S01004,2026-03-29,1,52
S01004,2026-03-30,1,20
S01004,2026-04-04,2,21
S01004,2026-04-12,3,48
S01004,2026-04-13,3,16
S01004,2026-04-24,4,27
S01005,2026-03-30,1,50
S01005,2026-03-31,1,35
S01005,2026-04-01,1,15
S01005,2026-04-06,2,27
S01005,2026-04-11,3,36
S01005,2026-04-12,3,51
S01005,2026-04-23,4,34
S01005,2026-05-08,5,6
S01006,2026-03-18,1,46
S01006,2026-03-19,1,51
S01006,2026-03-20,1,53
S01006,2026-03-24,2,18
S01006,2026-03-25,2,40
S01006,2026-03-31,3,50
S01006,2026-04-01,3,51
S01006,2026-04-02,3,28
S01006,2026-04-07,4,9
S01006,2026-04-08,4,44
S01006,2026-04-09,4,33
S01006,2026-04-15,5,45
S01006,2026-04-16,5,5
S01006,2026-04-17,5,14
S01006,2026-04-25,6,27
S01006,2026-04-26,6,31
S01006,2026-04-27,6,41
S01006,2026-05-05,7,18
S01006,2026-05-06,7,42
S01006,2026-05-21,8,29
S01006,2026-05-22,8,19
S01007,2026-03-19,1,13
S01007,2026-03-30,2,26
S01007,2026-03-31,2,29
S01007,2026-04-01,2,47
S01008,2026-02-01,1,35
S01008,2026-02-02,1,26
S01008,2026-02-03,1,18
S01008,2026-02-16,2,48
S01009,2026-02-16,1,40
S01009,2026-02-17,1,48
S01009,2026-02-18,1,20
S01009,2026-02-18,2,39
S01009,2026-02-19,2,70
S01009,2026-02-19,3,56
S01009,2026-02-20,4,64
S01009,2026-02-21,4,36
S01009,2026-02-22,4,60
S01009,2026-02-22,5,71
S01009,2026-02-23,5,67
S01009,2026-02-25,6,32
S01009,2026-02-26,6,44
S01009,2026-02-27,6,69
S01009,2026-02-27,7,74
S01009,2026-02-28,7,53
S01009,2026-03-01,7,23
S01009,2026-02-28,8,39
S01009,2026-03-01,8,67
S01009,2026-03-03,9,68
S01009,2026-03-04,9,32
S01009,2026-03-06,10,59
S01010,2026-05-21,1,44
S01010,2026-05-22,1,73
S01010,2026-05-24,2,42
S01010,2026-05-25,2,27
S01010,2026-05-26,2,72
S01010,2026-05-27,3,41
S01010,2026-05-28,3,33
S01010,2026-05-29,3,41
S01010,2026-05-30,4,24
S01010,2026-05-31,5,21
S01010,2026-06-03,6,49
S01010,2026-06-06,7,31
S01010,2026-06-07,8,22
S01010,2026-06-09,9,40
S01010,2026-06-10,9,70
S01010,2026-06-11,9,43
S01010,2026-06-10,10,38
S01010,2026-06-11,10,53
S01010,2026-06-12,10,22
S01011,2026-05-20,1,64
S01011,2026-05-21,1,58
S01011,2026-05-21,2,57
S01011,2026-05-24,3,40
S01011,2026-05-26,4,31
S01011,2026-05-27,4,45
S01011,2026-05-28,4,64
S01011,2026-05-29,5,52
S01011,2026-05-30,5,67
S01011,2026-05-31,5,21
S01011,2026-05-30,6,66
S01011,2026-05-31,6,61
S01011,2026-06-01,6,40
S01011,2026-06-02,7,73
S01011,2026-06-03,7,41
S01011,2026-06-04,8,63
S01011,2026-06-07,9,44
S01011,2026-06-08,9,49
S01011,2026-06-09,9,67
S01011,2026-06-10,10,63
S01011,2026-06-11,10,41
S01011,2026-06-12,10,31
S01012,2026-05-04,1,14
S01012,2026-05-05,2,11
S01013,2026-02-20,1,6
S01014,2026-05-29,1,36
S01014,2026-05-30,1,62
S01014,2026-05-30,2,68
S01014,2026-06-01,3,74
S01014,2026-06-02,3,31
S01014,2026-06-02,4,61
S01014,2026-06-03,5,29
S01014,2026-06-05,6,26
S01014,2026-06-08,7,63
S01014,2026-06-10,8,69
S01014,2026-06-11,8,20
S01014,2026-06-13,9,21
S01014,2026-06-15,10,60
S01014,2026-06-16,10,20
S01014,2026-06-17,10,74
S01015,2026-01-06,1,57
S01015,2026-01-13,2,14
S01015,2026-01-14,2,15
S01015,2026-01-15,2,20
S01015,2026-01-22,3,39
S01015,2026-01-23,3,14
S01016,2026-01-31,1,6
S01017,2026-04-08,1,73
S01017,2026-04-09,1,70
S01017,2026-04-09,2,56
S01017,2026-04-12,3,27
S01017,2026-04-13,3,20
S01017,2026-04-14,3,27
S01017,2026-04-13,4,67
S01017,2026-04-14,4,28
S01017,2026-04-15,4,70
S01017,2026-04-15,5,64
S01017,2026-04-16,5,70
S01017,2026-04-17,5,56
S01017,2026-04-17,6,50
S01017,2026-04-18,6,72
S01017,2026-04-19,6,38
S01017,2026-04-20,7,50
S01017,2026-04-23,8,58
S01017,2026-04-24,8,65
S01017,2026-04-25,8,23
S01017,2026-04-24,9,60
S01017,2026-04-27,10,31
S01018,2026-05-09,1,57
S01018,2026-05-14,2,20
S01018,2026-05-21,3,11
S01018,2026-05-30,4,44
S01018,2026-06-04,5,29
S01018,2026-06-17,6,5
S01018,2026-06-18,6,20
S01018,2026-06-19,6,38
S01018,2026-07-04,7,31
S01018,2026-07-05,7,28
S01019,2026-01-15,1,11
S01020,2026-02-08,1,48
S01020,2026-02-09,1,60
S01020,2026-02-10,1,24
S01020,2026-02-09,2,47
S01020,2026-02-11,3,35
S01020,2026-02-12,3,70
S01020,2026-02-13,4,74
S01020,2026-02-14,5,32
S01020,2026-02-15,5,30
S01020,2026-02-16,6,28
S01020,2026-02-17,7,29
S01020,2026-02-20,8,65
S01020,2026-02-21,8,44
S01020,2026-02-22,8,46
S01020,2026-02-21,9,61
S01020,2026-02-22,9,31
S01020,2026-02-23,10,62
S01021,2026-05-10,1,47
S01021,2026-05-11,1,44
S01021,2026-05-12,1,22
S01021,2026-05-16,2,25
S01021,2026-05-17,2,46
S01021,2026-05-18,2,34
S01021,2026-05-22,3,10
S01021,2026-05-23,3,30
S01021,2026-06-05,4,46
S01022,2026-04-02,1,69
S01022,2026-04-03,2,70
S01022,2026-04-05,3,51
S01022,2026-04-06,3,44
S01022,2026-04-07,3,63
S01022,2026-04-07,4,59
S01022,2026-04-08,4,43
S01022,2026-04-09,4,50
S01022,2026-04-09,5,47
S01022,2026-04-10,5,68
S01022,2026-04-12,6,72
S01022,2026-04-13,6,56
S01022,2026-04-14,6,74
S01022,2026-04-14,7,40
S01022,2026-04-15,7,53
S01022,2026-04-16,7,68
S01022,2026-04-16,8,71
S01022,2026-04-17,8,60
S01022,2026-04-18,8,31
S01022,2026-04-19,9,27
S01022,2026-04-20,9,61
S01022,2026-04-22,10,45
S01023,2026-04-11,1,14
S01023,2026-04-12,2,10
S01025,2026-02-02,1,17
S01026,2026-05-03,1,54
S01026,2026-05-04,2,66
S01026,2026-05-05,2,65
S01026,2026-05-06,2,45
S01026,2026-05-06,3,49
S01026,2026-05-08,4,28
S01026,2026-05-09,5,32
S01026,2026-05-11,6,29
S01026,2026-05-14,7,55
S01026,2026-05-15,8,24
S01026,2026-05-16,8,63
S01026,2026-05-17,8,47
S01026,2026-05-18,9,26
S01026,2026-05-19,9,23
S01026,2026-05-20,9,63
S01026,2026-05-19,10,49
S01026,2026-05-20,10,22
S01027,2026-05-01,1,15
S01027,2026-05-03,2,10
S01028,2026-02-09,1,14
S01028,2026-02-10,1,14
S01028,2026-02-15,2,41
S01028,2026-02-16,2,32
S01028,2026-02-17,2,21
S01028,2026-02-24,3,17
S01028,2026-02-25,3,26
S01028,2026-02-26,3,39
S01028,2026-03-04,4,30
S01028,2026-03-16,5,40
S01028,2026-03-17,5,16
S01029,2026-02-06,1,39
S01029,2026-02-07,1,31
S01029,2026-02-08,1,72
S01029,2026-02-07,2,49
S01029,2026-02-10,3,29
S01029,2026-02-12,4,37
S01029,2026-02-13,4,56
S01029,2026-02-14,4,45
S01029,2026-02-15,5,62
S01029,2026-02-16,5,66
S01029,2026-02-17,5,40
S01029,2026-02-18,6,42
S01029,2026-02-20,7,43
S01029,2026-02-21,7,20
S01029,2026-02-22,7,72
S01029,2026-02-21,8,51
S01029,2026-02-22,8,53
S01029,2026-02-23,9,72
S01029,2026-02-24,9,69
S01029,2026-02-25,9,73
S01029,2026-02-25,10,71
S01029,2026-02-26,10,62
S01029,2026-02-27,10,69
S01030,2026-01-17,1,44
S01030,2026-01-18,1,22
S01030,2026-01-19,1,38
S01030,2026-01-24,2,18
S01030,2026-01-25,2,26
S01030,2026-01-29,3,21
S01030,2026-01-30,3,35
S01030,2026-01-31,3,12
S01030,2026-02-06,4,34
S01030,2026-02-07,4,50
S01030,2026-02-18,5,18
S01030,2026-03-07,6,29
S01030,2026-03-08,6,37
S01031,2026-05-09,1,39
S01031,2026-05-10,1,47
S01031,2026-05-11,1,68
S01031,2026-05-12,2,71
S01031,2026-05-15,3,44
S01031,2026-05-16,4,55
S01031,2026-05-17,4,47
S01031,2026-05-18,4,69
S01031,2026-05-17,5,73
S01031,2026-05-18,5,51
S01031,2026-05-20,6,39
S01031,2026-05-23,7,64
S01031,2026-05-24,7,35
S01031,2026-05-24,8,68
S01031,2026-05-26,9,55
S01031,2026-05-27,10,41
S01031,2026-05-28,10,30
S01032,2026-01-11,1,34
S01032,2026-01-12,1,54
S01032,2026-01-13,1,45
S01032,2026-01-18,2,34
S01032,2026-01-19,2,30
S01032,2026-01-20,2,41
S01032,2026-01-24,3,18
S01032,2026-01-25,3,44
S01032,2026-02-07,4,48
S01032,2026-02-23,5,17
S01032,2026-02-24,5,22
S01033,2026-04-05,1,65
S01033,2026-04-06,2,30
S01033,2026-04-07,2,46
S01033,2026-04-08,3,39
S01033,2026-04-09,3,32
S01033,2026-04-09,4,26
S01033,2026-04-10,5,73
S01033,2026-04-11,5,20
S01033,2026-04-12,5,74
S01033,2026-04-11,6,72
S01033,2026-04-12,6,71
S01033,2026-04-12,7,53
S01033,2026-04-13,8,40
S01033,2026-04-14,8,70
S01033,2026-04-16,9,29
S01033,2026-04-17,9,42
S01033,2026-04-19,10,27
S01033,2026-04-20,10,70
S01033,2026-04-21,10,24
S01034,2026-03-20,1,72
S01034,2026-03-22,2,56
S01034,2026-03-23,2,30
S01034,2026-03-25,3,59
S01034,2026-03-26,4,56
S01034,2026-03-27,4,35
S01034,2026-03-28,4,74
S01034,2026-03-29,5,58
S01034,2026-03-31,6,44
S01034,2026-04-01,6,57
S01034,2026-04-01,7,40
S01034,2026-04-02,7,51
S01034,2026-04-03,7,47
S01034,2026-04-02,8,34
S01034,2026-04-03,8,47
S01034,2026-04-04,8,40
S01034,2026-04-04,9,56
S01034,2026-04-05,9,31
S01034,2026-04-06,9,23
S01034,2026-04-05,10,51
S01034,2026-04-06,10,52
S01034,2026-04-07,10,32
S01035,2026-02-07,1,67
S01035,2026-02-08,1,36
S01035,2026-02-09,2,54
S01035,2026-02-10,2,33
S01035,2026-02-11,3,26
S01035,2026-02-12,4,23
S01035,2026-02-13,5,34
S01035,2026-02-14,5,65
S01035,2026-02-15,5,37
S01035,2026-02-14,6,48
S01035,2026-02-15,6,48
S01035,2026-02-16,6,43
S01035,2026-02-17,7,24
S01035,2026-02-18,7,64
S01035,2026-02-20,8,28
S01035,2026-02-23,9,40
S01035,2026-02-25,10,52
S01036,2026-02-03,1,51
S01036,2026-02-19,2,12
S01036,2026-02-20,2,22
S01036,2026-02-21,2,29
S01037,2026-04-10,1,64
S01037,2026-04-11,1,39
S01037,2026-04-13,2,37
S01037,2026-04-14,2,72
S01037,2026-04-16,3,49
S01037,2026-04-17,3,34
S01037,2026-04-17,4,29
S01037,2026-04-18,4,27
S01037,2026-04-18,5,39
S01037,2026-04-19,5,69
S01037,2026-04-20,5,31
S01037,2026-04-20,6,38
S01037,2026-04-21,6,60
S01037,2026-04-22,7,23
S01037,2026-04-23,7,66
S01037,2026-04-24,8,37
S01037,2026-04-25,8,53
S01037,2026-04-27,9,39
S01037,2026-04-28,9,55
S01037,2026-04-30,10,22
S01037,2026-05-01,10,40
S01038,2026-03-17,1,25
S01038,2026-03-18,1,45
S01038,2026-03-19,1,43
S01038,2026-03-23,2,36
S01038,2026-03-24,2,16
S01038,2026-03-25,2,42
S01038,2026-03-28,3,52
S01038,2026-03-29,3,43
S01038,2026-04-07,4,26
S01038,2026-04-08,4,28
S01038,2026-04-09,4,9
S01038,2026-04-18,5,35
S01038,2026-04-19,5,7
S01038,2026-04-20,5,36
S01038,2026-04-28,6,7
S01038,2026-04-29,6,13
S01038,2026-05-11,7,14
S01039,2026-02-27,1,23
S01039,2026-03-02,2,68
S01039,2026-03-03,2,29
S01039,2026-03-05,3,40
S01039,2026-03-07,4,24
S01039,2026-03-08,4,56
S01039,2026-03-09,4,27
S01039,2026-03-08,5,70
S01039,2026-03-09,5,25
S01039,2026-03-10,5,61
S01039,2026-03-11,6,59
S01039,2026-03-12,6,39
S01039,2026-03-14,7,48
S01039,2026-03-15,7,71
S01039,2026-03-16,7,22
S01039,2026-03-15,8,69
S01039,2026-03-16,9,34
S01039,2026-03-17,9,38
S01039,2026-03-19,10,35
S01040,2026-02-05,1,33
S01040,2026-02-06,1,26
S01040,2026-02-06,2,35
S01040,2026-02-07,2,48
S01040,2026-02-07,3,64
S01040,2026-02-08,4,56
S01040,2026-02-09,4,61
S01040,2026-02-10,4,57
S01040,2026-02-09,5,41
S01040,2026-02-10,5,40
S01040,2026-02-12,6,66
S01040,2026-02-13,6,26
S01040,2026-02-13,7,21
S01040,2026-02-14,7,46
S01040,2026-02-15,7,64
S01040,2026-02-16,8,66
S01040,2026-02-17,8,20
S01040,2026-02-17,9,47
S01040,2026-02-18,9,22
S01040,2026-02-19,9,49
S01040,2026-02-20,10,66
S01041,2026-02-04,1,70
S01041,2026-02-05,1,59
S01041,2026-02-06,2,70
S01041,2026-02-08,3,51
S01041,2026-02-09,4,27
S01041,2026-02-10,4,62
S01041,2026-02-11,4,20
S01041,2026-02-11,5,49
S01041,2026-02-12,5,46
S01041,2026-02-14,6,57
S01041,2026-02-15,6,27
S01041,2026-02-16,6,31
S01041,2026-02-17,7,29
S01041,2026-02-18,8,46
S01041,2026-02-19,8,64
S01041,2026-02-20,8,60
S01041,2026-02-20,9,60
S01041,2026-02-21,9,37
S01041,2026-02-22,9,55
S01041,2026-02-21,10,24
S01041,2026-02-22,10,70
S01041,2026-02-23,10,40
S01042,2026-05-11,1,47
S01042,2026-05-12,1,22
S01042,2026-05-20,2,39
S01042,2026-05-21,2,38
S01042,2026-05-31,3,26
S01042,2026-06-01,3,11
S01042,2026-06-02,3,52
S01042,2026-06-16,4,12
S01042,2026-06-17,4,23
S01042,2026-06-18,4,21
S01043,2026-02-15,1,22
S01043,2026-02-16,1,27
S01043,2026-02-18,2,37
S01043,2026-02-19,2,42
S01043,2026-02-20,2,20
S01043,2026-02-19,3,35
S01043,2026-02-20,3,29
S01043,2026-02-21,4,43
S01043,2026-02-23,5,58
S01043,2026-02-24,5,53
S01043,2026-02-25,5,38
S01043,2026-02-26,6,54
S01043,2026-02-27,7,20
S01043,2026-02-28,7,28
S01043,2026-03-02,8,26
S01043,2026-03-04,9,21
S01043,2026-03-05,9,62
S01043,2026-03-05,10,54
S01043,2026-03-06,10,70
S01044,2026-03-10,1,50
S01044,2026-03-11,1,55
S01044,2026-03-15,2,46
S01044,2026-03-19,3,19
S01044,2026-03-20,3,29
S01044,2026-03-21,3,45
S01044,2026-03-28,4,42
S01044,2026-03-29,4,26
S01044,2026-04-06,5,40
S01044,2026-04-07,5,49
S01044,2026-04-18,6,11
S01044,2026-04-19,6,32
S01044,2026-04-29,7,7
S01044,2026-04-30,7,44
S01044,2026-05-01,7,11
S01046,2026-04-07,1,35
S01046,2026-04-08,1,53
S01046,2026-04-09,1,26
S01046,2026-04-15,2,48
S01046,2026-04-16,2,21
S01046,2026-04-17,2,54
S01046,2026-04-21,3,11
S01046,2026-04-22,3,21
S01046,2026-04-28,4,49
S01046,2026-04-29,4,46
S01046,2026-04-30,4,10
S01046,2026-05-09,5,17
S01046,2026-05-10,5,26
S01046,2026-05-11,5,5
S01046,2026-05-27,6,44
S01047,2026-04-10,1,22
S01047,2026-04-11,1,37
S01047,2026-04-12,1,42
S01047,2026-04-12,2,21
S01047,2026-04-14,3,55
S01047,2026-04-15,3,24
S01047,2026-04-16,3,20
S01047,2026-04-17,4,52
S01047,2026-04-18,4,69
S01047,2026-04-19,4,42
S01047,2026-04-18,5,63
S01047,2026-04-19,5,63
S01047,2026-04-20,6,60
S01047,2026-04-23,7,34
S01047,2026-04-24,7,27
S01047,2026-04-24,8,64
S01047,2026-04-25,8,28
S01047,2026-04-26,8,71
S01047,2026-04-26,9,46
S01047,2026-04-27,9,35
S01047,2026-04-29,10,53
S01047,2026-04-30,10,25
S01047,2026-05-01,10,64
S01048,2026-04-18,1,63
S01048,2026-04-19,1,59
S01048,2026-04-19,2,38
S01048,2026-04-21,3,65
S01048,2026-04-22,3,33
S01048,2026-04-22,4,74
S01048,2026-04-23,4,30
S01048,2026-04-25,5,63
S01048,2026-04-26,5,74
S01048,2026-04-26,6,52
S01048,2026-04-29,7,33
S01048,2026-04-30,7,29
S01048,2026-05-01,7,61
S01048,2026-05-01,8,41
S01048,2026-05-02,8,71
S01048,2026-05-03,8,60
S01048,2026-05-04,9,43
S01048,2026-05-05,9,62
S01048,2026-05-06,9,56
S01048,2026-05-06,10,42
S01048,2026-05-07,10,44
S01048,2026-05-08,10,74
S01049,2026-05-06,1,18
S01049,2026-05-07,2,5
S01050,2026-05-24,1,69
S01050,2026-05-26,2,51
S01050,2026-05-27,2,42
S01050,2026-05-29,3,36
S01050,2026-05-30,3,26
S01050,2026-05-31,3,29
S01050,2026-05-30,4,34
S01050,2026-05-31,4,68
S01050,2026-05-31,5,57
S01050,2026-06-02,6,57
S01050,2026-06-03,7,31
S01050,2026-06-04,7,58
S01050,2026-06-05,8,50
S01050,2026-06-08,9,71
S01050,2026-06-11,10,59
S01050,2026-06-12,10,72
S01050,2026-06-13,10,50
S01051,2026-01-02,1,7
S01051,2026-01-03,2,6
S01052,2026-04-07,1,24
S01052,2026-04-08,1,38
S01052,2026-04-09,2,65
S01052,2026-04-10,2,67
S01052,2026-04-11,2,23
S01052,2026-04-11,3,20
S01052,2026-04-13,4,32
S01052,2026-04-14,4,60
S01052,2026-04-14,5,33
S01052,2026-04-15,5,24
S01052,2026-04-16,5,68
S01052,2026-04-17,6,44
S01052,2026-04-18,6,70
S01052,2026-04-20,7,20
S01052,2026-04-21,7,60
S01052,2026-04-22,8,23
S01052,2026-04-23,8,20
S01052,2026-04-24,8,60
S01052,2026-04-24,9,65
S01052,2026-04-25,9,32
S01052,2026-04-26,9,36
S01052,2026-04-25,10,62
S01053,2026-02-21,1,14
S01054,2026-03-06,1,24
S01054,2026-03-07,1,14
S01054,2026-03-08,1,21
S01054,2026-03-11,2,32
S01054,2026-03-12,2,43
S01054,2026-03-13,2,31
S01054,2026-03-17,3,31
S01054,2026-03-18,3,31
S01054,2026-03-24,4,34
S01054,2026-03-25,4,23
S01054,2026-04-05,5,26
S01054,2026-04-06,5,48
S01054,2026-04-07,5,41
S01054,2026-04-19,6,19
S01055,2026-02-20,1,16
S01055,2026-02-22,2,6
S01056,2026-03-23,1,40
S01056,2026-03-24,1,41
S01056,2026-03-25,2,47
S01056,2026-03-26,2,58
S01056,2026-03-27,2,52
S01056,2026-03-26,3,42
S01056,2026-03-27,3,27
S01056,2026-03-28,3,28
S01056,2026-03-27,4,72
S01056,2026-03-28,4,45
S01056,2026-03-29,4,55
S01056,2026-03-29,5,44
S01056,2026-03-30,5,23
S01056,2026-03-31,5,49
S01056,2026-04-01,6,69
S01056,2026-04-02,6,32
S01056,2026-04-03,6,55
S01056,2026-04-03,7,57
S01056,2026-04-04,7,59
S01056,2026-04-05,8,46
S01056,2026-04-07,9,32
S01056,2026-04-08,9,27
S01056,2026-04-09,10,47
S01056,2026-04-10,10,42
S01057,2026-04-22,1,42
S01057,2026-04-23,1,16
S01057,2026-04-24,1,18
S01057,2026-04-29,2,12
S01057,2026-04-30,2,25
S01057,2026-05-05,3,29
S01057,2026-05-12,4,8
S01057,2026-05-13,4,48
S01057,2026-05-22,5,35
S01057,2026-05-23,5,19
S01057,2026-06-05,6,43
S01057,2026-06-06,6,7
S01057,2026-06-07,6,47
S01057,2026-06-18,7,39
S01057,2026-06-19,7,13
S01057,2026-06-20,7,38
S01058,2026-02-12,1,40
S01058,2026-02-13,1,29
S01058,2026-02-14,1,65
S01058,2026-02-13,2,49
S01058,2026-02-14,3,34
S01058,2026-02-15,3,57
S01058,2026-02-16,3,49
S01058,2026-02-15,4,22
S01058,2026-02-16,5,33
S01058,2026-02-17,5,44
S01058,2026-02-18,5,58
S01058,2026-02-19,6,44
S01058,2026-02-20,6,36
S01058,2026-02-20,7,23
S01058,2026-02-21,7,36
S01058,2026-02-21,8,44
S01058,2026-02-24,9,73
S01058,2026-02-26,10,67
S01058,2026-02-27,10,55
S01058,2026-02-28,10,35
S01059,2026-02-01,1,60
S01059,2026-02-02,1,47
S01059,2026-02-03,1,32
S01059,2026-02-04,2,54
S01059,2026-02-05,2,71
S01059,2026-02-05,3,65
S01059,2026-02-06,3,26
S01059,2026-02-06,4,71
S01059,2026-02-08,5,38
S01059,2026-02-11,6,57
S01059,2026-02-12,6,37
S01059,2026-02-12,7,27
S01059,2026-02-13,7,30
S01059,2026-02-15,8,46
S01059,2026-02-16,8,54
S01059,2026-02-17,8,21
S01059,2026-02-18,9,74
S01059,2026-02-19,9,51
S01059,2026-02-20,9,32
S01059,2026-02-21,10,37
S01059,2026-02-22,10,24
S01060,2026-05-20,1,45
S01060,2026-05-21,1,15
S01060,2026-05-24,2,27
S01060,2026-05-25,2,12
S01060,2026-05-26,2,43
S01060,2026-05-31,3,18
S01060,2026-06-01,3,45
S01060,2026-06-08,4,9
S01060,2026-06-09,4,44
S01060,2026-06-18,5,29
S01060,2026-06-19,5,17
S01060,2026-07-01,6,13
S01060,2026-07-02,6,23
S01060,2026-07-10,7,43
S01060,2026-07-11,7,5
S01060,2026-07-12,7,28
S01060,2026-07-23,8,24
S01060,2026-07-24,8,15
S01062,2026-03-30,1,6
S01062,2026-04-01,2,13
S01063,2026-04-13,1,46
S01063,2026-04-14,1,33
S01063,2026-04-20,2,27
S01063,2026-04-21,2,21
S01063,2026-04-25,3,53
S01063,2026-04-26,3,53
S01063,2026-05-06,4,29
S01063,2026-05-07,4,7
S01063,2026-05-08,4,45
S01063,2026-05-17,5,33
S01063,2026-05-18,5,19
S01063,2026-05-19,5,40
S01063,2026-05-24,6,28
S01064,2026-01-11,1,45
S01064,2026-01-12,1,23
S01064,2026-01-13,1,62
S01064,2026-01-13,2,22
S01064,2026-01-14,2,69
S01064,2026-01-14,3,32
S01064,2026-01-17,4,72
S01064,2026-01-18,4,56
S01064,2026-01-19,5,27
S01064,2026-01-21,6,37
S01064,2026-01-22,6,41
S01064,2026-01-24,7,55
S01064,2026-01-25,8,63
S01064,2026-01-26,8,62
S01064,2026-01-27,8,64
S01064,2026-01-27,9,35
S01064,2026-01-28,9,66
S01064,2026-01-29,10,48
S01064,2026-01-30,10,32
S01065,2026-04-18,1,61
S01065,2026-04-19,1,73
S01065,2026-04-19,2,43
S01065,2026-04-21,3,43
S01065,2026-04-22,3,45
S01065,2026-04-23,4,49
S01065,2026-04-24,4,74
S01065,2026-04-25,4,54
S01065,2026-04-24,5,33
S01065,2026-04-26,6,59
S01065,2026-04-27,6,33
S01065,2026-04-28,6,55
S01065,2026-04-28,7,56
S01065,2026-04-30,8,36
S01065,2026-05-01,8,71
S01065,2026-05-02,8,31
S01065,2026-05-03,9,26
S01065,2026-05-04,9,43
S01065,2026-05-04,10,45
S01066,2026-01-24,1,35
S01066,2026-01-25,1,41
S01066,2026-01-26,1,14
S01066,2026-02-01,2,21
S01066,2026-02-02,2,17
S01066,2026-02-03,2,53
S01067,2026-03-25,1,67
S01067,2026-03-26,1,71
S01067,2026-03-27,2,61
S01067,2026-03-28,3,50
S01067,2026-03-29,3,51
S01067,2026-03-29,4,62
S01067,2026-03-30,5,62
S01067,2026-03-31,5,70
S01067,2026-04-02,6,72
S01067,2026-04-03,7,63
S01067,2026-04-04,7,31
S01067,2026-04-04,8,48
S01067,2026-04-05,8,54
S01067,2026-04-06,8,47
S01067,2026-04-07,9,24
S01067,2026-04-08,9,26
S01067,2026-04-09,9,70
S01067,2026-04-08,10,40
S01067,2026-04-09,10,49
S01067,2026-04-10,10,33
S01068,2026-05-07,1,72
S01068,2026-05-08,1,24
S01068,2026-05-09,1,54
S01068,2026-05-10,2,60
S01068,2026-05-11,2,27
S01068,2026-05-11,3,61
S01068,2026-05-12,3,50
S01068,2026-05-13,3,56
S01068,2026-05-14,4,35
S01068,2026-05-15,5,22
S01068,2026-05-17,6,52
S01068,2026-05-19,7,53
S01068,2026-05-20,7,70
S01068,2026-05-20,8,45
S01068,2026-05-21,8,28
S01068,2026-05-22,8,27
S01068,2026-05-23,9,66
S01068,2026-05-24,10,22
S01068,2026-05-25,10,28
S01069,2026-04-02,1,43
S01069,2026-04-03,1,46
S01069,2026-04-05,2,22
S01069,2026-04-06,2,49
S01069,2026-04-07,2,46
S01069,2026-04-08,3,37
S01069,2026-04-09,3,54
S01069,2026-04-10,3,46
S01069,2026-04-10,4,61
S01069,2026-04-13,5,65
S01069,2026-04-15,6,35
S01069,2026-04-16,6,65
S01069,2026-04-16,7,45
S01069,2026-04-17,7,32
S01069,2026-04-19,8,71
S01069,2026-04-21,9,64
S01069,2026-04-22,9,57
S01069,2026-04-23,10,35
S01069,2026-04-24,10,37
S01069,2026-04-25,10,53
S01070,2026-02-18,1,27
S01070,2026-02-19,1,48
S01070,2026-02-20,1,71
S01070,2026-02-19,2,43
S01070,2026-02-20,2,64
S01070,2026-02-21,2,35
S01070,2026-02-21,3,34
S01070,2026-02-22,4,59
S01070,2026-02-23,4,40
S01070,2026-02-24,4,71
S01070,2026-02-23,5,22
S01070,2026-02-24,6,56
S01070,2026-02-25,6,25
S01070,2026-02-26,6,65
S01070,2026-02-25,7,22
S01070,2026-02-27,8,48
S01070,2026-02-28,9,40
S01070,2026-03-01,9,26
S01070,2026-03-02,9,20
S01070,2026-03-03,10,62
S01070,2026-03-04,10,31
S01071,2026-04-22,1,28
S01071,2026-04-23,1,43
S01071,2026-04-24,1,21
S01071,2026-04-25,2,64
S01071,2026-04-28,3,53
S01071,2026-04-30,4,67
S01071,2026-05-01,4,42
S01071,2026-05-02,4,72
S01071,2026-05-01,5,52
S01071,2026-05-02,5,23
S01071,2026-05-03,6,52
S01071,2026-05-05,7,21
S01071,2026-05-06,7,32
S01071,2026-05-06,8,50
S01071,2026-05-07,8,21
S01071,2026-05-08,8,21
S01071,2026-05-08,9,74
S01071,2026-05-09,9,54
S01071,2026-05-10,9,65
S01071,2026-05-09,10,34
S01071,2026-05-10,10,49
S01072,2026-02-05,1,67
S01072,2026-02-07,2,45
S01072,2026-02-08,2,70
S01072,2026-02-10,3,64
S01072,2026-02-11,3,23
S01072,2026-02-12,3,44
S01072,2026-02-12,4,44
S01072,2026-02-15,5,28
S01072,2026-02-16,5,74
S01072,2026-02-17,6,24
S01072,2026-02-18,7,63
S01072,2026-02-19,7,23
S01072,2026-02-20,7,51
S01072,2026-02-20,8,25
S01072,2026-02-21,8,36
S01072,2026-02-22,8,37
S01072,2026-02-21,9,70
S01072,2026-02-22,9,20
S01072,2026-02-23,9,30
S01072,2026-02-22,10,47
S01073,2026-01-10,1,74
S01073,2026-01-11,1,42
S01073,2026-01-12,1,42
S01073,2026-01-13,2,69
S01073,2026-01-14,2,42
S01073,2026-01-15,3,37
S01073,2026-01-16,3,53
S01073,2026-01-17,3,53
S01073,2026-01-18,4,45
S01073,2026-01-19,4,54
S01073,2026-01-21,5,46
S01073,2026-01-22,5,22
S01073,2026-01-23,5,56
S01073,2026-01-24,6,35
S01073,2026-01-26,7,21
S01073,2026-01-28,8,61
S01073,2026-01-29,8,23
S01073,2026-01-31,9,38
S01073,2026-02-03,10,46
S01074,2026-03-27,1,25
S01074,2026-03-28,2,28
S01074,2026-03-31,3,42
S01074,2026-04-01,3,45
S01074,2026-04-02,3,20
S01074,2026-04-02,4,42
S01074,2026-04-03,5,69
S01074,2026-04-04,5,28
S01074,2026-04-05,5,23
S01074,2026-04-04,6,25
S01074,2026-04-07,7,56
S01074,2026-04-08,7,30
S01074,2026-04-09,8,72
S01074,2026-04-10,9,43
S01074,2026-04-11,9,68
S01074,2026-04-11,10,20
S01074,2026-04-12,10,74
S01075,2026-02-27,1,11
S01076,2026-02-15,1,23
S01076,2026-02-18,2,41
S01076,2026-02-20,3,35
S01076,2026-02-21,4,35
S01076,2026-02-22,4,37
S01076,2026-02-23,4,44
S01076,2026-02-22,5,67
S01076,2026-02-23,5,40
S01076,2026-02-25,6,49
S01076,2026-02-26,6,73
S01076,2026-02-28,7,22
S01076,2026-03-01,7,73
S01076,2026-03-01,8,58
S01076,2026-03-02,8,64
S01076,2026-03-03,9,30
S01076,2026-03-04,9,73
S01076,2026-03-05,9,57
S01076,2026-03-05,10,31
S01076,2026-03-06,10,74
S01077,2026-01-28,1,61
S01077,2026-01-29,1,58
S01077,2026-01-29,2,41
S01077,2026-02-01,3,50
S01077,2026-02-02,3,62
S01077,2026-02-04,4,49
S01077,2026-02-05,4,23
S01077,2026-02-06,4,70
S01077,2026-02-06,5,33
S01077,2026-02-07,5,55
S01077,2026-02-08,6,25
S01077,2026-02-09,6,56
S01077,2026-02-11,7,58
S01077,2026-02-12,7,38
S01077,2026-02-14,8,50
S01077,2026-02-17,9,66
S01077,2026-02-18,9,52
S01077,2026-02-18,10,26
S01077,2026-02-19,10,66
S01077,2026-02-20,10,54
S01078,2026-05-20,1,55
S01078,2026-05-21,1,36
S01078,2026-05-22,1,33
S01078,2026-05-28,2,44
S01078,2026-05-29,2,36
S01078,2026-06-07,3,43
S01078,2026-06-08,3,37
S01078,2026-06-09,3,14
S01078,2026-06-18,4,22
S01078,2026-06-19,4,20
S01078,2026-06-30,5,20
S01078,2026-07-01,5,22
S01078,2026-07-12,6,9
S01078,2026-07-13,6,16
S01078,2026-07-14,6,32
S01079,2026-01-03,1,37
S01079,2026-01-04,1,70
S01079,2026-01-06,2,67
S01079,2026-01-09,3,71
S01079,2026-01-10,3,59
S01079,2026-01-12,4,34
S01079,2026-01-13,4,45
S01079,2026-01-14,5,36
S01079,2026-01-16,6,48
S01079,2026-01-17,6,72
S01079,2026-01-18,6,37
S01079,2026-01-17,7,73
S01079,2026-01-18,7,37
S01079,2026-01-18,8,47
S01079,2026-01-19,8,27
S01079,2026-01-20,8,65
S01079,2026-01-20,9,69
S01079,2026-01-21,9,38
S01079,2026-01-21,10,40
S01079,2026-01-22,10,45
S01080,2026-02-01,1,15
S01080,2026-02-02,2,11
S01081,2026-06-01,1,39
S01081,2026-06-02,1,49
S01081,2026-06-05,2,45
S01081,2026-06-06,2,46
S01081,2026-06-07,2,48
S01081,2026-06-09,3,32
S01081,2026-06-10,3,34
S01081,2026-06-14,4,34
S01081,2026-06-22,5,19
S01081,2026-06-23,5,10
S01081,2026-07-02,6,31
S01081,2026-07-03,6,21
S01081,2026-07-04,6,12
S01081,2026-07-12,7,6
S01081,2026-07-13,7,30
S01081,2026-07-26,8,5
S01081,2026-07-27,8,32
S01082,2026-03-28,1,24
S01082,2026-03-30,2,45
S01082,2026-03-31,3,23
S01082,2026-04-03,4,32
S01082,2026-04-06,5,34
S01082,2026-04-07,5,24
S01082,2026-04-08,6,43
S01082,2026-04-09,6,64
S01082,2026-04-10,6,29
S01082,2026-04-11,7,62
S01082,2026-04-13,8,51
S01082,2026-04-16,9,50
S01082,2026-04-17,10,50
S01083,2026-01-31,1,23
S01083,2026-02-01,1,39
S01083,2026-02-01,2,71
S01083,2026-02-02,2,20
S01083,2026-02-04,3,64
S01083,2026-02-07,4,52
S01083,2026-02-08,4,34
S01083,2026-02-09,4,23
S01083,2026-02-10,5,22
S01083,2026-02-11,5,42
S01083,2026-02-11,6,31
S01083,2026-02-14,7,50
S01083,2026-02-16,8,32
S01083,2026-02-18,9,62
S01083,2026-02-19,9,47
S01083,2026-02-20,10,38
S01083,2026-02-21,10,38
S01085,2026-03-08,1,9
S01086,2026-01-14,1,71
S01086,2026-01-15,1,32
S01086,2026-01-15,2,68
S01086,2026-01-16,3,45
S01086,2026-01-17,4,53
S01086,2026-01-18,5,26
S01086,2026-01-21,6,31
S01086,2026-01-22,6,34
S01086,2026-01-23,6,23
S01086,2026-01-22,7,68
S01086,2026-01-23,7,56
S01086,2026-01-23,8,31
S01086,2026-01-24,9,49
S01086,2026-01-26,10,61
S01087,2026-02-06,1,17
S01087,2026-02-14,2,23
S01087,2026-02-15,2,29
S01087,2026-02-16,2,13
S01087,2026-02-26,3,22
S01087,2026-03-12,4,37
S01088,2026-01-21,1,44
S01088,2026-01-24,2,32
S01088,2026-01-25,2,39
S01088,2026-01-26,2,62
S01088,2026-01-27,3,28
S01088,2026-01-30,4,58
S01088,2026-01-31,4,40
S01088,2026-01-31,5,65
S01088,2026-02-01,5,46
S01088,2026-02-02,5,66
S01088,2026-02-03,6,38
S01088,2026-02-06,7,34
S01088,2026-02-07,7,21
S01088,2026-02-09,8,38
S01088,2026-02-10,8,66
S01088,2026-02-11,8,31
S01088,2026-02-10,9,39
S01088,2026-02-11,9,70
S01088,2026-02-13,10,52
S01088,2026-02-14,10,72
S01090,2026-02-17,1,22
S01090,2026-02-18,1,74
S01090,2026-02-19,2,33
S01090,2026-02-20,3,34
S01090,2026-02-21,4,54
S01090,2026-02-22,5,72
S01090,2026-02-23,5,41
S01090,2026-02-24,5,54
S01090,2026-02-24,6,42
S01090,2026-02-25,7,65
S01090,2026-02-27,8,46
S01090,2026-02-28,8,47
S01090,2026-03-01,8,50
S01090,2026-03-02,9,74
S01090,2026-03-03,9,44
S01090,2026-03-03,10,70
S01091,2026-01-31,1,18
S01092,2026-03-17,1,30
S01092,2026-03-18,1,30
S01092,2026-03-26,2,28
S01092,2026-04-08,3,38
S01092,2026-04-09,3,44
S01092,2026-04-24,4,41
S01093,2026-05-07,1,25
S01093,2026-05-14,2,40
S01093,2026-05-19,3,27
S01093,2026-05-27,4,21
S01093,2026-05-28,4,25
S01093,2026-05-29,4,32
S01093,2026-06-11,5,26
S01093,2026-06-12,5,15
S01094,2026-05-30,1,34
S01094,2026-06-02,2,50
S01094,2026-06-03,2,40
S01094,2026-06-04,2,42
S01094,2026-06-04,3,55
S01094,2026-06-05,3,27
S01094,2026-06-06,4,57
S01094,2026-06-07,4,43
S01094,2026-06-09,5,50
S01094,2026-06-10,5,28
S01094,2026-06-12,6,59
S01094,2026-06-15,7,41
S01094,2026-06-16,7,63
S01094,2026-06-17,7,57
S01094,2026-06-18,8,49
S01094,2026-06-21,9,27
S01094,2026-06-22,9,56
S01094,2026-06-23,9,50
S01094,2026-06-23,10,49
S01095,2026-01-18,1,34
S01095,2026-01-20,2,74
S01095,2026-01-21,2,27
S01095,2026-01-22,2,72
S01095,2026-01-22,3,65
S01095,2026-01-23,3,70
S01095,2026-01-24,4,36
S01095,2026-01-25,4,54
S01095,2026-01-26,4,71
S01095,2026-01-25,5,48
S01095,2026-01-26,5,48
S01095,2026-01-27,5,69
S01095,2026-01-27,6,74
S01095,2026-01-28,6,30
S01095,2026-01-29,6,22
S01095,2026-01-28,7,59
S01095,2026-01-29,7,62
S01095,2026-01-30,7,21
S01095,2026-01-29,8,31
S01095,2026-01-30,8,69
S01095,2026-01-31,9,67
S01095,2026-02-02,10,35
S01095,2026-02-03,10,20
S01096,2026-05-12,1,31
S01096,2026-05-13,1,64
S01096,2026-05-15,2,31
S01096,2026-05-18,3,20
S01096,2026-05-21,4,73
S01096,2026-05-22,4,55
S01096,2026-05-22,5,48
S01096,2026-05-23,5,72
S01096,2026-05-24,5,32
S01096,2026-05-24,6,57
S01096,2026-05-25,6,25
S01096,2026-05-26,6,30
S01096,2026-05-27,7,59
S01096,2026-05-28,7,23
S01096,2026-05-29,7,46
S01096,2026-05-30,8,27
S01096,2026-05-31,8,71
S01096,2026-06-01,8,25
S01096,2026-05-31,9,57
S01096,2026-06-01,9,21
S01096,2026-06-01,10,40
S01096,2026-06-02,10,65
S01096,2026-06-03,10,72
S01097,2026-03-24,1,54
S01097,2026-03-25,1,60
S01097,2026-03-26,1,60
S01097,2026-03-27,2,65
S01097,2026-03-28,3,68
S01097,2026-03-30,4,52
S01097,2026-03-31,4,48
S01097,2026-04-01,5,24
S01097,2026-04-02,5,73
S01097,2026-04-03,6,55
S01097,2026-04-04,6,41
S01097,2026-04-05,6,27
S01097,2026-04-05,7,62
S01097,2026-04-06,7,66
S01097,2026-04-07,7,43
S01097,2026-04-06,8,29
S01097,2026-04-08,9,65
S01097,2026-04-10,10,68
S01097,2026-04-11,10,49
S01098,2026-01-29,1,35
S01098,2026-01-30,1,34
S01098,2026-01-31,1,44
S01098,2026-01-30,2,54
S01098,2026-01-31,2,72
S01098,2026-02-01,2,49
S01098,2026-01-31,3,36
S01098,2026-02-01,3,38
S01098,2026-02-01,4,56
S01098,2026-02-02,4,67
S01098,2026-02-03,5,52
S01098,2026-02-04,5,38
S01098,2026-02-05,5,22
S01098,2026-02-05,6,49
S01098,2026-02-06,7,31
S01098,2026-02-08,8,27
S01098,2026-02-09,8,48
S01098,2026-02-11,9,28
S01098,2026-02-12,9,30
S01098,2026-02-14,10,55
S01099,2026-01-17,1,14
S01099,2026-01-23,2,32
S01099,2026-02-01,3,17
S01099,2026-02-02,3,13
S01099,2026-02-11,4,35
S01099,2026-02-12,4,47
S01099,2026-02-20,5,36
S01099,2026-02-21,5,46
S01099,2026-02-22,5,20
S01099,2026-03-05,6,39
S01099,2026-03-06,6,14
S01100,2026-05-28,1,63
S01100,2026-05-29,1,53
S01100,2026-05-31,2,21
S01100,2026-06-01,2,72
S01100,2026-06-02,2,48
S01100,2026-06-02,3,41
S01100,2026-06-03,3,33
S01100,2026-06-05,4,23
S01100,2026-06-08,5,39
S01100,2026-06-09,5,63
S01100,2026-06-11,6,63
S01100,2026-06-12,7,73
S01100,2026-06-13,7,39
S01100,2026-06-14,8,59
S01100,2026-06-15,8,57
S01100,2026-06-16,8,63
S01100,2026-06-16,9,54
S01100,2026-06-18,10,58
S01100,2026-06-19,10,70
S01101,2026-03-19,1,68
S01101,2026-03-20,2,63
S01101,2026-03-21,2,30
S01101,2026-03-22,3,59
S01101,2026-03-23,3,66
S01101,2026-03-23,4,67
S01101,2026-03-24,4,49
S01101,2026-03-26,5,70
S01101,2026-03-27,5,59
S01101,2026-03-28,5,29
S01101,2026-03-27,6,39
S01101,2026-03-28,6,72
S01101,2026-03-29,6,55
S01101,2026-03-29,7,64
S01101,2026-03-30,7,64
S01101,2026-03-31,7,72
S01101,2026-03-31,8,56
S01101,2026-04-01,8,60
S01101,2026-04-01,9,67
S01101,2026-04-02,9,60
S01101,2026-04-03,9,36
S01101,2026-04-02,10,73
S01101,2026-04-03,10,40
S01103,2026-05-16,1,19
S01106,2026-04-13,1,54
S01106,2026-04-16,2,20
S01106,2026-04-17,2,45
S01106,2026-04-18,2,30
S01106,2026-04-18,3,42
S01106,2026-04-21,4,62
S01106,2026-04-22,4,43
S01106,2026-04-23,5,41
S01106,2026-04-24,5,42
S01106,2026-04-26,6,58
S01106,2026-04-28,7,62
S01106,2026-04-29,8,62
S01106,2026-04-30,8,65
S01106,2026-05-01,8,35
S01106,2026-04-30,9,40
S01106,2026-05-01,9,29
S01106,2026-05-02,10,55
S01107,2026-02-16,1,58
S01107,2026-02-17,1,50
S01107,2026-02-18,1,23
S01107,2026-02-17,2,29
S01107,2026-02-18,3,72
S01107,2026-02-19,3,68
S01107,2026-02-20,3,38
S01107,2026-02-20,4,32
S01107,2026-02-21,4,54
S01107,2026-02-23,5,30
S01107,2026-02-24,5,67
S01107,2026-02-25,6,22
S01107,2026-02-26,7,55
S01107,2026-02-27,7,47
S01107,2026-02-28,7,47
S01107,2026-02-27,8,28
S01107,2026-03-02,9,40
S01107,2026-03-04,10,32
S01107,2026-03-05,10,24
S01108,2026-04-06,1,44
S01108,2026-04-07,1,41
S01108,2026-04-11,2,40
S01108,2026-04-12,2,16
S01108,2026-04-13,2,48
S01108,2026-04-19,3,20
S01108,2026-04-20,3,23
S01108,2026-04-21,3,28
S01108,2026-04-28,4,37
S01108,2026-05-07,5,12
S01109,2026-02-19,1,42
S01109,2026-02-20,1,55
S01109,2026-02-23,2,28
S01109,2026-02-24,2,15
S01109,2026-03-04,3,25
S01109,2026-03-05,3,33
S01109,2026-03-06,3,27
S01109,2026-03-19,4,24
S01110,2026-04-08,1,48
S01110,2026-04-09,1,32
S01110,2026-04-10,1,69
S01110,2026-04-10,2,74
S01110,2026-04-11,2,58
S01110,2026-04-12,2,35
S01110,2026-04-12,3,52
S01110,2026-04-14,4,62
S01110,2026-04-15,4,36
S01110,2026-04-16,5,50
S01110,2026-04-17,5,24
S01110,2026-04-18,5,37
S01110,2026-04-18,6,47
S01110,2026-04-19,6,62
S01110,2026-04-20,6,43
S01110,2026-04-20,7,37
S01110,2026-04-21,7,23
S01110,2026-04-22,7,59
S01110,2026-04-22,8,38
S01110,2026-04-23,8,48
S01110,2026-04-24,8,52
S01110,2026-04-25,9,74
S01110,2026-04-26,9,52
S01110,2026-04-27,9,60
S01110,2026-04-27,10,69
S01111,2026-04-27,1,47
S01111,2026-04-28,1,17
S01111,2026-05-03,2,42
S01111,2026-05-04,2,25
S01111,2026-05-12,3,42
S01111,2026-05-13,3,34
S01111,2026-05-21,4,44
S01111,2026-05-22,4,20
S01111,2026-05-23,4,34
S01111,2026-06-06,5,29
S01111,2026-06-07,5,49
S01112,2026-01-27,1,54
S01112,2026-01-30,2,26
S01112,2026-01-31,2,57
S01112,2026-02-01,2,50
S01112,2026-02-02,3,28
S01112,2026-02-03,4,42
S01112,2026-02-05,5,56
S01112,2026-02-07,6,65
S01112,2026-02-08,6,24
S01112,2026-02-09,6,34
S01112,2026-02-10,7,62
S01112,2026-02-11,7,42
S01112,2026-02-12,7,23
S01112,2026-02-12,8,21
S01112,2026-02-13,8,59
S01112,2026-02-14,9,39
S01112,2026-02-15,9,21
S01112,2026-02-17,10,40
S01112,2026-02-18,10,67
S01113,2026-01-21,1,21
S01113,2026-01-22,1,47
S01113,2026-01-23,1,74
S01113,2026-01-22,2,63
S01113,2026-01-23,2,54
S01113,2026-01-24,2,41
S01113,2026-01-23,3,54
S01113,2026-01-24,4,28
S01113,2026-01-25,5,69
S01113,2026-01-28,6,70
S01113,2026-01-29,6,56
S01113,2026-01-31,7,49
S01113,2026-02-01,7,43
S01113,2026-02-02,8,46
S01113,2026-02-03,8,48
S01113,2026-02-04,8,21
S01113,2026-02-03,9,71
S01113,2026-02-04,9,63
S01113,2026-02-05,9,47
S01113,2026-02-04,10,51
S01114,2026-03-13,1,42
S01114,2026-03-14,1,35
S01114,2026-03-15,1,69
S01114,2026-03-16,2,61
S01114,2026-03-17,2,64
S01114,2026-03-18,2,43
S01114,2026-03-17,3,23
S01114,2026-03-18,3,63
S01114,2026-03-20,4,48
S01114,2026-03-22,5,33
S01114,2026-03-23,5,59
S01114,2026-03-25,6,53
S01114,2026-03-26,6,65
S01114,2026-03-27,6,62
S01114,2026-03-27,7,24
S01114,2026-03-28,7,57
S01114,2026-03-29,8,62
S01114,2026-03-30,8,50
S01114,2026-03-31,8,72
S01114,2026-04-01,9,41
S01114,2026-04-03,10,25
S01115,2026-05-20,1,29
S01115,2026-05-21,1,46
S01115,2026-05-25,2,48
S01115,2026-05-26,2,11
S01115,2026-06-03,3,34
S01115,2026-06-04,3,50
S01115,2026-06-12,4,15
S01115,2026-06-13,4,48
S01115,2026-06-14,4,29
S01115,2026-06-22,5,33
S01115,2026-06-23,5,45
S01116,2026-01-26,1,23
S01116,2026-01-27,1,42
S01116,2026-01-30,2,35
S01116,2026-01-31,2,34
S01116,2026-02-01,2,40
S01116,2026-02-05,3,48
S01116,2026-02-13,4,33
S01116,2026-02-21,5,30
S01116,2026-02-22,5,48
S01116,2026-03-06,6,45
S01116,2026-03-07,6,5
S01116,2026-03-08,6,25
S01116,2026-03-16,7,26
S01116,2026-03-28,8,19
S01117,2026-05-08,1,40
S01117,2026-05-09,1,73
S01117,2026-05-10,1,74
S01117,2026-05-09,2,41
S01117,2026-05-12,3,32
S01117,2026-05-13,3,41
S01117,2026-05-14,4,58
S01117,2026-05-17,5,32
S01117,2026-05-18,5,73
S01117,2026-05-19,5,31
S01117,2026-05-20,6,37
S01117,2026-05-21,6,74
S01117,2026-05-22,6,68
S01117,2026-05-23,7,61
S01117,2026-05-24,8,72
S01117,2026-05-25,8,74
S01117,2026-05-25,9,24
S01117,2026-05-27,10,29
S01117,2026-05-28,10,24
S01117,2026-05-29,10,33
S01118,2026-03-19,1,7
S01119,2026-03-27,1,63
S01119,2026-03-28,1,47
S01119,2026-03-29,1,73
S01119,2026-03-30,2,33
S01119,2026-03-31,2,33
S01119,2026-04-01,2,63
S01119,2026-04-01,3,20
S01119,2026-04-02,3,61
S01119,2026-04-03,3,37
S01119,2026-04-04,4,35
S01119,2026-04-07,5,25
S01119,2026-04-08,5,43
S01119,2026-04-10,6,74
S01119,2026-04-11,7,23
S01119,2026-04-13,8,54
S01119,2026-04-14,8,74
S01119,2026-04-14,9,23
S01119,2026-04-15,9,34
S01119,2026-04-16,9,35
S01119,2026-04-17,10,57
S01119,2026-04-18,10,43
S01120,2026-02-06,1,71
S01120,2026-02-09,2,73
S01120,2026-02-12,3,26
S01120,2026-02-13,3,64
S01120,2026-02-14,3,43
S01120,2026-02-15,4,63
S01120,2026-02-16,4,34
S01120,2026-02-17,4,61
S01120,2026-02-16,5,51
S01120,2026-02-17,5,36
S01120,2026-02-18,6,39
S01120,2026-02-19,6,20
S01120,2026-02-20,6,36
S01120,2026-02-19,7,74
S01120,2026-02-20,7,20
S01120,2026-02-21,7,36
S01120,2026-02-22,8,62
S01120,2026-02-23,8,21
S01120,2026-02-23,9,66
S01120,2026-02-24,9,28
S01120,2026-02-25,9,27
S01120,2026-02-25,10,72
S01120,2026-02-26,10,48
S01120,2026-02-27,10,29
S01121,2026-03-16,1,8
S01122,2026-01-08,1,12
S01123,2026-02-15,1,9
S01124,2026-05-07,1,32
S01124,2026-05-08,1,54
S01124,2026-05-09,1,19
S01124,2026-05-15,2,39
S01124,2026-05-23,3,40
S01124,2026-05-24,3,15
S01124,2026-05-25,3,18
S01124,2026-06-04,4,18
S01125,2026-01-12,1,45
S01125,2026-01-18,2,41
S01125,2026-01-19,2,55
S01125,2026-01-24,3,16
S01125,2026-01-25,3,40
S01125,2026-02-01,4,16
S01125,2026-02-09,5,38
S01125,2026-02-10,5,41
S01125,2026-02-11,5,12
S01125,2026-02-17,6,44
S01125,2026-03-02,7,12
S01125,2026-03-11,8,41
S01125,2026-03-12,8,31
S01126,2026-03-25,1,18
S01126,2026-03-31,2,44
S01126,2026-04-01,2,13
S01126,2026-04-09,3,15
S01126,2026-04-22,4,34
S01126,2026-04-23,4,33
S01126,2026-05-05,5,9
S01126,2026-05-06,5,26
S01126,2026-05-07,5,19
S01127,2026-03-24,1,36
S01127,2026-03-26,2,49
S01127,2026-03-28,3,74
S01127,2026-03-30,4,32
S01127,2026-03-31,4,71
S01127,2026-03-31,5,26
S01127,2026-04-02,6,43
S01127,2026-04-04,7,68
S01127,2026-04-05,7,70
S01127,2026-04-07,8,59
S01127,2026-04-08,9,65
S01127,2026-04-11,10,22
S01127,2026-04-12,10,32
S01127,2026-04-13,10,71
S01128,2026-05-15,1,55
S01128,2026-05-16,2,66
S01128,2026-05-17,2,69
S01128,2026-05-17,3,42
S01128,2026-05-19,4,58
S01128,2026-05-20,4,20
S01128,2026-05-20,5,32
S01128,2026-05-21,5,56
S01128,2026-05-21,6,31
S01128,2026-05-22,6,74
S01128,2026-05-24,7,49
S01128,2026-05-25,7,73
S01128,2026-05-26,7,45
S01128,2026-05-25,8,49
S01128,2026-05-27,9,67
S01128,2026-05-29,10,38
S01128,2026-05-30,10,30
S01129,2026-04-26,1,23
S01129,2026-04-28,2,51
S01129,2026-04-30,3,29
S01129,2026-05-02,4,44
S01129,2026-05-03,4,21
S01129,2026-05-03,5,62
S01129,2026-05-04,5,63
S01129,2026-05-06,6,67
S01129,2026-05-07,7,42
S01129,2026-05-08,7,57
S01129,2026-05-09,7,51
S01129,2026-05-09,8,38
S01129,2026-05-10,8,47
S01129,2026-05-12,9,67
S01129,2026-05-13,9,64
S01129,2026-05-14,9,49
S01129,2026-05-13,10,70
S01129,2026-05-14,10,36
S01130,2026-03-24,1,61
S01130,2026-03-25,1,45
S01130,2026-03-26,2,36
S01130,2026-03-27,2,53
S01130,2026-03-28,2,60
S01130,2026-03-27,3,38
S01130,2026-03-28,3,23
S01130,2026-03-29,3,69
S01130,2026-03-29,4,33
S01130,2026-03-30,4,68
S01130,2026-03-31,4,60
S01130,2026-04-01,5,40
S01130,2026-04-02,5,45
S01130,2026-04-03,5,20
S01130,2026-04-03,6,31
S01130,2026-04-04,6,57
S01130,2026-04-04,7,58
S01130,2026-04-05,7,54
S01130,2026-04-06,7,73
S01130,2026-04-05,8,29
S01130,2026-04-06,8,30
S01130,2026-04-08,9,32
S01130,2026-04-09,9,35
S01130,2026-04-09,10,27
S01130,2026-04-10,10,57
S01131,2026-02-03,1,35
S01131,2026-02-04,1,20
S01131,2026-02-05,1,35
S01131,2026-02-09,2,13
S01131,2026-02-14,3,9
S01131,2026-02-20,4,14
S01131,2026-02-21,4,43
S01131,2026-03-03,5,10
S01131,2026-03-04,5,44
S01131,2026-03-13,6,47
S01131,2026-03-14,6,46
S01131,2026-03-15,6,31
S01131,2026-03-19,7,37
S01131,2026-03-27,8,19
S01131,2026-03-28,8,9
S01132,2026-04-20,1,51
S01132,2026-04-21,2,63
S01132,2026-04-22,2,69
S01132,2026-04-23,2,45
S01132,2026-04-24,3,57
S01132,2026-04-25,3,68
S01132,2026-04-27,4,46
S01132,2026-04-28,5,27
S01132,2026-04-29,5,61
S01132,2026-04-30,5,36
S01132,2026-05-01,6,55
S01132,2026-05-02,6,58
S01132,2026-05-03,7,72
S01132,2026-05-04,7,52
S01132,2026-05-05,7,72
S01132,2026-05-06,8,66
S01132,2026-05-07,8,21
S01132,2026-05-08,8,20
S01132,2026-05-08,9,48
S01132,2026-05-09,10,25
S01132,2026-05-10,10,63
S01132,2026-05-11,10,43
S01133,2026-02-11,1,33
S01133,2026-02-12,2,57
S01133,2026-02-14,3,35
S01133,2026-02-15,3,31
S01133,2026-02-16,3,33
S01133,2026-02-17,4,24
S01133,2026-02-18,4,31
S01133,2026-02-19,4,45
S01133,2026-02-18,5,30
S01133,2026-02-19,5,52
S01133,2026-02-20,5,60
S01133,2026-02-21,6,36
S01133,2026-02-22,6,46
S01133,2026-02-23,6,27
S01133,2026-02-23,7,24
S01133,2026-02-24,7,51
S01133,2026-02-25,7,44
S01133,2026-02-25,8,28
S01133,2026-02-27,9,35
S01133,2026-03-01,10,51
S01133,2026-03-02,10,27
S01134,2026-04-13,1,66
S01134,2026-04-14,2,48
S01134,2026-04-15,2,36
S01134,2026-04-16,3,29
S01134,2026-04-17,3,25
S01134,2026-04-18,3,67
S01134,2026-04-17,4,60
S01134,2026-04-18,4,38
S01134,2026-04-19,4,70
S01134,2026-04-18,5,39
S01134,2026-04-19,5,55
S01134,2026-04-20,5,24
S01134,2026-04-19,6,29
S01134,2026-04-22,7,64
S01134,2026-04-25,8,51
S01134,2026-04-26,8,24
S01134,2026-04-28,9,48
S01134,2026-04-29,9,42
S01134,2026-04-30,9,38
S01134,2026-04-30,10,42
S01134,2026-05-01,10,28
S01134,2026-05-02,10,70
S01135,2026-04-24,1,14
S01135,2026-05-03,2,18
S01135,2026-05-04,2,44
S01135,2026-05-15,3,52
S01136,2026-04-23,1,48
S01136,2026-04-24,1,61
S01136,2026-04-25,1,22
S01136,2026-04-26,2,23
S01136,2026-04-27,2,33
S01136,2026-04-27,3,73
S01136,2026-04-28,3,72
S01136,2026-04-29,3,21
S01136,2026-04-30,4,47
S01136,2026-05-01,4,49
S01136,2026-05-03,5,64
S01136,2026-05-04,5,72
S01136,2026-05-05,5,45
S01136,2026-05-05,6,42
S01136,2026-05-06,6,21
S01136,2026-05-07,6,28
S01136,2026-05-08,7,41
S01136,2026-05-09,7,63
S01136,2026-05-10,7,53
S01136,2026-05-10,8,53
S01136,2026-05-11,8,54
S01136,2026-05-13,9,67
S01136,2026-05-14,10,62
S01137,2026-02-16,1,11
S01137,2026-02-17,2,8
S01138,2026-05-15,1,50
S01138,2026-05-16,1,23
S01138,2026-05-16,2,69
S01138,2026-05-17,2,42
S01138,2026-05-18,2,70
S01138,2026-05-17,3,28
S01138,2026-05-18,4,62
S01138,2026-05-19,4,33
S01138,2026-05-20,4,36
S01138,2026-05-20,5,58
S01138,2026-05-21,5,44
S01138,2026-05-22,5,30
S01138,2026-05-22,6,60
S01138,2026-05-23,7,38
S01138,2026-05-24,7,35
S01138,2026-05-25,7,21
S01138,2026-05-25,8,35
S01138,2026-05-26,8,48
S01138,2026-05-27,9,63
S01138,2026-05-30,10,60
S01139,2026-04-04,1,50
S01139,2026-04-05,1,74
S01139,2026-04-07,2,51
S01139,2026-04-10,3,65
S01139,2026-04-11,3,20
S01139,2026-04-12,4,66
S01139,2026-04-13,4,72
S01139,2026-04-15,5,66
S01139,2026-04-16,5,20
S01139,2026-04-17,5,54
S01139,2026-04-16,6,27
S01139,2026-04-17,7,57
S01139,2026-04-18,7,25
S01139,2026-04-19,8,74
S01139,2026-04-20,9,53
S01139,2026-04-21,9,67
S01139,2026-04-23,10,44
S01139,2026-04-24,10,71
S01139,2026-04-25,10,24
S01140,2026-02-15,1,56
S01140,2026-02-21,2,54
S01140,2026-02-22,2,51
S01140,2026-02-23,2,16
S01140,2026-02-27,3,27
S01140,2026-02-28,3,12
S01140,2026-03-01,3,12
S01140,2026-03-05,4,18
S01140,2026-03-06,4,46
S01140,2026-03-19,5,8
S01140,2026-03-20,5,45
S01140,2026-04-03,6,43
S01140,2026-04-04,6,45
S01141,2026-03-17,1,21
S01141,2026-03-18,1,34
S01141,2026-03-23,2,29
S01141,2026-03-24,2,20
S01141,2026-03-30,3,16
S01141,2026-03-31,3,43
S01141,2026-04-04,4,35
S01141,2026-04-05,4,8
S01141,2026-04-06,4,34
S01141,2026-04-18,5,35
S01141,2026-04-19,5,27
S01141,2026-05-01,6,46
S01141,2026-05-02,6,5
S01141,2026-05-03,6,46
S01141,2026-05-10,7,11
S01141,2026-05-11,7,12
S01142,2026-03-26,1,37
S01142,2026-03-27,1,59
S01142,2026-03-27,2,27
S01142,2026-03-28,2,67
S01142,2026-03-29,2,62
S01142,2026-03-30,3,59
S01142,2026-03-31,3,21
S01142,2026-04-02,4,26
S01142,2026-04-03,4,23
S01142,2026-04-04,4,72
S01142,2026-04-05,5,31
S01142,2026-04-06,5,29
S01142,2026-04-06,6,23
S01142,2026-04-09,7,52
S01142,2026-04-10,8,52
S01142,2026-04-13,9,52
S01142,2026-04-14,9,29
S01142,2026-04-14,10,58
S01142,2026-04-15,10,53
S01142,2026-04-16,10,41
S01143,2026-01-11,1,14
S01143,2026-01-20,2,34
S01143,2026-01-21,2,25
S01143,2026-02-02,3,14
S01143,2026-02-09,4,32
S01143,2026-02-10,4,40
S01143,2026-02-11,4,36
S01144,2026-05-01,1,39
S01144,2026-05-02,1,43
S01144,2026-05-07,2,24
S01144,2026-05-08,2,28
S01144,2026-05-09,2,11
S01144,2026-05-12,3,47
S01144,2026-05-13,3,35
S01144,2026-05-14,3,24
S01144,2026-05-21,4,31
S01144,2026-05-22,4,7
S01144,2026-05-23,4,23
S01144,2026-06-01,5,6
S01144,2026-06-02,5,29
S01145,2026-05-11,1,25
S01145,2026-05-12,1,67
S01145,2026-05-13,1,39
S01145,2026-05-14,2,37
S01145,2026-05-15,2,40
S01145,2026-05-16,2,54
S01145,2026-05-15,3,37
S01145,2026-05-16,3,59
S01145,2026-05-17,4,53
S01145,2026-05-19,5,23
S01145,2026-05-20,5,22
S01145,2026-05-21,5,68
S01145,2026-05-21,6,32
S01145,2026-05-24,7,60
S01145,2026-05-25,7,36
S01145,2026-05-26,7,66
S01145,2026-05-27,8,20
S01145,2026-05-30,9,54
S01145,2026-06-02,10,23
S01146,2026-01-16,1,10
S01146,2026-01-17,2,8
S01147,2026-02-25,1,22
S01147,2026-03-08,2,24
S01148,2026-05-28,1,32
S01148,2026-05-29,1,26
S01148,2026-06-06,2,30
S01148,2026-06-07,2,52
S01148,2026-06-08,2,54
S01148,2026-06-18,3,40
S01148,2026-06-19,3,44
S01148,2026-07-01,4,35
S01148,2026-07-02,4,48
S01150,2026-03-16,1,13
S01150,2026-03-17,2,14
S01151,2026-01-23,1,53
S01151,2026-01-31,2,11
S01152,2026-04-12,1,23
S01152,2026-04-13,1,35
S01152,2026-04-17,2,44
S01152,2026-04-18,2,52
S01152,2026-04-19,2,23
S01152,2026-04-25,3,33
S01152,2026-04-26,3,35
S01152,2026-04-27,3,32
S01152,2026-05-01,4,21
S01152,2026-05-02,4,39
S01152,2026-05-03,4,38
S01152,2026-05-09,5,17
S01152,2026-05-10,5,9
S01152,2026-05-11,5,23
S01152,2026-05-22,6,7
S01152,2026-05-23,6,21
S01153,2026-03-04,1,54
S01153,2026-03-05,1,33
S01153,2026-03-07,2,54
S01153,2026-03-12,3,28
S01153,2026-03-13,3,32
S01153,2026-03-21,4,26
S01153,2026-03-22,4,34
S01153,2026-03-29,5,29
S01153,2026-03-30,5,11
S01153,2026-03-31,5,29
S01153,2026-04-08,6,13
S01153,2026-04-09,6,22
S01153,2026-04-21,7,14
S01153,2026-04-22,7,19
S01153,2026-05-06,8,12
S01154,2026-04-05,1,27
S01154,2026-04-06,1,14
S01154,2026-04-18,2,18
S01154,2026-04-19,2,24
S01154,2026-04-20,2,39
S01155,2026-02-07,1,13
S01155,2026-02-08,1,41
S01155,2026-02-14,2,15
S01155,2026-02-15,2,40
S01155,2026-02-21,3,21
S01155,2026-02-22,3,28
S01155,2026-02-23,3,46
S01155,2026-03-06,4,41
S01156,2026-02-19,1,20
S01156,2026-02-20,1,52
S01156,2026-02-26,2,12
S01156,2026-02-27,2,23
S01156,2026-02-28,2,55
S01156,2026-03-09,3,24
S01156,2026-03-10,3,16
S01157,2026-05-16,1,45
S01157,2026-05-17,1,51
S01157,2026-05-17,2,61
S01157,2026-05-18,2,60
S01157,2026-05-19,2,55
S01157,2026-05-18,3,30
S01157,2026-05-19,3,64
S01157,2026-05-20,3,51
S01157,2026-05-20,4,41
S01157,2026-05-21,4,23
S01157,2026-05-22,4,58
S01157,2026-05-22,5,38
S01157,2026-05-25,6,43
S01157,2026-05-26,7,40
S01157,2026-05-28,8,58
S01157,2026-05-29,8,53
S01157,2026-05-30,8,33
S01157,2026-05-30,9,47
S01157,2026-05-31,9,64
S01157,2026-06-01,9,46
S01157,2026-06-02,10,36
S01158,2026-03-08,1,15
S01160,2026-04-21,1,62
S01160,2026-04-22,1,69
S01160,2026-04-22,2,31
S01160,2026-04-25,3,44
S01160,2026-04-26,3,50
S01160,2026-04-27,3,61
S01160,2026-04-28,4,50
S01160,2026-04-29,5,48
S01160,2026-05-02,6,49
S01160,2026-05-03,6,65
S01160,2026-05-04,6,70
S01160,2026-05-03,7,59
S01160,2026-05-04,7,74
S01160,2026-05-05,7,60
S01160,2026-05-06,8,27
S01160,2026-05-07,8,37
S01160,2026-05-09,9,41
S01160,2026-05-10,10,61
S01161,2026-03-15,1,40
S01161,2026-03-16,1,57
S01161,2026-03-17,1,56
S01161,2026-03-18,2,11
S01161,2026-03-19,2,34
S01161,2026-03-20,2,53
S01161,2026-03-26,3,37
S01161,2026-04-01,4,11
S01161,2026-04-13,5,27
S01161,2026-04-14,5,31
S01161,2026-04-20,6,5
S01161,2026-04-21,6,19
S01161,2026-05-01,7,36
S01162,2026-01-06,1,54
S01162,2026-01-07,1,46
S01162,2026-01-07,2,20
S01162,2026-01-08,3,71
S01162,2026-01-10,4,42
S01162,2026-01-11,4,48
S01162,2026-01-13,5,73
S01162,2026-01-14,5,68
S01162,2026-01-15,5,46
S01162,2026-01-16,6,56
S01162,2026-01-17,6,46
S01162,2026-01-18,6,66
S01162,2026-01-17,7,46
S01162,2026-01-18,7,28
S01162,2026-01-19,7,35
S01162,2026-01-19,8,43
S01162,2026-01-20,8,61
S01162,2026-01-22,9,28
S01162,2026-01-23,9,68
S01162,2026-01-23,10,32
S01162,2026-01-24,10,40
S01163,2026-03-28,1,67
S01163,2026-03-31,2,62
S01163,2026-04-03,3,25
S01163,2026-04-04,4,40
S01163,2026-04-07,5,52
S01163,2026-04-08,6,71
S01163,2026-04-09,6,56
S01163,2026-04-10,6,55
S01163,2026-04-11,7,36
S01163,2026-04-14,8,71
S01163,2026-04-16,9,74
S01163,2026-04-17,9,71
S01163,2026-04-18,10,52
S01164,2026-02-22,1,23
S01164,2026-02-23,1,50
S01164,2026-02-24,1,22
S01164,2026-03-02,2,26
S01164,2026-03-03,2,55
S01164,2026-03-04,2,27
S01164,2026-03-11,3,12
S01164,2026-03-12,3,32
S01164,2026-03-13,3,25
S01164,2026-03-22,4,43
S01164,2026-03-23,4,40
S01164,2026-03-24,4,17
S01164,2026-04-03,5,34
S01164,2026-04-04,5,19
S01165,2026-03-03,1,20
S01165,2026-03-04,1,30
S01165,2026-03-05,1,46
S01165,2026-03-04,2,38
S01165,2026-03-06,3,43
S01165,2026-03-08,4,60
S01165,2026-03-09,4,63
S01165,2026-03-10,5,53
S01165,2026-03-11,5,54
S01165,2026-03-11,6,37
S01165,2026-03-12,7,37
S01165,2026-03-13,8,44
S01165,2026-03-14,8,26
S01165,2026-03-14,9,68
S01165,2026-03-16,10,37
S01165,2026-03-17,10,42
S01165,2026-03-18,10,48
S01166,2026-03-12,1,21
S01166,2026-03-13,1,19
S01166,2026-03-16,2,32
S01166,2026-03-25,3,34
S01166,2026-03-26,3,40
S01166,2026-04-06,4,31
S01166,2026-04-07,4,10
S01166,2026-04-20,5,29
S01166,2026-04-21,5,13
S01166,2026-04-29,6,5
S01167,2026-05-28,1,42
S01167,2026-06-03,2,27
S01167,2026-06-04,2,16
S01167,2026-06-05,2,15
S01167,2026-06-09,3,35
S01167,2026-06-10,3,20
S01167,2026-06-11,3,49
S01167,2026-06-17,4,21
S01167,2026-06-18,4,39
S01167,2026-07-03,5,37
S01167,2026-07-04,5,20
S01168,2026-01-06,1,38
S01168,2026-01-09,2,55
S01168,2026-01-10,3,22
S01168,2026-01-11,4,37
S01168,2026-01-12,4,39
S01168,2026-01-14,5,28
S01168,2026-01-15,5,48
S01168,2026-01-16,5,36
S01168,2026-01-16,6,52
S01168,2026-01-18,7,37
S01168,2026-01-19,7,36
S01168,2026-01-20,8,20
S01168,2026-01-23,9,65
S01168,2026-01-24,9,54
S01168,2026-01-25,9,24
S01168,2026-01-26,10,41
S01168,2026-01-27,10,53
S01168,2026-01-28,10,63
S01169,2026-01-22,1,36
S01169,2026-01-24,2,54
S01169,2026-01-25,2,53
S01169,2026-01-26,2,55
S01169,2026-01-26,3,42
S01169,2026-01-27,4,70
S01169,2026-01-28,4,26
S01169,2026-01-28,5,49
S01169,2026-01-29,5,54
S01169,2026-01-30,5,44
S01169,2026-01-29,6,57
S01169,2026-01-30,6,36
S01169,2026-01-31,6,29
S01169,2026-02-01,7,38
S01169,2026-02-02,7,69
S01169,2026-02-02,8,65
S01169,2026-02-03,9,53
S01169,2026-02-06,10,31
S01169,2026-02-07,10,23
S01169,2026-02-08,10,74
S01170,2026-02-23,1,27
S01170,2026-02-24,1,21
S01170,2026-02-26,2,74
S01170,2026-02-28,3,68
S01170,2026-03-03,4,59
S01170,2026-03-04,4,26
S01170,2026-03-04,5,36
S01170,2026-03-05,5,50
S01170,2026-03-06,5,58
S01170,2026-03-07,6,30
S01170,2026-03-08,6,51
S01170,2026-03-08,7,65
S01170,2026-03-09,7,51
S01170,2026-03-09,8,40
S01170,2026-03-11,9,68
S01170,2026-03-13,10,35
S01170,2026-03-14,10,30
S01170,2026-03-15,10,33
S01171,2026-02-14,1,54
S01171,2026-02-15,1,34
S01171,2026-02-19,2,31
S01171,2026-02-24,3,51
S01171,2026-02-25,3,18
S01171,2026-02-26,3,43
S01171,2026-03-03,4,48
S01171,2026-03-17,5,49
S01171,2026-03-26,6,25
S01171,2026-03-27,6,26
S01172,2026-03-07,1,14
S01172,2026-03-09,2,19
S01173,2026-03-16,1,31
S01173,2026-03-20,2,54
S01173,2026-03-21,2,40
S01173,2026-03-22,2,50
S01173,2026-03-26,3,27
S01173,2026-03-27,3,10
S01173,2026-04-03,4,17
S01173,2026-04-14,5,48
S01173,2026-04-15,5,39
S01173,2026-04-16,5,23
S01173,2026-04-22,6,16
S01173,2026-04-23,6,42
S01173,2026-05-04,7,5
S01173,2026-05-05,7,27
S01173,2026-05-11,8,5
S01173,2026-05-12,8,11
S01174,2026-05-20,1,24
S01174,2026-05-22,2,44
S01174,2026-05-23,2,56
S01174,2026-05-23,3,48
S01174,2026-05-24,3,24
S01174,2026-05-25,3,56
S01174,2026-05-24,4,64
S01174,2026-05-27,5,34
S01174,2026-05-28,5,34
S01174,2026-05-28,6,45
S01174,2026-05-31,7,58
S01174,2026-06-03,8,31
S01174,2026-06-04,9,73
S01174,2026-06-05,10,74
S01174,2026-06-06,10,50
S01175,2026-02-04,1,27
S01175,2026-02-13,2,51
S01175,2026-02-14,2,52
S01175,2026-03-02,3,47
S01175,2026-03-03,3,44
S01176,2026-03-16,1,56
S01176,2026-03-17,1,44
S01176,2026-03-18,2,35
S01176,2026-03-19,2,30
S01176,2026-03-20,2,33
S01176,2026-03-21,3,38
S01176,2026-03-22,3,48
S01176,2026-03-22,4,50
S01176,2026-03-23,4,56
S01176,2026-03-24,5,40
S01176,2026-03-25,5,20
S01176,2026-03-26,5,51
S01176,2026-03-26,6,52
S01176,2026-03-27,6,55
S01176,2026-03-27,7,34
S01176,2026-03-29,8,33
S01176,2026-03-30,8,49
S01176,2026-03-31,8,63
S01176,2026-03-30,9,22
S01176,2026-03-31,9,44
S01176,2026-04-01,10,48
S01176,2026-04-02,10,66
S01176,2026-04-03,10,70
S01177,2026-06-05,1,39
S01177,2026-06-06,1,36
S01177,2026-06-07,1,52
S01177,2026-06-19,2,11
S01177,2026-06-20,2,26
S01177,2026-06-21,2,31
S01178,2026-04-24,1,43
S01178,2026-04-25,1,71
S01178,2026-04-26,1,73
S01178,2026-04-27,2,29
S01178,2026-04-28,2,44
S01178,2026-04-29,3,51
S01178,2026-04-30,3,29
S01178,2026-04-30,4,73
S01178,2026-05-02,5,24
S01178,2026-05-03,5,26
S01178,2026-05-03,6,29
S01178,2026-05-04,6,71
S01178,2026-05-04,7,46
S01178,2026-05-07,8,34
S01178,2026-05-08,8,25
S01178,2026-05-08,9,51
S01178,2026-05-09,9,71
S01178,2026-05-10,9,70
S01178,2026-05-09,10,50
S01178,2026-05-10,10,32
S01178,2026-05-11,10,25
S01179,2026-04-21,1,29
S01179,2026-04-22,1,52
S01179,2026-04-27,2,27
S01179,2026-04-28,2,49
S01179,2026-05-04,3,51
S01179,2026-05-13,4,49
S01179,2026-05-18,5,17
S01179,2026-05-31,6,43
S01179,2026-06-01,6,41
S01179,2026-06-02,6,42
S01179,2026-06-09,7,11
S01180,2026-01-08,1,50
S01180,2026-01-09,1,45
S01180,2026-01-10,2,22
S01180,2026-01-13,3,34
S01180,2026-01-14,3,22
S01180,2026-01-14,4,66
S01180,2026-01-15,4,68
S01180,2026-01-16,4,63
S01180,2026-01-15,5,41
S01180,2026-01-16,5,57
S01180,2026-01-17,5,46
S01180,2026-01-16,6,29
S01180,2026-01-18,7,23
S01180,2026-01-19,7,48
S01180,2026-01-20,7,28
S01180,2026-01-19,8,34
S01180,2026-01-20,8,72
S01180,2026-01-21,8,30
S01180,2026-01-22,9,65
S01180,2026-01-23,9,23
S01180,2026-01-24,9,40
S01180,2026-01-25,10,32
S01180,2026-01-26,10,62
S01180,2026-01-27,10,47
S01181,2026-04-18,1,5
S01182,2026-06-01,1,47
S01182,2026-06-02,1,63
S01182,2026-06-03,2,32
S01182,2026-06-04,2,51
S01182,2026-06-04,3,65
S01182,2026-06-05,3,32
S01182,2026-06-06,3,51
S01182,2026-06-07,4,68
S01182,2026-06-08,4,40
S01182,2026-06-09,4,31
S01182,2026-06-09,5,21
S01182,2026-06-10,5,48
S01182,2026-06-11,5,67
S01182,2026-06-12,6,42
S01182,2026-06-13,6,70
S01182,2026-06-13,7,65
S01182,2026-06-14,8,63
S01182,2026-06-15,8,43
S01182,2026-06-16,9,25
S01182,2026-06-17,9,43
S01182,2026-06-18,9,48
S01182,2026-06-17,10,49
S01182,2026-06-18,10,65
S01182,2026-06-19,10,70
S01183,2026-04-04,1,39
S01183,2026-04-05,1,48
S01183,2026-04-11,2,41
S01183,2026-04-12,2,33
S01183,2026-04-19,3,15
S01183,2026-04-27,4,44
S01183,2026-04-28,4,19
S01183,2026-05-06,5,49
S01183,2026-05-07,5,36
S01185,2026-05-30,1,44
S01185,2026-05-31,1,28
S01185,2026-06-02,2,24
S01185,2026-06-03,2,64
S01185,2026-06-03,3,45
S01185,2026-06-04,3,37
S01185,2026-06-05,4,68
S01185,2026-06-06,4,51
S01185,2026-06-06,5,74
S01185,2026-06-07,5,29
S01185,2026-06-08,5,54
S01185,2026-06-09,6,71
S01185,2026-06-10,6,28
S01185,2026-06-11,7,22
S01185,2026-06-13,8,28
S01185,2026-06-14,8,55
S01185,2026-06-16,9,39
S01185,2026-06-17,9,38
S01185,2026-06-18,9,25
S01185,2026-06-17,10,54
S01185,2026-06-18,10,44
S01185,2026-06-19,10,57
S01186,2026-02-02,1,11
S01187,2026-01-14,1,13
S01187,2026-01-15,1,52
S01187,2026-01-18,2,55
S01187,2026-01-19,2,29
S01187,2026-01-22,3,29
S01187,2026-01-30,4,22
S01187,2026-01-31,4,42
S01187,2026-02-13,5,39
S01187,2026-02-14,5,40
S01187,2026-02-15,5,40
S01187,2026-03-03,6,30
S01187,2026-03-04,6,33
S01187,2026-03-05,6,44
S01188,2026-04-13,1,34
S01188,2026-04-14,1,34
S01188,2026-04-16,2,62
S01188,2026-04-17,2,55
S01188,2026-04-18,2,66
S01188,2026-04-19,3,60
S01188,2026-04-20,4,48
S01188,2026-04-21,4,42
S01188,2026-04-21,5,42
S01188,2026-04-24,6,57
S01188,2026-04-27,7,21
S01188,2026-04-28,7,49
S01188,2026-04-29,7,48
S01188,2026-04-29,8,55
S01188,2026-04-30,8,54
S01188,2026-05-02,9,31
S01188,2026-05-03,9,23
S01188,2026-05-05,10,27
S01188,2026-05-06,10,22
S01188,2026-05-07,10,46
S01189,2026-02-01,1,73
S01189,2026-02-02,1,28
S01189,2026-02-03,1,29
S01189,2026-02-03,2,20
S01189,2026-02-04,2,46
S01189,2026-02-04,3,33
S01189,2026-02-05,3,64
S01189,2026-02-07,4,23
S01189,2026-02-08,4,38
S01189,2026-02-09,4,43
S01189,2026-02-09,5,30
S01189,2026-02-11,6,23
S01189,2026-02-12,6,57
S01189,2026-02-13,7,56
S01189,2026-02-15,8,48
S01189,2026-02-16,9,59
S01189,2026-02-17,9,24
S01189,2026-02-18,9,42
S01189,2026-02-17,10,70
S01189,2026-02-18,10,61
S01189,2026-02-19,10,54
S01190,2026-03-30,1,31
S01190,2026-03-31,1,40
S01190,2026-04-05,2,22
S01190,2026-04-06,2,28
S01190,2026-04-13,3,11
S01190,2026-04-14,3,35
S01190,2026-04-15,3,24
S01190,2026-04-21,4,18
S01190,2026-04-22,4,48
S01190,2026-04-23,4,29
S01190,2026-04-30,5,29
S01190,2026-05-01,5,18
S01190,2026-05-02,5,6
S01190,2026-05-10,6,34
S01191,2026-03-23,1,24
S01191,2026-03-24,1,40
S01191,2026-03-24,2,23
S01191,2026-03-27,3,35
S01191,2026-03-28,3,21
S01191,2026-03-29,3,48
S01191,2026-03-29,4,60
S01191,2026-03-30,4,64
S01191,2026-04-01,5,56
S01191,2026-04-02,5,55
S01191,2026-04-03,6,24
S01191,2026-04-06,7,58
S01191,2026-04-07,7,36
S01191,2026-04-08,7,56
S01191,2026-04-08,8,37
S01191,2026-04-09,8,69
S01191,2026-04-10,8,28
S01191,2026-04-09,9,52
S01191,2026-04-11,10,59
S01192,2026-01-25,1,55
S01192,2026-01-29,2,28
S01192,2026-01-30,2,43
S01192,2026-01-31,2,40
S01192,2026-02-03,3,47
S01192,2026-02-04,3,10
S01192,2026-02-13,4,49
S01192,2026-02-14,4,27
S01192,2026-02-25,5,18
S01192,2026-02-26,5,26
S01192,2026-03-14,6,33
S01193,2026-03-05,1,45
S01193,2026-03-06,1,29
S01193,2026-03-06,2,71
S01193,2026-03-07,3,48
S01193,2026-03-08,3,70
S01193,2026-03-10,4,28
S01193,2026-03-11,4,70
S01193,2026-03-12,4,30
S01193,2026-03-11,5,40
S01193,2026-03-12,5,51
S01193,2026-03-14,6,38
S01193,2026-03-15,6,56
S01193,2026-03-16,7,49
S01193,2026-03-17,8,65
S01193,2026-03-18,9,71
S01193,2026-03-19,9,31
S01193,2026-03-20,9,34
S01193,2026-03-21,10,41
S01193,2026-03-22,10,65
S01194,2026-03-26,1,52
S01194,2026-03-30,2,46
S01194,2026-04-07,3,50
S01194,2026-04-14,4,41
S01194,2026-04-15,4,8
S01194,2026-04-16,4,46
S01194,2026-04-21,5,30
S01194,2026-04-22,5,9
S01194,2026-05-04,6,10
S01195,2026-02-23,1,21
S01195,2026-02-24,2,44
S01195,2026-02-25,3,67
S01195,2026-02-27,4,33
S01195,2026-02-28,5,53
S01195,2026-03-03,6,66
S01195,2026-03-04,6,43
S01195,2026-03-04,7,58
S01195,2026-03-05,7,61
S01195,2026-03-06,7,60
S01195,2026-03-06,8,63
S01195,2026-03-07,9,74
S01195,2026-03-08,9,41
S01195,2026-03-09,9,61
S01195,2026-03-10,10,43
S01195,2026-03-11,10,62
S01195,2026-03-12,10,43
S01196,2026-01-17,1,17
S01196,2026-01-19,2,16
S01197,2026-03-29,1,5
S01197,2026-03-30,2,18
S01198,2026-01-11,1,13
S01198,2026-01-12,2,8
S01199,2026-03-15,1,27
S01199,2026-03-16,1,30
S01199,2026-03-20,2,44
S01199,2026-03-21,2,32
S01199,2026-03-28,3,26
S01199,2026-03-29,3,31
S01199,2026-04-02,4,46
S01199,2026-04-03,4,36
S01199,2026-04-10,5,22
S01199,2026-04-11,5,45
S01199,2026-04-19,6,19
S01199,2026-04-20,6,43
S01199,2026-04-21,6,34
S01199,2026-05-01,7,20
S01199,2026-05-02,7,36
S01199,2026-05-17,8,20
S01199,2026-05-18,8,15
S01199,2026-05-19,8,29
S01200,2026-02-01,1,39
S01200,2026-02-02,1,44
S01200,2026-02-03,1,38
S01200,2026-02-02,2,38
S01200,2026-02-03,2,68
S01200,2026-02-04,2,40
S01200,2026-02-05,3,28
S01200,2026-02-06,3,54
S01200,2026-02-07,4,44
S01200,2026-02-08,4,28
S01200,2026-02-09,4,69
S01200,2026-02-09,5,56
S01200,2026-02-11,6,48
S01200,2026-02-12,6,20
S01200,2026-02-13,6,74
S01200,2026-02-13,7,53
S01200,2026-02-14,7,30
S01200,2026-02-14,8,46
S01200,2026-02-15,8,69
S01200,2026-02-16,9,43
S01200,2026-02-17,9,27
S01200,2026-02-17,10,66
S01200,2026-02-18,10,51
S01201,2026-04-22,1,31
S01201,2026-04-23,1,23
S01201,2026-04-24,1,51
S01201,2026-04-27,2,42
S01201,2026-04-28,2,46
S01201,2026-04-29,2,34
S01201,2026-05-06,3,53
S01201,2026-05-07,3,34
S01201,2026-05-16,4,12
S01201,2026-05-17,4,15
S01201,2026-05-18,4,34
S01201,2026-06-01,5,44
S01202,2026-02-26,1,46
S01202,2026-02-27,1,37
S01202,2026-02-27,2,22
S01202,2026-03-01,3,60
S01202,2026-03-02,3,41
S01202,2026-03-03,4,54
S01202,2026-03-05,5,44
S01202,2026-03-08,6,52
S01202,2026-03-11,7,55
S01202,2026-03-12,7,69
S01202,2026-03-13,7,64
S01202,2026-03-14,8,28
S01202,2026-03-15,8,54
S01202,2026-03-15,9,54
S01202,2026-03-18,10,28
S01203,2026-01-10,1,66
S01203,2026-01-13,2,64
S01203,2026-01-14,2,26
S01203,2026-01-15,3,73
S01203,2026-01-17,4,64
S01203,2026-01-18,4,67
S01203,2026-01-18,5,57
S01203,2026-01-20,6,36
S01203,2026-01-21,6,26
S01203,2026-01-23,7,22
S01203,2026-01-24,7,65
S01203,2026-01-26,8,48
S01203,2026-01-29,9,53
S01203,2026-01-30,9,40
S01203,2026-01-31,9,35
S01203,2026-01-31,10,26
S01203,2026-02-01,10,59
S01203,2026-02-02,10,64
S01204,2026-02-15,1,70
S01204,2026-02-18,2,48
S01204,2026-02-19,2,25
S01204,2026-02-20,2,58
S01204,2026-02-20,3,37
S01204,2026-02-21,3,40
S01204,2026-02-23,4,27
S01204,2026-02-24,4,65
S01204,2026-02-26,5,25
S01204,2026-02-27,5,31
S01204,2026-02-27,6,55
S01204,2026-02-28,6,54
S01204,2026-03-01,6,32
S01204,2026-03-01,7,61
S01204,2026-03-02,8,26
S01204,2026-03-03,8,22
S01204,2026-03-04,9,61
S01204,2026-03-05,9,28
S01204,2026-03-06,9,43
S01204,2026-03-05,10,53
S01204,2026-03-06,10,57
S01205,2026-05-28,1,47
S01205,2026-05-31,2,23
S01205,2026-06-01,2,50
S01205,2026-06-02,2,49
S01205,2026-06-03,3,20
S01205,2026-06-04,4,25
S01205,2026-06-05,4,25
S01205,2026-06-06,4,53
S01205,2026-06-05,5,30
S01205,2026-06-07,6,34
S01205,2026-06-08,6,30
S01205,2026-06-09,7,64
S01205,2026-06-10,7,29
S01205,2026-06-10,8,39
S01205,2026-06-11,8,31
S01205,2026-06-13,9,69
S01205,2026-06-14,9,29
S01205,2026-06-14,10,70
S01206,2026-05-24,1,26
S01206,2026-05-25,1,32
S01206,2026-05-26,1,57
S01206,2026-06-04,2,12
S01206,2026-06-05,2,49
S01206,2026-06-06,2,51
S01206,2026-06-21,3,25
S01207,2026-03-27,1,39
S01207,2026-03-28,1,40
S01207,2026-03-29,1,19
S01207,2026-04-06,2,38
S01207,2026-04-07,2,22
S01207,2026-04-24,3,9
S01207,2026-04-25,3,15
S01207,2026-04-26,3,17
S01208,2026-01-24,1,57
S01208,2026-01-25,1,66
S01208,2026-01-26,1,39
S01208,2026-01-27,2,26
S01208,2026-01-28,3,24
S01208,2026-01-29,3,40
S01208,2026-01-31,4,46
S01208,2026-02-01,5,60
S01208,2026-02-04,6,70
S01208,2026-02-05,6,71
S01208,2026-02-06,6,74
S01208,2026-02-06,7,70
S01208,2026-02-07,7,72
S01208,2026-02-09,8,55
S01208,2026-02-10,8,47
S01208,2026-02-10,9,49
S01208,2026-02-12,10,50
S01208,2026-02-13,10,35
S01208,2026-02-14,10,61
S01209,2026-03-16,1,66
S01209,2026-03-17,1,37
S01209,2026-03-18,2,26
S01209,2026-03-20,3,68
S01209,2026-03-21,3,64
S01209,2026-03-22,3,59
S01209,2026-03-23,4,28
S01209,2026-03-24,4,33
S01209,2026-03-25,4,53
S01209,2026-03-25,5,52
S01209,2026-03-27,6,31
S01209,2026-03-28,6,42
S01209,2026-03-28,7,60
S01209,2026-03-29,7,44
S01209,2026-03-30,7,36
S01209,2026-03-30,8,72
S01209,2026-03-31,8,26
S01209,2026-04-01,8,27
S01209,2026-03-31,9,73
S01209,2026-04-01,9,52
S01209,2026-04-03,10,22
S01210,2026-04-07,1,18
S01211,2026-05-14,1,67
S01211,2026-05-15,1,71
S01211,2026-05-16,1,53
S01211,2026-05-16,2,58
S01211,2026-05-17,2,44
S01211,2026-05-18,2,24
S01211,2026-05-17,3,60
S01211,2026-05-18,3,42
S01211,2026-05-19,4,60
S01211,2026-05-20,4,54
S01211,2026-05-22,5,24
S01211,2026-05-25,6,45
S01211,2026-05-26,7,37
S01211,2026-05-27,7,24
S01211,2026-05-27,8,22
S01211,2026-05-28,8,28
S01211,2026-05-29,9,29
S01211,2026-05-30,10,67
S01211,2026-05-31,10,25
S01212,2026-02-08,1,52
S01212,2026-02-09,1,56
S01212,2026-02-09,2,37
S01212,2026-02-10,2,70
S01212,2026-02-11,2,70
S01212,2026-02-12,3,29
S01212,2026-02-13,3,26
S01212,2026-02-14,3,68
S01212,2026-02-13,4,30
S01212,2026-02-14,5,38
S01212,2026-02-15,5,64
S01212,2026-02-16,5,74
S01212,2026-02-15,6,54
S01212,2026-02-17,7,57
S01212,2026-02-20,8,33
S01212,2026-02-21,8,60
S01212,2026-02-23,9,37
S01212,2026-02-24,9,36
S01212,2026-02-25,9,37
S01212,2026-02-24,10,30
S01212,2026-02-25,10,70
S01212,2026-02-26,10,26
S01213,2026-03-17,1,74
S01213,2026-03-18,1,35
S01213,2026-03-19,1,48
S01213,2026-03-20,2,59
S01213,2026-03-21,2,72
S01213,2026-03-21,3,70
S01213,2026-03-22,3,37
S01213,2026-03-23,3,31
S01213,2026-03-22,4,28
S01213,2026-03-23,4,45
S01213,2026-03-24,5,65
S01213,2026-03-25,5,60
S01213,2026-03-26,5,62
S01213,2026-03-27,6,45
S01213,2026-03-29,7,55
S01213,2026-03-30,8,52
S01213,2026-03-31,8,24
S01213,2026-04-02,9,29
S01213,2026-04-03,9,55
S01213,2026-04-03,10,64
S01213,2026-04-04,10,27
S01213,2026-04-05,10,59
S01214,2026-05-17,1,39
S01214,2026-05-18,1,52
S01214,2026-05-19,1,31
S01214,2026-05-22,2,17
S01214,2026-05-30,3,12
S01214,2026-06-07,4,51
S01214,2026-06-08,4,45
S01214,2026-06-14,5,23
S01214,2026-06-24,6,30
S01214,2026-07-04,7,29
S01214,2026-07-17,8,32
S01214,2026-07-18,8,26
S01214,2026-07-19,8,30
S01215,2026-01-14,1,20
S01215,2026-01-23,2,51
S01216,2026-01-19,1,72
S01216,2026-01-21,2,43
S01216,2026-01-22,2,33
S01216,2026-01-24,3,41
S01216,2026-01-26,4,37
S01216,2026-01-27,4,66
S01216,2026-01-28,4,58
S01216,2026-01-28,5,25
S01216,2026-01-29,5,39
S01216,2026-01-31,6,22
S01216,2026-02-01,6,67
S01216,2026-02-02,7,42
S01216,2026-02-05,8,70
S01216,2026-02-06,8,57
S01216,2026-02-06,9,29
S01216,2026-02-07,9,73
S01216,2026-02-09,10,46
S01216,2026-02-10,10,32
S01216,2026-02-11,10,36
S01217,2026-02-18,1,50
S01217,2026-02-19,1,74
S01217,2026-02-19,2,59
S01217,2026-02-22,3,50
S01217,2026-02-23,3,45
S01217,2026-02-24,3,23
S01217,2026-02-25,4,62
S01217,2026-02-26,4,72
S01217,2026-02-27,4,72
S01217,2026-02-27,5,24
S01217,2026-02-28,5,60
S01217,2026-03-01,5,62
S01217,2026-03-02,6,37
S01217,2026-03-03,6,56
S01217,2026-03-04,6,30
S01217,2026-03-04,7,44
S01217,2026-03-05,7,20
S01217,2026-03-06,7,45
S01217,2026-03-07,8,46
S01217,2026-03-08,8,71
S01217,2026-03-08,9,38
S01217,2026-03-09,9,58
S01217,2026-03-10,9,63
S01217,2026-03-09,10,32
S01217,2026-03-10,10,29
S01217,2026-03-11,10,37
S01218,2026-03-17,1,52
S01218,2026-03-23,2,21
S01218,2026-03-30,3,52
S01218,2026-03-31,3,52
S01218,2026-04-01,3,25
S01218,2026-04-13,4,16
S01218,2026-04-14,4,48
S01218,2026-04-23,5,22
S01218,2026-04-24,5,39
S01219,2026-04-07,1,47
S01219,2026-04-16,2,16
S01219,2026-04-26,3,27
S01219,2026-04-27,3,51
S01219,2026-04-28,3,14
S01219,2026-05-11,4,43
S01219,2026-05-12,4,44
S01220,2026-01-02,1,24
S01220,2026-01-05,2,69
S01220,2026-01-06,2,72
S01220,2026-01-06,3,60
S01220,2026-01-07,3,62
S01220,2026-01-08,3,45
S01220,2026-01-07,4,44
S01220,2026-01-08,4,67
S01220,2026-01-09,5,65
S01220,2026-01-11,6,52
S01220,2026-01-14,7,62
S01220,2026-01-15,7,66
S01220,2026-01-16,7,26
S01220,2026-01-15,8,41
S01220,2026-01-17,9,49
S01220,2026-01-18,9,47
S01220,2026-01-19,10,42
S01220,2026-01-20,10,22
S01222,2026-01-20,1,50
S01222,2026-01-23,2,41
S01222,2026-01-24,2,69
S01222,2026-01-25,3,62
S01222,2026-01-26,3,24
S01222,2026-01-27,3,34
S01222,2026-01-28,4,74
S01222,2026-01-29,5,46
S01222,2026-01-30,5,47
S01222,2026-02-01,6,70
S01222,2026-02-02,6,32
S01222,2026-02-03,7,61
S01222,2026-02-06,8,32
S01222,2026-02-07,8,38
S01222,2026-02-09,9,42
S01222,2026-02-10,9,55
S01222,2026-02-11,9,62
S01222,2026-02-11,10,52
S01222,2026-02-12,10,20
S01223,2026-03-30,1,67
S01223,2026-03-31,1,59
S01223,2026-04-02,2,20
S01223,2026-04-03,2,42
S01223,2026-04-04,2,57
S01223,2026-04-05,3,36
S01223,2026-04-06,3,67
S01223,2026-04-07,4,34
S01223,2026-04-08,4,45
S01223,2026-04-09,4,73
S01223,2026-04-10,5,36
S01223,2026-04-13,6,26
S01223,2026-04-15,7,73
S01223,2026-04-16,7,36
S01223,2026-04-17,7,29
S01223,2026-04-18,8,34
S01223,2026-04-19,8,74
S01223,2026-04-21,9,54
S01223,2026-04-22,9,33
S01223,2026-04-24,10,55
S01223,2026-04-25,10,29
S01223,2026-04-26,10,35
S01224,2026-04-24,1,11
S01225,2026-02-23,1,23
S01225,2026-02-24,2,61
S01225,2026-02-25,2,57
S01225,2026-02-26,3,56
S01225,2026-02-27,3,62
S01225,2026-02-28,3,40
S01225,2026-02-28,4,59
S01225,2026-03-01,4,34
S01225,2026-03-01,5,42
S01225,2026-03-02,5,53
S01225,2026-03-03,5,53
S01225,2026-03-03,6,39
S01225,2026-03-04,7,68
S01225,2026-03-05,7,45
S01225,2026-03-05,8,24
S01225,2026-03-06,9,60
S01225,2026-03-09,10,22
S01225,2026-03-10,10,54
S01226,2026-04-29,1,44
S01226,2026-05-05,2,32
S01226,2026-05-11,3,16
S01226,2026-05-17,4,17
S01226,2026-05-18,4,51
S01226,2026-05-25,5,6
S01226,2026-06-02,6,44
S01226,2026-06-03,6,23
S01226,2026-06-14,7,6
S01226,2026-06-22,8,20
S01226,2026-06-23,8,5
S01226,2026-06-24,8,39
S01227,2026-02-23,1,38
S01227,2026-02-24,1,53
S01227,2026-02-25,1,33
S01227,2026-02-25,2,21
S01227,2026-02-26,3,68
S01227,2026-02-27,3,54
S01227,2026-02-27,4,63
S01227,2026-02-28,4,73
S01227,2026-03-01,4,35
S01227,2026-03-02,5,40
S01227,2026-03-03,5,44
S01227,2026-03-04,6,63
S01227,2026-03-05,6,27
S01227,2026-03-06,7,22
S01227,2026-03-09,8,62
S01227,2026-03-12,9,25
S01227,2026-03-13,9,66
S01227,2026-03-14,9,72
S01227,2026-03-14,10,71
S01227,2026-03-15,10,64
S01227,2026-03-16,10,64
S01228,2026-01-12,1,21
S01228,2026-01-13,2,65
S01228,2026-01-14,2,32
S01228,2026-01-14,3,62
S01228,2026-01-15,3,66
S01228,2026-01-16,3,58
S01228,2026-01-15,4,39
S01228,2026-01-16,4,30
S01228,2026-01-16,5,41
S01228,2026-01-18,6,62
S01228,2026-01-19,6,30
S01228,2026-01-19,7,22
S01228,2026-01-22,8,32
S01228,2026-01-23,8,20
S01228,2026-01-23,9,36
S01228,2026-01-24,9,36
S01228,2026-01-26,10,30
S01228,2026-01-27,10,42
S01229,2026-02-18,1,10
S01229,2026-02-19,2,15
S01230,2026-03-05,1,48
S01230,2026-03-07,2,57
S01230,2026-03-08,3,63
S01230,2026-03-09,3,51
S01230,2026-03-10,3,68
S01230,2026-03-09,4,66
S01230,2026-03-10,4,68
S01230,2026-03-12,5,60
S01230,2026-03-13,5,60
S01230,2026-03-15,6,28
S01230,2026-03-16,6,32
S01230,2026-03-16,7,66
S01230,2026-03-17,7,25
S01230,2026-03-18,7,57
S01230,2026-03-17,8,25
S01230,2026-03-18,9,68
S01230,2026-03-19,9,37
S01230,2026-03-21,10,40
S01230,2026-03-22,10,67
S01231,2026-05-08,1,7
S01231,2026-05-10,2,17
S01232,2026-05-29,1,38
S01232,2026-05-30,1,41
S01232,2026-05-31,1,23
S01232,2026-06-01,2,34
S01232,2026-06-02,2,29
S01232,2026-06-04,3,50
S01232,2026-06-07,4,36
S01232,2026-06-10,5,38
S01232,2026-06-11,5,57
S01232,2026-06-13,6,43
S01232,2026-06-14,6,69
S01232,2026-06-16,7,64
S01232,2026-06-17,8,62
S01232,2026-06-18,8,23
S01232,2026-06-19,8,55
S01232,2026-06-18,9,20
S01232,2026-06-19,9,48
S01232,2026-06-19,10,59
S01232,2026-06-20,10,70
S01232,2026-06-21,10,52
S01233,2026-03-06,1,35
S01233,2026-03-07,2,58
S01233,2026-03-08,2,41
S01233,2026-03-09,2,34
S01233,2026-03-10,3,58
S01233,2026-03-12,4,28
S01233,2026-03-13,4,54
S01233,2026-03-15,5,65
S01233,2026-03-16,5,58
S01233,2026-03-18,6,20
S01233,2026-03-19,6,69
S01233,2026-03-20,6,62
S01233,2026-03-19,7,46
S01233,2026-03-20,7,42
S01233,2026-03-21,7,38
S01233,2026-03-20,8,70
S01233,2026-03-21,8,55
S01233,2026-03-21,9,53
S01233,2026-03-22,9,61
S01233,2026-03-23,9,50
S01233,2026-03-22,10,73
S01234,2026-01-24,1,73
S01234,2026-01-25,1,37
S01234,2026-01-26,1,28
S01234,2026-01-25,2,54
S01234,2026-01-26,2,64
S01234,2026-01-27,3,25
S01234,2026-01-28,3,33
S01234,2026-01-29,4,28
S01234,2026-01-30,4,31
S01234,2026-02-01,5,35
S01234,2026-02-02,5,37
S01234,2026-02-02,6,58
S01234,2026-02-05,7,50
S01234,2026-02-08,8,57
S01234,2026-02-09,8,44
S01234,2026-02-10,8,56
S01234,2026-02-10,9,55
S01234,2026-02-11,9,73
S01234,2026-02-12,9,65
S01234,2026-02-13,10,69
S01234,2026-02-14,10,71
S01235,2026-05-18,1,51
S01235,2026-05-19,1,44
S01235,2026-05-20,1,27
S01235,2026-06-01,2,12
S01235,2026-06-02,2,37
S01235,2026-06-03,2,55
S01236,2026-02-10,1,74
S01236,2026-02-11,1,33
S01236,2026-02-12,1,46
S01236,2026-02-11,2,64
S01236,2026-02-12,2,52
S01236,2026-02-13,3,66
S01236,2026-02-14,3,60
S01236,2026-02-15,3,32
S01236,2026-02-15,4,20
S01236,2026-02-16,4,36
S01236,2026-02-16,5,34
S01236,2026-02-17,5,64
S01236,2026-02-19,6,55
S01236,2026-02-20,6,22
S01236,2026-02-21,6,52
S01236,2026-02-21,7,36
S01236,2026-02-24,8,27
S01236,2026-02-25,8,64
S01236,2026-02-25,9,41
S01236,2026-02-26,9,52
S01236,2026-02-26,10,67
S01236,2026-02-27,10,65
S01236,2026-02-28,10,71
S01238,2026-05-29,1,73
S01238,2026-05-30,2,30
S01238,2026-05-31,2,61
S01238,2026-05-31,3,67
S01238,2026-06-02,4,43
S01238,2026-06-03,4,62
S01238,2026-06-04,5,31
S01238,2026-06-05,5,26
S01238,2026-06-06,5,39
S01238,2026-06-07,6,33
S01238,2026-06-08,6,34
S01238,2026-06-08,7,50
S01238,2026-06-10,8,47
S01238,2026-06-11,8,57
S01238,2026-06-11,9,29
S01238,2026-06-14,10,42
S01238,2026-06-15,10,56
S01238,2026-06-16,10,27
S01239,2026-01-28,1,7
S01239,2026-01-30,2,7
S01240,2026-04-14,1,20
S01240,2026-04-15,1,51
S01240,2026-04-15,2,51
S01240,2026-04-16,2,27
S01240,2026-04-17,2,38
S01240,2026-04-18,3,31
S01240,2026-04-19,3,48
S01240,2026-04-20,4,40
S01240,2026-04-21,4,56
S01240,2026-04-23,5,24
S01240,2026-04-24,5,43
S01240,2026-04-24,6,66
S01240,2026-04-25,6,36
S01240,2026-04-26,6,68
S01240,2026-04-26,7,26
S01240,2026-04-27,7,62
S01240,2026-04-28,7,33
S01240,2026-04-28,8,68
S01240,2026-04-29,8,36
S01240,2026-04-30,9,34
S01240,2026-05-01,9,28
S01240,2026-05-02,9,37
S01240,2026-05-03,10,55
S01240,2026-05-04,10,22
S01241,2026-05-14,1,18
S01241,2026-05-16,2,18
S01242,2026-06-01,1,13
S01242,2026-06-07,2,54
S01242,2026-06-15,3,14
S01242,2026-06-16,3,51
S01242,2026-06-17,3,52
S01242,2026-06-21,4,27
S01242,2026-06-30,5,22
S01242,2026-07-13,6,33
S01243,2026-02-14,1,32
S01243,2026-02-15,1,49
S01243,2026-02-16,1,48
S01243,2026-02-20,2,13
S01243,2026-02-21,2,46
S01243,2026-02-26,3,39
S01243,2026-03-06,4,11
S01243,2026-03-18,5,46
S01243,2026-03-29,6,35
S01243,2026-04-11,7,32
S01243,2026-04-12,7,26
S01244,2026-04-06,1,55
S01244,2026-04-07,1,24
S01244,2026-04-08,1,37
S01244,2026-04-12,2,42
S01244,2026-04-13,2,53
S01244,2026-04-14,2,16
S01244,2026-04-18,3,12
S01244,2026-04-19,3,27
S01244,2026-04-20,3,36
S01244,2026-04-29,4,38
S01244,2026-05-10,5,7
S01244,2026-05-11,5,11
S01244,2026-05-24,6,19
S01244,2026-05-25,6,43
S01244,2026-05-26,6,39
S01244,2026-06-05,7,18
S01245,2026-03-21,1,56
S01245,2026-03-27,2,53
S01245,2026-03-28,2,41
S01245,2026-04-06,3,30
S01245,2026-04-07,3,10
S01245,2026-04-08,3,13
S01245,2026-04-17,4,18
S01245,2026-04-18,4,10
S01246,2026-02-16,1,42
S01246,2026-02-17,1,50
S01246,2026-02-25,2,37
S01246,2026-02-26,2,42
S01246,2026-02-27,2,41
S01246,2026-03-10,3,20
S01246,2026-03-11,3,12
S01247,2026-03-08,1,57
S01247,2026-03-09,1,54
S01247,2026-03-10,2,35
S01247,2026-03-11,2,32
S01247,2026-03-11,3,32
S01247,2026-03-12,3,72
S01247,2026-03-12,4,32
S01247,2026-03-13,4,55
S01247,2026-03-14,5,31
S01247,2026-03-15,6,45
S01247,2026-03-16,6,51
S01247,2026-03-18,7,73
S01247,2026-03-19,8,32
S01247,2026-03-21,9,42
S01247,2026-03-22,9,29
S01247,2026-03-23,9,57
S01247,2026-03-24,10,21
S01248,2026-01-10,1,55
S01248,2026-01-12,2,58
S01248,2026-01-13,2,45
S01248,2026-01-14,3,20
S01248,2026-01-15,3,36
S01248,2026-01-15,4,34
S01248,2026-01-16,4,70
S01248,2026-01-17,4,40
S01248,2026-01-16,5,39
S01248,2026-01-17,6,53
S01248,2026-01-18,6,49
S01248,2026-01-18,7,20
S01248,2026-01-19,7,24
S01248,2026-01-20,7,64
S01248,2026-01-21,8,58
S01248,2026-01-22,8,32
S01248,2026-01-22,9,52
S01248,2026-01-23,10,64
S01249,2026-04-04,1,15
S01250,2026-04-10,1,35
S01250,2026-04-15,2,49
S01250,2026-04-24,3,44
S01250,2026-04-25,3,30
S01250,2026-05-05,4,24
S01250,2026-05-06,4,25
S01250,2026-05-11,5,35
S01250,2026-05-12,5,44
S01250,2026-05-19,6,20
S01250,2026-05-20,6,12
S01250,2026-05-21,6,5
S01250,2026-06-04,7,35
S01250,2026-06-05,7,10
S01250,2026-06-06,7,30
S01251,2026-01-24,1,51
S01251,2026-01-25,1,22
S01251,2026-01-26,1,39
S01251,2026-01-28,2,39
S01251,2026-01-29,2,14
S01251,2026-01-30,2,26
S01251,2026-02-04,3,22
S01251,2026-02-05,3,13
S01251,2026-02-14,4,7
S01251,2026-02-26,5,31
S01251,2026-03-11,6,45
S01252,2026-04-19,1,33
S01252,2026-04-20,1,24
S01252,2026-04-22,2,45
S01252,2026-04-23,2,44
S01252,2026-04-24,2,37
S01252,2026-04-23,3,61
S01252,2026-04-24,3,68
S01252,2026-04-24,4,51
S01252,2026-04-25,4,43
S01252,2026-04-26,4,56
S01252,2026-04-26,5,44
S01252,2026-04-27,5,32
S01252,2026-04-28,6,48
S01252,2026-04-29,6,40
S01252,2026-04-30,6,63
S01252,2026-04-30,7,33
S01252,2026-05-01,7,21
S01252,2026-05-02,7,69
S01252,2026-05-03,8,59
S01252,2026-05-04,8,24
S01252,2026-05-06,9,68
S01252,2026-05-08,10,45
S01252,2026-05-09,10,34
S01252,2026-05-10,10,69
S01253,2026-03-20,1,47
S01253,2026-03-21,1,59
S01253,2026-03-21,2,34
S01253,2026-03-23,3,34
S01253,2026-03-24,3,26
S01253,2026-03-25,3,64
S01253,2026-03-26,4,66
S01253,2026-03-27,4,60
S01253,2026-03-28,4,25
S01253,2026-03-28,5,52
S01253,2026-03-29,5,42
S01253,2026-03-30,5,64
S01253,2026-03-31,6,61
S01253,2026-04-01,6,64
S01253,2026-04-02,7,51
S01253,2026-04-03,7,34
S01253,2026-04-04,7,58
S01253,2026-04-05,8,37
S01253,2026-04-08,9,60
S01253,2026-04-09,9,63
S01253,2026-04-09,10,56
S01253,2026-04-10,10,33
S01254,2026-03-07,1,71
S01254,2026-03-08,1,36
S01254,2026-03-09,1,64
S01254,2026-03-08,2,27
S01254,2026-03-10,3,51
S01254,2026-03-11,3,73
S01254,2026-03-12,3,59
S01254,2026-03-11,4,73
S01254,2026-03-13,5,21
S01254,2026-03-14,6,68
S01254,2026-03-17,7,34
S01254,2026-03-18,8,45
S01254,2026-03-21,9,38
S01254,2026-03-22,9,50
S01254,2026-03-23,10,47
S01254,2026-03-24,10,26
S01255,2026-02-14,1,31
S01255,2026-02-15,1,16
S01255,2026-02-28,2,35
S01255,2026-03-01,2,33
S01256,2026-05-27,1,63
S01256,2026-05-28,1,32
S01256,2026-05-29,2,36
S01256,2026-06-01,3,73
S01256,2026-06-02,3,73
S01256,2026-06-03,3,47
S01256,2026-06-03,4,52
S01256,2026-06-06,5,49
S01256,2026-06-07,5,25
S01256,2026-06-08,6,38
S01256,2026-06-09,6,68
S01256,2026-06-10,6,52
S01256,2026-06-11,7,38
S01256,2026-06-13,8,21
S01256,2026-06-14,8,69
S01256,2026-06-15,8,71
S01256,2026-06-15,9,21
S01256,2026-06-16,9,20
S01256,2026-06-17,9,21
S01256,2026-06-16,10,28
S01256,2026-06-17,10,36
S01257,2026-01-07,1,44
S01257,2026-01-08,1,41
S01257,2026-01-09,1,24
S01257,2026-01-08,2,60
S01257,2026-01-09,2,40
S01257,2026-01-10,2,55
S01257,2026-01-11,3,34
S01257,2026-01-12,3,65
S01257,2026-01-13,3,20
S01257,2026-01-14,4,42
S01257,2026-01-15,5,26
S01257,2026-01-16,5,68
S01257,2026-01-16,6,34
S01257,2026-01-17,6,42
S01257,2026-01-18,6,42
S01257,2026-01-18,7,61
S01257,2026-01-19,7,26
S01257,2026-01-20,7,51
S01257,2026-01-19,8,57
S01257,2026-01-20,8,40
S01257,2026-01-21,8,62
S01257,2026-01-20,9,64
S01257,2026-01-21,9,57
S01257,2026-01-22,9,39
S01257,2026-01-22,10,25
S01258,2026-01-08,1,40
S01258,2026-01-09,1,45
S01258,2026-01-10,2,67
S01258,2026-01-11,2,59
S01258,2026-01-13,3,57
S01258,2026-01-15,4,21
S01258,2026-01-16,4,67
S01258,2026-01-17,5,67
S01258,2026-01-18,6,61
S01258,2026-01-19,7,29
S01258,2026-01-20,8,28
S01258,2026-01-23,9,43
S01258,2026-01-24,10,54
S01258,2026-01-25,10,23
S01259,2026-04-18,1,49
S01259,2026-04-19,1,65
S01259,2026-04-20,1,58
S01259,2026-04-21,2,68
S01259,2026-04-22,2,53
S01259,2026-04-22,3,37
S01259,2026-04-23,3,61
S01259,2026-04-24,3,23
S01259,2026-04-24,4,45
S01259,2026-04-26,5,36
S01259,2026-04-27,6,34
S01259,2026-04-28,6,37
S01259,2026-04-29,6,46
S01259,2026-04-28,7,31
S01259,2026-04-29,8,53
S01259,2026-04-30,8,30
S01259,2026-05-01,8,42
S01259,2026-05-01,9,29
S01259,2026-05-02,9,24
S01259,2026-05-03,9,50
S01259,2026-05-02,10,21
S01260,2026-05-10,1,16
S01260,2026-05-18,2,47
S01260,2026-05-19,2,52
S01260,2026-05-20,2,33
S01260,2026-05-23,3,38
S01260,2026-05-24,3,31
S01260,2026-06-01,4,9
S01260,2026-06-02,4,35
S01261,2026-02-10,1,51
S01261,2026-02-11,1,21
S01261,2026-02-13,2,31
S01261,2026-02-14,2,63
S01261,2026-02-15,2,29
S01261,2026-02-15,3,45
S01261,2026-02-16,3,43
S01261,2026-02-17,3,28
S01261,2026-02-16,4,22
S01261,2026-02-19,5,33
S01261,2026-02-20,5,57
S01261,2026-02-21,5,32
S01261,2026-02-21,6,30
S01261,2026-02-24,7,34
S01261,2026-02-25,7,28
S01261,2026-02-26,8,22
S01261,2026-02-27,8,72
S01261,2026-02-28,8,69
S01261,2026-02-28,9,50
S01261,2026-03-03,10,54
S01261,2026-03-04,10,28
S01261,2026-03-05,10,23
S01262,2026-05-09,1,15
S01262,2026-05-10,1,15
S01262,2026-05-14,2,23
S01262,2026-05-15,2,26
S01262,2026-05-16,2,27
S01262,2026-05-20,3,39
S01262,2026-05-21,3,48
S01262,2026-05-22,3,25
S01262,2026-05-27,4,49
S01262,2026-06-04,5,36
S01262,2026-06-05,5,33
S01262,2026-06-06,5,13
S01262,2026-06-11,6,11
S01262,2026-06-21,7,38
S01262,2026-06-22,7,41
S01262,2026-07-02,8,21
S01263,2026-05-12,1,70
S01263,2026-05-13,1,52
S01263,2026-05-14,1,39
S01263,2026-05-14,2,48
S01263,2026-05-15,2,40
S01263,2026-05-17,3,54
S01263,2026-05-18,3,45
S01263,2026-05-19,4,58
S01263,2026-05-20,4,35
S01263,2026-05-22,5,44
S01263,2026-05-23,5,57
S01263,2026-05-24,6,32
S01263,2026-05-25,6,25
S01263,2026-05-27,7,56
S01263,2026-05-28,7,34
S01263,2026-05-28,8,20
S01263,2026-05-29,8,55
S01263,2026-05-30,9,61
S01263,2026-05-31,10,37
S01264,2026-01-08,1,32
S01264,2026-01-11,2,43
S01264,2026-01-13,3,47
S01264,2026-01-14,4,39
S01264,2026-01-15,4,30
S01264,2026-01-15,5,66
S01264,2026-01-18,6,24
S01264,2026-01-19,7,29
S01264,2026-01-20,7,41
S01264,2026-01-20,8,63
S01264,2026-01-21,8,58
S01264,2026-01-21,9,46
S01264,2026-01-23,10,28
S01264,2026-01-24,10,69
S01265,2026-03-28,1,43
S01265,2026-03-29,1,48
S01265,2026-03-30,1,24
S01265,2026-03-31,2,54
S01265,2026-04-02,3,35
S01265,2026-04-03,3,27
S01265,2026-04-04,3,64
S01265,2026-04-05,4,27
S01265,2026-04-06,4,55
S01265,2026-04-07,4,44
S01265,2026-04-06,5,65
S01265,2026-04-07,5,28
S01265,2026-04-08,5,51
S01265,2026-04-09,6,27
S01265,2026-04-10,6,54
S01265,2026-04-11,6,73
S01265,2026-04-10,7,23
S01265,2026-04-11,7,53
S01265,2026-04-12,7,56
S01265,2026-04-13,8,59
S01265,2026-04-14,8,45
S01265,2026-04-15,8,37
S01265,2026-04-16,9,59
S01265,2026-04-19,10,41
S01265,2026-04-20,10,39
S01265,2026-04-21,10,62
S01266,2026-02-15,1,72
S01266,2026-02-16,2,73
S01266,2026-02-17,2,33
S01266,2026-02-18,2,74
S01266,2026-02-17,3,70
S01266,2026-02-18,3,74
S01266,2026-02-18,4,26
S01266,2026-02-19,4,67
S01266,2026-02-21,5,65
S01266,2026-02-22,5,48
S01266,2026-02-22,6,41
S01266,2026-02-23,6,39
S01266,2026-02-24,6,44
S01266,2026-02-23,7,29
S01266,2026-02-24,8,39
S01266,2026-02-25,8,57
S01266,2026-02-25,9,58
S01266,2026-02-27,10,42
S01267,2026-05-16,1,44
S01267,2026-05-17,1,24
S01267,2026-05-18,1,31
S01267,2026-05-19,2,66
S01267,2026-05-20,3,69
S01267,2026-05-21,3,35
S01267,2026-05-22,3,31
S01267,2026-05-23,4,73
S01267,2026-05-24,4,65
S01267,2026-05-25,4,36
S01267,2026-05-25,5,74
S01267,2026-05-26,5,38
S01267,2026-05-27,5,55
S01267,2026-05-26,6,41
S01267,2026-05-27,6,21
S01267,2026-05-28,6,52
S01267,2026-05-29,7,67
S01267,2026-05-30,7,65
S01267,2026-05-31,7,23
S01267,2026-05-30,8,73
S01267,2026-05-31,8,73
S01267,2026-06-01,8,25
S01267,2026-06-01,9,41
S01267,2026-06-02,9,23
S01267,2026-06-03,9,21
S01267,2026-06-03,10,48
S01267,2026-06-04,10,64
S01267,2026-06-05,10,52
S01268,2026-01-31,1,49
S01268,2026-02-01,2,48
S01268,2026-02-02,2,42
S01268,2026-02-03,3,72
S01268,2026-02-04,3,25
S01268,2026-02-05,3,61
S01268,2026-02-05,4,27
S01268,2026-02-06,4,68
S01268,2026-02-06,5,58
S01268,2026-02-07,5,59
S01268,2026-02-09,6,50
S01268,2026-02-10,6,48
S01268,2026-02-11,7,63
S01268,2026-02-12,7,49
S01268,2026-02-13,7,72
S01268,2026-02-14,8,26
S01268,2026-02-17,9,34
S01268,2026-02-19,10,33
S01268,2026-02-20,10,30
S01268,2026-02-21,10,30
S01269,2026-04-16,1,20
S01269,2026-04-17,1,49
S01269,2026-04-23,2,28
S01269,2026-04-24,2,49
S01269,2026-04-29,3,51
S01269,2026-04-30,3,19
S01269,2026-05-08,4,11
S01269,2026-05-14,5,45
S01269,2026-05-15,5,5
S01269,2026-05-23,6,33
S01269,2026-06-05,7,32
S01269,2026-06-06,7,13
S01269,2026-06-07,7,14
S01269,2026-06-14,8,34
S01269,2026-06-15,8,5
S01269,2026-06-16,8,23
S01270,2026-05-17,1,66
S01270,2026-05-18,1,28
S01270,2026-05-20,2,74
S01270,2026-05-23,3,48
S01270,2026-05-24,3,47
S01270,2026-05-26,4,45
S01270,2026-05-27,4,57
S01270,2026-05-28,4,34
S01270,2026-05-27,5,64
S01270,2026-05-28,5,20
S01270,2026-05-29,5,52
S01270,2026-05-29,6,33
S01270,2026-06-01,7,70
S01270,2026-06-02,7,39
S01270,2026-06-02,8,64
S01270,2026-06-03,8,52
S01270,2026-06-04,9,52
S01270,2026-06-05,9,61
S01270,2026-06-05,10,29
S01270,2026-06-06,10,51
S01271,2026-03-10,1,45
S01271,2026-03-11,1,20
S01271,2026-03-12,1,28
S01271,2026-03-15,2,14
S01271,2026-03-16,2,41
S01271,2026-03-23,3,10
S01271,2026-03-24,3,17
S01271,2026-04-02,4,25
S01271,2026-04-03,4,43
S01271,2026-04-04,4,24
S01271,2026-04-12,5,7
S01271,2026-04-22,6,33
S01271,2026-04-23,6,24
S01271,2026-05-05,7,11
S01271,2026-05-06,7,22
S01271,2026-05-21,8,20
S01272,2026-05-18,1,19
S01272,2026-05-19,2,7
S01273,2026-04-28,1,13
S01273,2026-04-29,1,53
S01273,2026-05-05,2,16
S01273,2026-05-06,2,13
S01273,2026-05-13,3,53
S01273,2026-05-14,3,37
S01273,2026-05-23,4,42
S01273,2026-05-24,4,45
S01273,2026-05-25,4,37
S01273,2026-06-05,5,41
S01273,2026-06-06,5,15
S01273,2026-06-07,5,7
S01274,2026-05-10,1,49
S01274,2026-05-11,1,52
S01274,2026-05-12,1,41
S01274,2026-05-12,2,23
S01274,2026-05-13,2,24
S01274,2026-05-15,3,50
S01274,2026-05-17,4,71
S01274,2026-05-20,5,50
S01274,2026-05-21,5,28
S01274,2026-05-23,6,30
S01274,2026-05-24,6,55
S01274,2026-05-24,7,33
S01274,2026-05-25,7,48
S01274,2026-05-27,8,38
S01274,2026-05-28,8,42
S01274,2026-05-29,8,58
S01274,2026-05-30,9,59
S01274,2026-05-31,9,55
S01274,2026-06-01,9,61
S01274,2026-06-01,10,71
S01275,2026-05-04,1,69
S01275,2026-05-05,1,47
S01275,2026-05-06,2,62
S01275,2026-05-07,2,33
S01275,2026-05-07,3,48
S01275,2026-05-08,4,62
S01275,2026-05-11,5,45
S01275,2026-05-14,6,24
S01275,2026-05-15,6,26
S01275,2026-05-16,6,47
S01275,2026-05-16,7,24
S01275,2026-05-17,7,66
S01275,2026-05-18,8,27
S01275,2026-05-19,8,40
S01275,2026-05-20,8,43
S01275,2026-05-21,9,65
S01275,2026-05-22,10,27
S01275,2026-05-23,10,50
S01275,2026-05-24,10,26
S01276,2026-04-29,1,54
S01276,2026-04-30,1,41
S01276,2026-05-01,1,26
S01276,2026-05-02,2,62
S01276,2026-05-03,2,48
S01276,2026-05-05,3,41
S01276,2026-05-07,4,49
S01276,2026-05-08,4,50
S01276,2026-05-09,4,41
S01276,2026-05-10,5,24
S01276,2026-05-11,5,36
S01276,2026-05-12,6,44
S01276,2026-05-13,6,32
S01276,2026-05-14,6,55
S01276,2026-05-13,7,24
S01276,2026-05-14,7,33
S01276,2026-05-15,7,41
S01276,2026-05-16,8,59
S01276,2026-05-17,8,43
S01276,2026-05-19,9,55
S01276,2026-05-20,9,29
S01276,2026-05-21,10,64
S01277,2026-03-10,1,44
S01277,2026-03-11,1,51
S01277,2026-03-11,2,64
S01277,2026-03-12,3,22
S01277,2026-03-14,4,25
S01277,2026-03-15,4,26
S01277,2026-03-16,4,62
S01277,2026-03-16,5,58
S01277,2026-03-17,5,62
S01277,2026-03-18,6,21
S01277,2026-03-19,6,56
S01277,2026-03-20,6,56
S01277,2026-03-21,7,24
S01277,2026-03-22,7,63
S01277,2026-03-23,7,32
S01277,2026-03-23,8,73
S01277,2026-03-24,8,33
S01277,2026-03-25,9,73
S01277,2026-03-28,10,35
S01278,2026-04-13,1,11
S01278,2026-04-14,2,10
S01279,2026-04-08,1,21
S01279,2026-04-09,2,65
S01279,2026-04-10,2,47
S01279,2026-04-12,3,73
S01279,2026-04-14,4,58
S01279,2026-04-16,5,38
S01279,2026-04-18,6,65
S01279,2026-04-19,6,72
S01279,2026-04-20,6,57
S01279,2026-04-20,7,28
S01279,2026-04-21,7,32
S01279,2026-04-22,7,33
S01279,2026-04-23,8,61
S01279,2026-04-24,8,69
S01279,2026-04-25,8,54
S01279,2026-04-25,9,68
S01279,2026-04-26,9,24
S01279,2026-04-27,10,50
S01279,2026-04-28,10,44
S01279,2026-04-29,10,66
S01280,2026-03-25,1,26
S01280,2026-03-26,1,45
S01280,2026-03-27,1,24
S01280,2026-03-27,2,30
S01280,2026-03-30,3,56
S01280,2026-03-31,3,20
S01280,2026-04-02,4,38
S01280,2026-04-03,4,29
S01280,2026-04-04,4,39
S01280,2026-04-05,5,56
S01280,2026-04-06,5,41
S01280,2026-04-07,5,23
S01280,2026-04-06,6,21
S01280,2026-04-07,6,44
S01280,2026-04-08,7,23
S01280,2026-04-09,7,35
S01280,2026-04-10,7,74
S01280,2026-04-09,8,74
S01280,2026-04-10,8,63
S01280,2026-04-12,9,27
S01280,2026-04-13,9,45
S01280,2026-04-13,10,68
S01280,2026-04-14,10,35
S01280,2026-04-15,10,63
S01281,2026-04-03,1,38
S01281,2026-04-04,1,53
S01281,2026-04-11,2,43
S01281,2026-04-12,2,15
S01281,2026-04-23,3,24
S01282,2026-04-26,1,41
S01282,2026-04-27,1,42
S01282,2026-05-04,2,48
S01282,2026-05-05,2,26
S01282,2026-05-06,2,36
S01282,2026-05-16,3,9
S01282,2026-05-17,3,19
S01282,2026-05-28,4,22
S01282,2026-05-29,4,39
S01282,2026-05-30,4,39
S01282,2026-06-06,5,45
S01283,2026-02-05,1,31
S01283,2026-02-10,2,33
S01283,2026-02-11,2,35
S01283,2026-02-12,2,43
S01283,2026-02-23,3,43
S01283,2026-03-04,4,40
S01283,2026-03-05,4,15
S01283,2026-03-06,4,24
S01284,2026-03-20,1,51
S01284,2026-03-21,1,40
S01284,2026-03-22,1,42
S01284,2026-03-23,2,67
S01284,2026-03-24,2,31
S01284,2026-03-25,3,60
S01284,2026-03-26,3,68
S01284,2026-03-27,4,50
S01284,2026-03-28,4,47
S01284,2026-03-29,4,31
S01284,2026-03-30,5,53
S01284,2026-03-31,5,60
S01284,2026-04-02,6,24
S01284,2026-04-05,7,40
S01284,2026-04-08,8,61
S01284,2026-04-09,8,21
S01284,2026-04-09,9,50
S01284,2026-04-10,10,53
S01284,2026-04-11,10,29
S01284,2026-04-12,10,50
S01285,2026-04-29,1,73
S01285,2026-04-30,1,67
S01285,2026-05-01,1,56
S01285,2026-04-30,2,21
S01285,2026-05-01,2,38
S01285,2026-05-02,3,52
S01285,2026-05-03,3,28
S01285,2026-05-04,3,44
S01285,2026-05-05,4,50
S01285,2026-05-08,5,34
S01285,2026-05-11,6,61
S01285,2026-05-12,6,58
S01285,2026-05-13,6,29
S01285,2026-05-12,7,53
S01285,2026-05-13,8,20
S01285,2026-05-14,8,72
S01285,2026-05-16,9,68
S01285,2026-05-19,10,66
S01285,2026-05-20,10,43
S01286,2026-03-16,1,35
S01286,2026-03-17,2,24
S01286,2026-03-18,2,66
S01286,2026-03-19,2,30
S01286,2026-03-19,3,35
S01286,2026-03-20,3,48
S01286,2026-03-22,4,61
S01286,2026-03-23,4,61
S01286,2026-03-24,4,63
S01286,2026-03-24,5,31
S01286,2026-03-25,5,54
S01286,2026-03-26,5,69
S01286,2026-03-26,6,59
S01286,2026-03-27,6,41
S01286,2026-03-28,6,66
S01286,2026-03-28,7,21
S01286,2026-03-29,7,29
S01286,2026-03-30,7,62
S01286,2026-03-30,8,68
S01286,2026-04-01,9,26
S01286,2026-04-02,9,59
S01286,2026-04-03,9,47
S01286,2026-04-02,10,64
S01286,2026-04-03,10,38
S01286,2026-04-04,10,31
S01287,2026-05-13,1,45
S01287,2026-05-14,1,41
S01287,2026-05-15,2,34
S01287,2026-05-16,2,31
S01287,2026-05-17,2,35
S01287,2026-05-17,3,27
S01287,2026-05-18,3,71
S01287,2026-05-18,4,48
S01287,2026-05-20,5,52
S01287,2026-05-21,5,54
S01287,2026-05-21,6,25
S01287,2026-05-22,6,47
S01287,2026-05-23,6,29
S01287,2026-05-23,7,41
S01287,2026-05-24,7,72
S01287,2026-05-24,8,40
S01287,2026-05-25,8,54
S01287,2026-05-26,8,65
S01287,2026-05-26,9,52
S01287,2026-05-27,9,58
S01287,2026-05-28,10,73
S01288,2026-04-17,1,48
S01288,2026-04-19,2,59
S01288,2026-04-20,2,72
S01288,2026-04-21,3,40
S01288,2026-04-23,4,46
S01288,2026-04-26,5,49
S01288,2026-04-28,6,21
S01288,2026-04-29,6,42
S01288,2026-04-29,7,20
S01288,2026-05-02,8,23
S01288,2026-05-03,8,37
S01288,2026-05-04,8,74
S01288,2026-05-05,9,44
S01288,2026-05-08,10,73
S01288,2026-05-09,10,36
S01288,2026-05-10,10,51
S01289,2026-01-10,1,72
S01289,2026-01-11,1,63
S01289,2026-01-13,2,61
S01289,2026-01-14,2,54
S01289,2026-01-15,2,38
S01289,2026-01-16,3,26
S01289,2026-01-17,3,46
S01289,2026-01-19,4,45
S01289,2026-01-20,4,67
S01289,2026-01-21,4,66
S01289,2026-01-22,5,28
S01289,2026-01-23,5,42
S01289,2026-01-24,5,73
S01289,2026-01-24,6,29
S01289,2026-01-25,6,21
S01289,2026-01-26,6,56
S01289,2026-01-26,7,67
S01289,2026-01-29,8,41
S01289,2026-01-30,8,72
S01289,2026-01-30,9,30
S01289,2026-01-31,9,70
S01289,2026-02-01,9,46
S01289,2026-01-31,10,55
S01289,2026-02-01,10,53
S01290,2026-01-31,1,64
S01290,2026-02-01,1,57
S01290,2026-02-01,2,57
S01290,2026-02-02,2,34
S01290,2026-02-03,2,34
S01290,2026-02-02,3,27
S01290,2026-02-03,3,55
S01290,2026-02-04,3,41
S01290,2026-02-03,4,42
S01290,2026-02-06,5,23
S01290,2026-02-07,5,49
S01290,2026-02-09,6,69
S01290,2026-02-12,7,44
S01290,2026-02-13,7,56
S01290,2026-02-14,8,55
S01290,2026-02-15,8,35
S01290,2026-02-16,8,27
S01290,2026-02-16,9,20
S01290,2026-02-17,9,41
S01290,2026-02-18,9,37
S01290,2026-02-18,10,29
S01291,2026-06-02,1,34
S01291,2026-06-05,2,25
S01291,2026-06-06,3,29
S01291,2026-06-07,3,32
S01291,2026-06-08,3,23
S01291,2026-06-08,4,52
S01291,2026-06-11,5,32
S01291,2026-06-13,6,29
S01291,2026-06-14,6,29
S01291,2026-06-15,6,21
S01291,2026-06-14,7,37
S01291,2026-06-15,7,54
S01291,2026-06-16,8,25
S01291,2026-06-17,8,55
S01291,2026-06-18,8,35
S01291,2026-06-19,9,38
S01291,2026-06-21,10,67
S01291,2026-06-22,10,44
S01292,2026-05-21,1,23
S01292,2026-05-22,1,47
S01292,2026-05-22,2,48
S01292,2026-05-23,2,42
S01292,2026-05-24,2,32
S01292,2026-05-24,3,54
S01292,2026-05-25,3,59
S01292,2026-05-26,3,31
S01292,2026-05-26,4,49
S01292,2026-05-27,4,54
S01292,2026-05-27,5,49
S01292,2026-05-28,5,60
S01292,2026-05-29,6,53
S01292,2026-05-30,6,68
S01292,2026-05-30,7,59
S01292,2026-05-31,7,39
S01292,2026-06-01,7,50
S01292,2026-06-01,8,28
S01292,2026-06-02,8,26
S01292,2026-06-03,9,24
S01292,2026-06-04,9,68
S01292,2026-06-05,10,52
S01292,2026-06-06,10,63
S01292,2026-06-07,10,66
S01293,2026-01-21,1,27
S01293,2026-01-22,1,32
S01293,2026-01-23,1,33
S01293,2026-01-31,2,19
S01293,2026-02-01,2,40
S01293,2026-02-02,2,27
S01294,2026-02-07,1,28
S01294,2026-02-13,2,36
S01294,2026-02-18,3,24
S01294,2026-02-28,4,33
S01294,2026-03-01,4,28
S01294,2026-03-02,4,23
S01294,2026-03-11,5,35
S01294,2026-03-12,5,47
S01294,2026-03-13,5,30
S01294,2026-03-22,6,5
S01294,2026-03-23,6,34
S01295,2026-05-27,1,34
S01295,2026-05-28,1,18
S01295,2026-06-02,2,20
S01295,2026-06-03,2,47
S01295,2026-06-04,2,23
S01295,2026-06-08,3,28
S01295,2026-06-09,3,15
S01295,2026-06-10,3,23
S01295,2026-06-14,4,38
S01295,2026-06-15,4,21
S01295,2026-06-24,5,6
S01295,2026-06-25,5,26
S01295,2026-07-05,6,17
S01295,2026-07-16,7,29
S01295,2026-07-17,7,11
S01296,2026-03-16,1,41
S01296,2026-03-17,1,40
S01296,2026-03-18,1,41
S01296,2026-03-17,2,68
S01296,2026-03-18,2,35
S01296,2026-03-19,2,71
S01296,2026-03-20,3,45
S01296,2026-03-23,4,28
S01296,2026-03-24,4,53
S01296,2026-03-25,4,70
S01296,2026-03-24,5,37
S01296,2026-03-25,5,63
S01296,2026-03-25,6,20
S01296,2026-03-26,6,74
S01296,2026-03-26,7,74
S01296,2026-03-27,8,39
S01296,2026-03-28,8,50
S01296,2026-03-29,8,35
S01296,2026-03-28,9,72
S01296,2026-03-29,10,56
S01296,2026-03-30,10,72
S01297,2026-05-28,1,52
S01297,2026-05-29,1,48
S01297,2026-05-30,1,38
S01297,2026-05-31,2,45
S01297,2026-06-01,2,43
S01297,2026-06-02,2,73
S01297,2026-06-02,3,48
S01297,2026-06-03,3,73
S01297,2026-06-04,4,63
S01297,2026-06-05,4,26
S01297,2026-06-06,4,35
S01297,2026-06-07,5,41
S01297,2026-06-08,5,33
S01297,2026-06-09,5,55
S01297,2026-06-09,6,35
S01297,2026-06-10,6,54
S01297,2026-06-12,7,62
S01297,2026-06-13,7,52
S01297,2026-06-14,7,53
S01297,2026-06-15,8,38
S01297,2026-06-16,8,72
S01297,2026-06-17,9,59
S01297,2026-06-18,9,30
S01297,2026-06-19,9,69
S01297,2026-06-18,10,57
S01297,2026-06-19,10,36
S01298,2026-04-17,1,39
S01298,2026-04-18,1,28
S01298,2026-04-19,1,62
S01298,2026-04-18,2,63
S01298,2026-04-19,2,58
S01298,2026-04-20,2,70
S01298,2026-04-20,3,51
S01298,2026-04-21,3,59
S01298,2026-04-22,3,65
S01298,2026-04-22,4,52
S01298,2026-04-23,4,44
S01298,2026-04-25,5,74
S01298,2026-04-27,6,71
S01298,2026-04-28,7,47
S01298,2026-05-01,8,69
S01298,2026-05-02,8,69
S01298,2026-05-03,9,35
S01298,2026-05-04,9,44
S01298,2026-05-04,10,36
S01299,2026-01-20,1,45
S01299,2026-01-21,1,38
S01299,2026-01-26,2,37
S01299,2026-01-27,2,46
S01299,2026-02-10,3,41
S01299,2026-02-11,3,38
S01300,2026-01-30,1,48
S01300,2026-01-31,1,26
S01300,2026-02-13,2,13
S01301,2026-02-15,1,54
S01301,2026-02-18,2,54
S01301,2026-02-19,3,54
S01301,2026-02-22,4,23
S01301,2026-02-23,4,49
S01301,2026-02-23,5,36
S01301,2026-02-24,6,32
S01301,2026-02-25,6,45
S01301,2026-02-26,6,38
S01301,2026-02-26,7,45
S01301,2026-02-27,7,32
S01301,2026-02-28,7,68
S01301,2026-02-27,8,70
S01301,2026-02-28,8,66
S01301,2026-02-28,9,65
S01301,2026-03-01,10,24
S01301,2026-03-02,10,53
S01301,2026-03-03,10,71
S01303,2026-04-26,1,64
S01303,2026-04-27,1,60
S01303,2026-04-28,2,48
S01303,2026-05-01,3,22
S01303,2026-05-02,3,29
S01303,2026-05-03,4,62
S01303,2026-05-04,4,35
S01303,2026-05-04,5,46
S01303,2026-05-05,5,61
S01303,2026-05-06,6,63
S01303,2026-05-07,7,47
S01303,2026-05-08,8,38
S01303,2026-05-09,8,32
S01303,2026-05-10,8,30
S01303,2026-05-10,9,53
S01303,2026-05-11,9,59
S01303,2026-05-12,10,39
S01304,2026-01-20,1,47
S01304,2026-01-21,1,67
S01304,2026-01-22,2,53
S01304,2026-01-25,3,42
S01304,2026-01-26,3,58
S01304,2026-01-27,3,63
S01304,2026-01-27,4,68
S01304,2026-01-30,5,24
S01304,2026-01-31,5,25
S01304,2026-02-01,5,68
S01304,2026-01-31,6,50
S01304,2026-02-01,6,65
S01304,2026-02-02,7,45
S01304,2026-02-03,8,55
S01304,2026-02-04,9,22
S01304,2026-02-07,10,48
S01304,2026-02-08,10,28
S01305,2026-01-22,1,18
S01305,2026-01-23,1,43
S01305,2026-01-24,1,30
S01305,2026-01-27,2,25
S01305,2026-01-28,2,47
S01305,2026-01-29,2,24
S01305,2026-02-03,3,23
S01305,2026-02-04,3,41
S01305,2026-02-13,4,32
S01305,2026-02-22,5,18
S01305,2026-02-23,5,38
S01305,2026-02-24,5,37
S01305,2026-03-01,6,21
S01305,2026-03-02,6,13
S01305,2026-03-12,7,28
S01305,2026-03-24,8,10
S01305,2026-03-25,8,5
S01306,2026-05-07,1,16
S01307,2026-01-15,1,56
S01307,2026-01-19,2,17
S01307,2026-01-26,3,47
S01307,2026-01-27,3,18
S01307,2026-01-28,3,53
S01307,2026-02-01,4,31
S01307,2026-02-02,4,39
S01307,2026-02-03,4,39
S01307,2026-02-13,5,44
S01307,2026-02-27,6,35
S01307,2026-02-28,6,43
S01307,2026-03-01,6,40
S01308,2026-04-04,1,34
S01308,2026-04-13,2,54
S01309,2026-04-12,1,21
S01309,2026-04-14,2,70
S01309,2026-04-17,3,50
S01309,2026-04-20,4,32
S01309,2026-04-23,5,52
S01309,2026-04-24,5,22
S01309,2026-04-26,6,64
S01309,2026-04-29,7,34
S01309,2026-04-30,7,42
S01309,2026-04-30,8,54
S01309,2026-05-01,8,62
S01309,2026-05-02,9,47
S01309,2026-05-03,9,51
S01309,2026-05-05,10,27
S01309,2026-05-06,10,26
S01310,2026-04-21,1,14
S01310,2026-04-26,2,33
S01310,2026-04-27,2,43
S01310,2026-05-02,3,34
S01310,2026-05-12,4,7
S01310,2026-05-20,5,9
S01310,2026-05-21,5,41
S01310,2026-05-30,6,14
S01310,2026-06-08,7,20
S01310,2026-06-09,7,38
S01311,2026-03-07,1,74
S01311,2026-03-08,1,42
S01311,2026-03-10,2,46
S01311,2026-03-11,2,46
S01311,2026-03-12,2,29
S01311,2026-03-13,3,21
S01311,2026-03-16,4,34
S01311,2026-03-17,4,40
S01311,2026-03-18,4,57
S01311,2026-03-17,5,74
S01311,2026-03-20,6,61
S01311,2026-03-21,6,64
S01311,2026-03-22,6,62
S01311,2026-03-23,7,54
S01311,2026-03-26,8,71
S01311,2026-03-27,8,53
S01311,2026-03-28,8,69
S01311,2026-03-28,9,26
S01311,2026-03-29,9,20
S01311,2026-03-30,9,28
S01311,2026-03-29,10,36
S01311,2026-03-30,10,51
S01311,2026-03-31,10,60
S01313,2026-02-15,1,68
S01313,2026-02-17,2,27
S01313,2026-02-18,2,46
S01313,2026-02-19,2,45
S01313,2026-02-18,3,67
S01313,2026-02-19,3,68
S01313,2026-02-20,3,61
S01313,2026-02-20,4,60
S01313,2026-02-21,4,22
S01313,2026-02-22,4,67
S01313,2026-02-22,5,38
S01313,2026-02-23,5,68
S01313,2026-02-23,6,20
S01313,2026-02-24,6,62
S01313,2026-02-26,7,33
S01313,2026-02-27,7,23
S01313,2026-02-28,7,60
S01313,2026-02-27,8,38
S01313,2026-02-28,8,33
S01313,2026-03-01,8,46
S01313,2026-02-28,9,41
S01313,2026-03-01,9,30
S01313,2026-03-01,10,74
S01313,2026-03-02,10,43
S01314,2026-02-12,1,15
S01314,2026-02-13,1,44
S01314,2026-02-14,1,43
S01314,2026-02-23,2,39
S01314,2026-02-24,2,35
S01314,2026-03-02,3,27
S01314,2026-03-03,3,13
S01315,2026-04-15,1,24
S01315,2026-04-16,2,49
S01315,2026-04-18,3,58
S01315,2026-04-19,3,48
S01315,2026-04-20,3,44
S01315,2026-04-21,4,33
S01315,2026-04-22,5,43
S01315,2026-04-23,5,63
S01315,2026-04-24,5,62
S01315,2026-04-24,6,32
S01315,2026-04-25,7,57
S01315,2026-04-26,7,38
S01315,2026-04-27,8,34
S01315,2026-04-28,8,74
S01315,2026-04-28,9,53
S01315,2026-04-29,9,30
S01315,2026-04-30,9,42
S01315,2026-05-01,10,21
S01315,2026-05-02,10,73
S01315,2026-05-03,10,71
S01316,2026-02-01,1,41
S01316,2026-02-02,1,20
S01316,2026-02-06,2,22
S01316,2026-02-14,3,36
S01316,2026-02-15,3,26
S01316,2026-02-20,4,35
S01316,2026-02-21,4,24
S01316,2026-02-22,4,29
S01316,2026-03-02,5,12
S01316,2026-03-03,5,20
S01316,2026-03-04,5,6
S01316,2026-03-10,6,20
S01316,2026-03-24,7,11
S01316,2026-04-03,8,5
S01316,2026-04-04,8,9
S01317,2026-03-31,1,58
S01317,2026-04-03,2,57
S01317,2026-04-04,2,31
S01317,2026-04-05,2,35
S01317,2026-04-04,3,46
S01317,2026-04-05,3,37
S01317,2026-04-05,4,39
S01317,2026-04-06,4,49
S01317,2026-04-07,5,33
S01317,2026-04-08,5,53
S01317,2026-04-09,5,60
S01317,2026-04-10,6,73
S01317,2026-04-11,6,40
S01317,2026-04-11,7,20
S01317,2026-04-12,8,54
S01317,2026-04-14,9,68
S01317,2026-04-15,9,66
S01317,2026-04-16,10,41
S01318,2026-04-05,1,55
S01318,2026-04-18,2,26
S01318,2026-04-19,2,40
S01318,2026-05-03,3,47
S01318,2026-05-04,3,10
S01318,2026-05-05,3,21
S01319,2026-01-07,1,23
S01319,2026-01-10,2,73
S01319,2026-01-11,2,61
S01319,2026-01-12,2,45
S01319,2026-01-11,3,21
S01319,2026-01-12,3,37
S01319,2026-01-13,3,21
S01319,2026-01-12,4,55
S01319,2026-01-13,4,35
S01319,2026-01-13,5,72
S01319,2026-01-14,5,30
S01319,2026-01-15,5,63
S01319,2026-01-15,6,58
S01319,2026-01-16,6,47
S01319,2026-01-18,7,53
S01319,2026-01-19,7,60
S01319,2026-01-20,8,39
S01319,2026-01-22,9,54
S01319,2026-01-24,10,38
S01319,2026-01-25,10,71
S01319,2026-01-26,10,30
S01320,2026-01-29,1,24
S01320,2026-01-30,1,29
S01320,2026-01-31,1,28
S01320,2026-01-30,2,64
S01320,2026-01-31,2,46
S01320,2026-01-31,3,60
S01320,2026-02-01,3,53
S01320,2026-02-02,3,26
S01320,2026-02-02,4,69
S01320,2026-02-05,5,52
S01320,2026-02-06,5,57
S01320,2026-02-07,5,42
S01320,2026-02-06,6,35
S01320,2026-02-07,6,44
S01320,2026-02-08,6,61
S01320,2026-02-09,7,38
S01320,2026-02-11,8,69
S01320,2026-02-12,8,44
S01320,2026-02-13,9,57
S01320,2026-02-14,10,60
S01320,2026-02-15,10,41
S01321,2026-05-19,1,32
S01321,2026-05-20,1,49
S01321,2026-05-21,1,47
S01321,2026-05-20,2,40
S01321,2026-05-23,3,27
S01321,2026-05-24,3,57
S01321,2026-05-25,3,22
S01321,2026-05-26,4,71
S01321,2026-05-27,4,38
S01321,2026-05-28,4,40
S01321,2026-05-27,5,69
S01321,2026-05-28,5,39
S01321,2026-05-30,6,47
S01321,2026-05-31,6,45
S01321,2026-06-01,7,43
S01321,2026-06-03,8,39
S01321,2026-06-04,8,52
S01321,2026-06-04,9,58
S01321,2026-06-05,9,36
S01321,2026-06-07,10,20
S01321,2026-06-08,10,34
S01321,2026-06-09,10,38
S01322,2026-05-02,1,25
S01322,2026-05-03,1,59
S01322,2026-05-03,2,31
S01322,2026-05-05,3,24
S01322,2026-05-06,3,64
S01322,2026-05-07,3,29
S01322,2026-05-08,4,49
S01322,2026-05-09,4,59
S01322,2026-05-10,4,39
S01322,2026-05-11,5,22
S01322,2026-05-12,5,66
S01322,2026-05-13,5,53
S01322,2026-05-12,6,41
S01322,2026-05-14,7,47
S01322,2026-05-15,8,21
S01322,2026-05-16,8,28
S01322,2026-05-16,9,34
S01322,2026-05-19,10,21
S01322,2026-05-20,10,28
S01322,2026-05-21,10,62
S01323,2026-01-10,1,14
S01324,2026-05-22,1,70
S01324,2026-05-23,1,66
S01324,2026-05-23,2,50
S01324,2026-05-24,2,30
S01324,2026-05-25,2,24
S01324,2026-05-25,3,58
S01324,2026-05-26,3,40
S01324,2026-05-28,4,65
S01324,2026-05-29,4,40
S01324,2026-05-31,5,24
S01324,2026-06-03,6,39
S01324,2026-06-04,6,70
S01324,2026-06-04,7,28
S01324,2026-06-05,8,53
S01324,2026-06-06,8,72
S01324,2026-06-08,9,36
S01324,2026-06-09,9,30
S01324,2026-06-10,10,72
S01326,2026-05-09,1,35
S01326,2026-05-12,2,62
S01326,2026-05-15,3,55
S01326,2026-05-18,4,25
S01326,2026-05-20,5,51
S01326,2026-05-21,5,48
S01326,2026-05-22,5,69
S01326,2026-05-21,6,52
S01326,2026-05-23,7,62
S01326,2026-05-25,8,55
S01326,2026-05-26,8,64
S01326,2026-05-27,8,46
S01326,2026-05-27,9,53
S01326,2026-05-30,10,60
S01326,2026-05-31,10,70
S01326,2026-06-01,10,29
S01327,2026-01-02,1,73
S01327,2026-01-03,1,38
S01327,2026-01-04,2,63
S01327,2026-01-05,2,72
S01327,2026-01-06,2,61
S01327,2026-01-06,3,22
S01327,2026-01-07,4,64
S01327,2026-01-08,4,48
S01327,2026-01-09,5,69
S01327,2026-01-10,5,48
S01327,2026-01-11,5,33
S01327,2026-01-11,6,42
S01327,2026-01-14,7,51
S01327,2026-01-16,8,66
S01327,2026-01-17,8,22
S01327,2026-01-18,9,65
S01327,2026-01-20,10,60
S01327,2026-01-21,10,72
S01328,2026-03-26,1,19
S01328,2026-03-27,1,21
S01328,2026-03-28,1,13
S01328,2026-04-03,2,49
S01328,2026-04-04,2,17
S01328,2026-04-05,2,54
S01328,2026-04-13,3,27
S01328,2026-04-14,3,29
S01329,2026-01-22,1,57
S01329,2026-01-28,2,52
S01329,2026-01-29,2,31
S01329,2026-01-30,2,50
S01329,2026-02-05,3,31
S01329,2026-02-06,3,28
S01329,2026-02-13,4,47
S01329,2026-02-14,4,19
S01329,2026-02-15,4,11
S01329,2026-02-21,5,36
S01329,2026-02-22,5,46
S01329,2026-02-23,5,15
S01329,2026-03-09,6,38
S01329,2026-03-10,6,34
S01329,2026-03-11,6,47
S01330,2026-03-15,1,33
S01330,2026-03-16,1,29
S01330,2026-03-18,2,32
S01330,2026-03-19,2,74
S01330,2026-03-20,2,72
S01330,2026-03-19,3,53
S01330,2026-03-20,3,64
S01330,2026-03-22,4,29
S01330,2026-03-23,5,58
S01330,2026-03-24,5,66
S01330,2026-03-24,6,22
S01330,2026-03-25,6,50
S01330,2026-03-26,6,48
S01330,2026-03-26,7,40
S01330,2026-03-27,7,51
S01330,2026-03-28,8,36
S01330,2026-03-29,8,48
S01330,2026-03-30,8,67
S01330,2026-03-30,9,23
S01330,2026-03-31,9,68
S01330,2026-04-01,9,58
S01330,2026-03-31,10,27
S01331,2026-03-14,1,34
S01331,2026-03-15,1,45
S01331,2026-03-16,1,43
S01331,2026-03-20,2,32
S01331,2026-03-27,3,49
S01331,2026-03-28,3,34
S01331,2026-03-29,3,38
S01331,2026-04-03,4,29
S01331,2026-04-04,4,32
S01331,2026-04-05,4,37
S01331,2026-04-12,5,44
S01331,2026-04-13,5,15
S01331,2026-04-14,5,32
S01332,2026-01-07,1,54
S01332,2026-01-08,1,41
S01332,2026-01-09,1,17
S01332,2026-01-15,2,49
S01332,2026-01-25,3,41
S01332,2026-01-26,3,36
S01332,2026-02-03,4,29
S01332,2026-02-12,5,42
S01332,2026-02-13,5,40
S01333,2026-03-24,1,69
S01333,2026-03-25,1,49
S01333,2026-03-25,2,21
S01333,2026-03-26,2,73
S01333,2026-03-28,3,73
S01333,2026-03-29,4,29
S01333,2026-03-30,4,71
S01333,2026-04-01,5,39
S01333,2026-04-02,6,45
S01333,2026-04-03,6,22
S01333,2026-04-03,7,70
S01333,2026-04-04,7,58
S01333,2026-04-05,8,53
S01333,2026-04-06,8,58
S01333,2026-04-07,8,43
S01333,2026-04-06,9,68
S01333,2026-04-08,10,46
S01334,2026-04-30,1,14
S01334,2026-05-01,2,10
S01336,2026-05-23,1,54
S01336,2026-05-24,1,42
S01336,2026-06-03,2,53
S01336,2026-06-04,2,49
S01336,2026-06-17,3,50
S01336,2026-06-18,3,33
S01336,2026-06-19,3,49
S01337,2026-02-23,1,20
S01337,2026-02-24,1,27
S01337,2026-02-24,2,69
S01337,2026-02-25,2,59
S01337,2026-02-26,2,25
S01337,2026-02-27,3,34
S01337,2026-02-28,3,25
S01337,2026-03-01,3,25
S01337,2026-03-02,4,60
S01337,2026-03-03,4,65
S01337,2026-03-05,5,42
S01337,2026-03-07,6,58
S01337,2026-03-08,6,52
S01337,2026-03-09,6,21
S01337,2026-03-08,7,62
S01337,2026-03-09,7,43
S01337,2026-03-10,7,31
S01337,2026-03-10,8,34
S01337,2026-03-11,9,36
S01337,2026-03-12,9,33
S01337,2026-03-14,10,54
S01337,2026-03-15,10,53
S01337,2026-03-16,10,22
S01338,2026-03-09,1,17
S01338,2026-03-14,2,12
S01338,2026-03-30,3,52
S01339,2026-03-25,1,66
S01339,2026-03-26,1,43
S01339,2026-03-27,1,38
S01339,2026-03-28,2,31
S01339,2026-03-29,2,73
S01339,2026-03-30,2,73
S01339,2026-03-31,3,40
S01339,2026-04-01,4,62
S01339,2026-04-03,5,24
S01339,2026-04-04,5,48
S01339,2026-04-05,5,24
S01339,2026-04-06,6,49
S01339,2026-04-09,7,61
S01339,2026-04-10,7,45
S01339,2026-04-11,7,30
S01339,2026-04-12,8,52
S01339,2026-04-13,8,52
S01339,2026-04-14,9,37
S01339,2026-04-15,9,45
S01339,2026-04-16,9,74
S01339,2026-04-17,10,30
S01340,2026-03-01,1,41
S01340,2026-03-02,1,44
S01340,2026-03-04,2,69
S01340,2026-03-05,3,71
S01340,2026-03-06,3,74
S01340,2026-03-07,3,44
S01340,2026-03-08,4,53
S01340,2026-03-11,5,37
S01340,2026-03-12,5,29
S01340,2026-03-13,5,52
S01340,2026-03-12,6,24
S01340,2026-03-13,7,46
S01340,2026-03-14,7,26
S01340,2026-03-14,8,25
S01340,2026-03-15,8,28
S01340,2026-03-16,8,27
S01340,2026-03-16,9,71
S01340,2026-03-19,10,55
S01340,2026-03-20,10,74
S01340,2026-03-21,10,22
S01341,2026-01-30,1,20
S01341,2026-01-31,2,30
S01341,2026-02-01,2,48
S01341,2026-02-01,3,21
S01341,2026-02-04,4,22
S01341,2026-02-05,4,28
S01341,2026-02-06,5,53
S01341,2026-02-07,5,42
S01341,2026-02-09,6,68
S01341,2026-02-10,6,47
S01341,2026-02-11,6,45
S01341,2026-02-12,7,50
S01341,2026-02-13,7,30
S01341,2026-02-14,8,66
S01341,2026-02-16,9,50
S01341,2026-02-17,9,70
S01341,2026-02-18,9,47
S01341,2026-02-19,10,23
S01341,2026-02-20,10,55
S01342,2026-05-31,1,69
S01342,2026-06-02,2,48
S01342,2026-06-03,2,72
S01342,2026-06-05,3,39
S01342,2026-06-06,4,37
S01342,2026-06-07,5,44
S01342,2026-06-08,5,71
S01342,2026-06-08,6,46
S01342,2026-06-11,7,29
S01342,2026-06-12,7,45
S01342,2026-06-13,7,26
S01342,2026-06-12,8,32
S01342,2026-06-14,9,53
S01342,2026-06-16,10,61
S01342,2026-06-17,10,20
S01342,2026-06-18,10,53
S01344,2026-02-02,1,13
S01344,2026-02-03,1,23
S01344,2026-02-04,1,48
S01344,2026-02-07,2,40
S01344,2026-02-08,2,27
S01344,2026-02-14,3,19
S01344,2026-02-21,4,9
S01344,2026-02-22,4,30
S01344,2026-02-23,4,16
S01344,2026-02-26,5,29
S01344,2026-02-27,5,16
S01344,2026-02-28,5,43
S01344,2026-03-13,6,32
S01344,2026-03-21,7,27
S01344,2026-03-22,7,44
S01345,2026-05-28,1,34
S01345,2026-06-03,2,32
S01345,2026-06-09,3,35
S01345,2026-06-10,3,25
S01345,2026-06-17,4,46
S01345,2026-06-18,4,17
S01345,2026-06-26,5,39
S01345,2026-06-27,5,19
S01345,2026-07-04,6,34
S01345,2026-07-05,6,31
S01345,2026-07-14,7,15
S01346,2026-03-18,1,62
S01346,2026-03-19,1,24
S01346,2026-03-20,1,57
S01346,2026-03-20,2,41
S01346,2026-03-21,2,64
S01346,2026-03-22,3,37
S01346,2026-03-23,3,72
S01346,2026-03-24,3,50
S01346,2026-03-23,4,34
S01346,2026-03-24,5,67
S01346,2026-03-25,6,50
S01346,2026-03-26,6,44
S01346,2026-03-28,7,47
S01346,2026-03-29,8,69
S01346,2026-03-30,8,32
S01346,2026-03-31,9,51
S01346,2026-04-01,9,33
S01346,2026-04-03,10,27
S01347,2026-03-25,1,49
S01347,2026-03-27,2,34
S01347,2026-03-30,3,61
S01347,2026-03-31,3,35
S01347,2026-04-01,3,52
S01347,2026-04-01,4,63
S01347,2026-04-02,4,35
S01347,2026-04-04,5,45
S01347,2026-04-05,5,34
S01347,2026-04-06,6,36
S01347,2026-04-07,6,33
S01347,2026-04-08,6,21
S01347,2026-04-07,7,23
S01347,2026-04-08,7,45
S01347,2026-04-09,7,55
S01347,2026-04-09,8,73
S01347,2026-04-10,9,20
S01347,2026-04-11,10,58
S01347,2026-04-12,10,21
S01347,2026-04-13,10,29
S01348,2026-01-24,1,64
S01348,2026-01-25,2,37
S01348,2026-01-27,3,33
S01348,2026-01-30,4,74
S01348,2026-01-31,4,63
S01348,2026-02-02,5,35
S01348,2026-02-04,6,48
S01348,2026-02-05,7,67
S01348,2026-02-08,8,41
S01348,2026-02-11,9,33
S01348,2026-02-14,10,21
S01349,2026-03-24,1,8
S01350,2026-05-01,1,22
S01350,2026-05-02,2,38
S01350,2026-05-03,2,70
S01350,2026-05-04,2,36
S01350,2026-05-03,3,29
S01350,2026-05-04,3,40
S01350,2026-05-05,3,60
S01350,2026-05-05,4,31
S01350,2026-05-06,4,30
S01350,2026-05-07,4,41
S01350,2026-05-07,5,34
S01350,2026-05-08,5,65
S01350,2026-05-09,5,47
S01350,2026-05-10,6,31
S01350,2026-05-11,6,32
S01350,2026-05-12,6,58
S01350,2026-05-12,7,57
S01350,2026-05-15,8,64
S01350,2026-05-16,8,23
S01350,2026-05-16,9,60
S01350,2026-05-17,9,64
S01350,2026-05-17,10,24
S01350,2026-05-18,10,57
S01352,2026-04-15,1,15
S01352,2026-04-16,1,20
S01352,2026-04-17,1,37
S01352,2026-04-27,2,37
S01352,2026-04-28,2,19
S01353,2026-03-10,1,68
S01353,2026-03-11,1,35
S01353,2026-03-12,1,58
S01353,2026-03-13,2,32
S01353,2026-03-14,2,33
S01353,2026-03-15,2,31
S01353,2026-03-14,3,22
S01353,2026-03-15,3,41
S01353,2026-03-16,4,73
S01353,2026-03-17,5,33
S01353,2026-03-18,5,38
S01353,2026-03-18,6,55
S01353,2026-03-19,6,48
S01353,2026-03-20,6,22
S01353,2026-03-19,7,47
S01353,2026-03-20,8,28
S01353,2026-03-21,8,41
S01353,2026-03-21,9,35
S01353,2026-03-23,10,41
S01353,2026-03-24,10,51
S01353,2026-03-25,10,56
S01354,2026-06-03,1,24
S01354,2026-06-04,1,30
S01354,2026-06-05,1,44
S01354,2026-06-07,2,35
S01354,2026-06-12,3,34
S01354,2026-06-19,4,47
S01354,2026-06-20,4,20
S01354,2026-06-21,4,51
S01354,2026-06-28,5,31
S01354,2026-07-06,6,14
S01354,2026-07-15,7,12
S01354,2026-07-16,7,39
S01354,2026-07-17,7,11
S01354,2026-07-25,8,9
S01354,2026-07-26,8,14
S01354,2026-07-27,8,30
S01355,2026-03-14,1,47
S01355,2026-03-15,1,41
S01355,2026-03-15,2,30
S01355,2026-03-16,2,74
S01355,2026-03-18,3,46
S01355,2026-03-19,3,48
S01355,2026-03-20,3,44
S01355,2026-03-19,4,61
S01355,2026-03-20,4,58
S01355,2026-03-21,5,70
S01355,2026-03-22,5,50
S01355,2026-03-23,5,52
S01355,2026-03-23,6,29
S01355,2026-03-25,7,33
S01355,2026-03-26,8,59
S01355,2026-03-27,8,72
S01355,2026-03-27,9,20
S01355,2026-03-28,9,58
S01355,2026-03-28,10,59
S01355,2026-03-29,10,40
S01355,2026-03-30,10,56
S01357,2026-04-21,1,6
S01358,2026-04-29,1,62
S01358,2026-04-30,1,41
S01358,2026-05-01,2,71
S01358,2026-05-02,2,56
S01358,2026-05-02,3,56
S01358,2026-05-03,4,42
S01358,2026-05-04,4,56
S01358,2026-05-05,4,65
S01358,2026-05-04,5,47
S01358,2026-05-05,5,74
S01358,2026-05-06,5,45
S01358,2026-05-07,6,28
S01358,2026-05-08,6,66
S01358,2026-05-09,6,34
S01358,2026-05-10,7,35
S01358,2026-05-11,7,53
S01358,2026-05-11,8,57
S01358,2026-05-12,8,22
S01358,2026-05-13,8,59
S01358,2026-05-12,9,63
S01358,2026-05-13,10,72
S01358,2026-05-14,10,56
S01358,2026-05-15,10,51
S01359,2026-05-02,1,27
S01359,2026-05-03,1,60
S01359,2026-05-04,2,43
S01359,2026-05-07,3,59
S01359,2026-05-08,3,26
S01359,2026-05-09,4,70
S01359,2026-05-10,4,24
S01359,2026-05-11,5,48
S01359,2026-05-14,6,62
S01359,2026-05-15,6,50
S01359,2026-05-16,7,40
S01359,2026-05-17,7,53
S01359,2026-05-17,8,59
S01359,2026-05-18,8,68
S01359,2026-05-20,9,38
S01359,2026-05-21,9,26
S01359,2026-05-21,10,41
S01360,2026-04-18,1,37
S01360,2026-04-19,1,52
S01360,2026-04-20,1,53
S01360,2026-04-26,2,30
S01360,2026-04-27,2,28
S01360,2026-04-28,2,14
S01360,2026-05-14,3,36
S01361,2026-03-19,1,19
S01361,2026-03-20,2,14
S01362,2026-03-12,1,21
S01362,2026-03-14,2,68
S01362,2026-03-15,3,42
S01362,2026-03-16,3,54
S01362,2026-03-17,3,45
S01362,2026-03-18,4,56
S01362,2026-03-19,4,27
S01362,2026-03-19,5,26
S01362,2026-03-20,5,64
S01362,2026-03-20,6,36
S01362,2026-03-21,6,38
S01362,2026-03-22,6,64
S01362,2026-03-23,7,23
S01362,2026-03-25,8,42
S01362,2026-03-27,9,34
S01362,2026-03-28,9,73
S01362,2026-03-29,9,57
S01362,2026-03-28,10,53
S01362,2026-03-29,10,72
S01362,2026-03-30,10,74
S01363,2026-03-24,1,57
S01363,2026-03-25,1,32
S01363,2026-03-29,2,32
S01363,2026-03-30,2,33
S01363,2026-04-04,3,48
S01363,2026-04-19,4,51
S01363,2026-04-29,5,31
S01364,2026-02-26,1,30
S01364,2026-03-07,2,42
S01364,2026-03-08,2,27
S01364,2026-03-09,2,54
S01365,2026-04-14,1,43
S01365,2026-04-20,2,27
S01365,2026-04-21,2,54
S01365,2026-04-28,3,46
S01365,2026-04-29,3,36
S01365,2026-05-05,4,25
S01365,2026-05-06,4,44
S01365,2026-05-14,5,33
S01365,2026-05-15,5,44
S01365,2026-05-16,5,14
S01365,2026-05-25,6,5
S01365,2026-06-03,7,16
S01365,2026-06-19,8,18
S01365,2026-06-20,8,29
S01365,2026-06-21,8,5
S01366,2026-01-03,1,68
S01366,2026-01-04,1,59
S01366,2026-01-05,1,64
S01366,2026-01-05,2,27
S01366,2026-01-08,3,58
S01366,2026-01-10,4,64
S01366,2026-01-11,4,35
S01366,2026-01-12,5,27
S01366,2026-01-13,5,36
S01366,2026-01-14,5,33
S01366,2026-01-14,6,72
S01366,2026-01-16,7,34
S01366,2026-01-19,8,47
S01366,2026-01-21,9,47
S01366,2026-01-24,10,70
S01366,2026-01-25,10,34
S01366,2026-01-26,10,38
S01367,2026-02-07,1,52
S01367,2026-02-19,2,13
S01367,2026-02-20,2,51
S01367,2026-03-08,3,15
S01367,2026-03-09,3,16
S01367,2026-03-10,3,11
S01368,2026-04-10,1,15
S01369,2026-04-18,1,43
S01369,2026-04-19,2,64
S01369,2026-04-20,2,63
S01369,2026-04-21,2,22
S01369,2026-04-22,3,35
S01369,2026-04-23,3,26
S01369,2026-04-24,3,52
S01369,2026-04-23,4,22
S01369,2026-04-24,4,22
S01369,2026-04-26,5,42
S01369,2026-04-27,5,34
S01369,2026-04-28,5,28
S01369,2026-04-28,6,37
S01369,2026-04-29,7,25
S01369,2026-04-30,7,40
S01369,2026-05-01,8,46
S01369,2026-05-02,9,44
S01369,2026-05-03,9,74
S01369,2026-05-04,9,26
S01369,2026-05-05,10,37
S01369,2026-05-06,10,63
S01369,2026-05-07,10,61
S01370,2026-03-30,1,25
S01370,2026-03-31,1,71
S01370,2026-03-31,2,27
S01370,2026-04-01,2,50
S01370,2026-04-03,3,61
S01370,2026-04-06,4,47
S01370,2026-04-07,4,30
S01370,2026-04-08,5,63
S01370,2026-04-09,5,23
S01370,2026-04-10,6,68
S01370,2026-04-11,6,50
S01370,2026-04-11,7,62
S01370,2026-04-12,7,25
S01370,2026-04-13,7,44
S01370,2026-04-14,8,73
S01370,2026-04-15,8,22
S01370,2026-04-16,8,31
S01370,2026-04-16,9,61
S01370,2026-04-18,10,47
S01370,2026-04-19,10,36
S01370,2026-04-20,10,63
S01372,2026-01-31,1,39
S01372,2026-02-01,2,38
S01372,2026-02-02,2,55
S01372,2026-02-03,2,31
S01372,2026-02-02,3,42
S01372,2026-02-04,4,60
S01372,2026-02-05,4,39
S01372,2026-02-07,5,29
S01372,2026-02-08,5,29
S01372,2026-02-09,5,40
S01372,2026-02-10,6,64
S01372,2026-02-12,7,74
S01372,2026-02-13,7,64
S01372,2026-02-13,8,55
S01372,2026-02-14,8,40
S01372,2026-02-16,9,62
S01372,2026-02-18,10,57
S01372,2026-02-19,10,37
S01372,2026-02-20,10,27
S01373,2026-04-18,1,16
S01374,2026-05-13,1,61
S01374,2026-05-14,2,73
S01374,2026-05-15,2,68
S01374,2026-05-17,3,66
S01374,2026-05-18,3,31
S01374,2026-05-19,3,68
S01374,2026-05-18,4,34
S01374,2026-05-19,4,40
S01374,2026-05-20,4,44
S01374,2026-05-20,5,35
S01374,2026-05-21,6,33
S01374,2026-05-24,7,38
S01374,2026-05-25,7,63
S01374,2026-05-26,7,42
S01374,2026-05-27,8,33
S01374,2026-05-28,9,38
S01374,2026-05-29,10,53
S01374,2026-05-30,10,33
S01374,2026-05-31,10,38
S01375,2026-04-07,1,57
S01375,2026-04-08,2,43
S01375,2026-04-09,2,49
S01375,2026-04-10,2,45
S01375,2026-04-09,3,50
S01375,2026-04-10,3,46
S01375,2026-04-10,4,63
S01375,2026-04-11,4,66
S01375,2026-04-12,4,24
S01375,2026-04-11,5,66
S01375,2026-04-14,6,51
S01375,2026-04-15,7,55
S01375,2026-04-17,8,28
S01375,2026-04-20,9,69
S01375,2026-04-21,9,37
S01375,2026-04-23,10,53
S01376,2026-03-25,1,19
S01377,2026-05-13,1,46
S01377,2026-05-14,1,72
S01377,2026-05-15,1,22
S01377,2026-05-16,2,27
S01377,2026-05-19,3,58
S01377,2026-05-20,3,29
S01377,2026-05-22,4,65
S01377,2026-05-25,5,72
S01377,2026-05-26,5,24
S01377,2026-05-28,6,65
S01377,2026-05-29,6,59
S01377,2026-05-29,7,33
S01377,2026-05-30,8,62
S01377,2026-05-31,8,68
S01377,2026-06-01,9,69
S01377,2026-06-03,10,57
S01378,2026-02-11,1,74
S01378,2026-02-14,2,66
S01378,2026-02-15,2,56
S01378,2026-02-15,3,72
S01378,2026-02-16,4,50
S01378,2026-02-18,5,30
S01378,2026-02-19,5,61
S01378,2026-02-20,6,60
S01378,2026-02-21,6,50
S01378,2026-02-22,6,54
S01378,2026-02-23,7,25
S01378,2026-02-24,8,21
S01378,2026-02-25,8,39
S01378,2026-02-26,8,38
S01378,2026-02-25,9,47
S01378,2026-02-26,9,28
S01378,2026-02-26,10,70
S01378,2026-02-27,10,21
S01379,2026-02-25,1,25
S01379,2026-02-26,1,33
S01379,2026-02-27,1,51
S01379,2026-02-27,2,32
S01379,2026-03-02,3,21
S01379,2026-03-05,4,41
S01379,2026-03-06,5,68
S01379,2026-03-07,5,35
S01379,2026-03-08,5,36
S01379,2026-03-07,6,62
S01379,2026-03-08,6,38
S01379,2026-03-09,6,62
S01379,2026-03-09,7,61
S01379,2026-03-10,7,51
S01379,2026-03-12,8,73
S01379,2026-03-13,8,48
S01379,2026-03-14,9,34
S01379,2026-03-15,10,33
S01380,2026-05-27,1,53
S01380,2026-05-28,1,55
S01380,2026-05-29,1,27
S01380,2026-06-04,2,53
S01380,2026-06-05,2,12
S01380,2026-06-12,3,37
S01380,2026-06-23,4,48
S01380,2026-07-02,5,26
S01381,2026-01-25,1,48
S01381,2026-01-26,1,64
S01381,2026-01-27,1,51
S01381,2026-01-28,2,39
S01381,2026-01-29,3,27
S01381,2026-01-30,3,60
S01381,2026-01-31,4,65
S01381,2026-02-03,5,25
S01381,2026-02-04,6,28
S01381,2026-02-05,7,52
S01381,2026-02-06,7,41
S01381,2026-02-07,7,69
S01381,2026-02-08,8,50
S01381,2026-02-09,8,32
S01381,2026-02-11,9,66
S01381,2026-02-12,9,45
S01381,2026-02-13,9,68
S01381,2026-02-12,10,72
S01382,2026-02-26,1,50
S01382,2026-03-01,2,45
S01382,2026-03-02,2,20
S01382,2026-03-03,2,20
S01382,2026-03-04,3,40
S01382,2026-03-06,4,48
S01382,2026-03-07,4,64
S01382,2026-03-09,5,30
S01382,2026-03-10,6,48
S01382,2026-03-11,6,72
S01382,2026-03-13,7,27
S01382,2026-03-14,8,71
S01382,2026-03-15,8,34
S01382,2026-03-16,8,40
S01382,2026-03-15,9,61
S01382,2026-03-18,10,51
S01382,2026-03-19,10,21
S01383,2026-04-27,1,7
S01384,2026-03-23,1,41
S01384,2026-03-24,1,69
S01384,2026-03-25,2,28
S01384,2026-03-27,3,33
S01384,2026-03-28,3,21
S01384,2026-03-29,3,30
S01384,2026-03-30,4,59
S01384,2026-04-01,5,21
S01384,2026-04-03,6,35
S01384,2026-04-04,6,33
S01384,2026-04-05,7,68
S01384,2026-04-06,7,24
S01384,2026-04-07,8,25
S01384,2026-04-08,8,33
S01384,2026-04-10,9,32
S01384,2026-04-12,10,32
S01384,2026-04-13,10,40
S01384,2026-04-14,10,52
S01385,2026-06-04,1,27
S01385,2026-06-05,1,29
S01385,2026-06-11,2,24
S01386,2026-05-09,1,20
S01386,2026-05-10,1,24
S01386,2026-05-10,2,49
S01386,2026-05-11,2,42
S01386,2026-05-12,2,53
S01386,2026-05-11,3,74
S01386,2026-05-12,3,53
S01386,2026-05-13,3,50
S01386,2026-05-14,4,53
S01386,2026-05-15,4,65
S01386,2026-05-15,5,48
S01386,2026-05-16,5,53
S01386,2026-05-16,6,40
S01386,2026-05-17,6,57
S01386,2026-05-18,6,40
S01386,2026-05-17,7,45
S01386,2026-05-18,7,26
S01386,2026-05-19,7,64
S01386,2026-05-18,8,73
S01386,2026-05-19,8,41
S01386,2026-05-20,8,51
S01386,2026-05-19,9,68
S01386,2026-05-20,9,31
S01386,2026-05-21,9,49
S01386,2026-05-21,10,46
S01387,2026-01-13,1,52
S01387,2026-01-21,2,33
S01387,2026-01-31,3,29
S01387,2026-02-11,4,14
S01387,2026-02-20,5,48
S01387,2026-03-07,6,24
S01387,2026-03-08,6,5
S01388,2026-01-07,1,48
S01388,2026-01-09,2,37
S01388,2026-01-11,3,22
S01388,2026-01-12,3,65
S01388,2026-01-14,4,32
S01388,2026-01-15,4,43
S01388,2026-01-15,5,46
S01388,2026-01-18,6,67
S01388,2026-01-19,6,24
S01388,2026-01-20,7,64
S01388,2026-01-22,8,46
S01388,2026-01-23,9,32
S01388,2026-01-24,9,35
S01388,2026-01-26,10,28
S01388,2026-01-27,10,35
S01388,2026-01-28,10,25
S01389,2026-04-12,1,6
S01390,2026-03-01,1,66
S01390,2026-03-02,1,71
S01390,2026-03-03,1,70
S01390,2026-03-04,2,73
S01390,2026-03-05,2,49
S01390,2026-03-07,3,34
S01390,2026-03-08,4,71
S01390,2026-03-09,4,71
S01390,2026-03-10,4,22
S01390,2026-03-11,5,34
S01390,2026-03-12,5,24
S01390,2026-03-14,6,27
S01390,2026-03-15,6,29
S01390,2026-03-16,6,53
S01390,2026-03-16,7,46
S01390,2026-03-17,7,37
S01390,2026-03-17,8,60
S01390,2026-03-18,9,41
S01390,2026-03-21,10,74
S01391,2026-01-13,1,23
S01391,2026-01-15,2,70
S01391,2026-01-17,3,44
S01391,2026-01-20,4,61
S01391,2026-01-21,4,54
S01391,2026-01-22,4,48
S01391,2026-01-21,5,29
S01391,2026-01-22,5,31
S01391,2026-01-23,5,37
S01391,2026-01-23,6,74
S01391,2026-01-24,6,49
S01391,2026-01-26,7,49
S01391,2026-01-27,8,41
S01391,2026-01-28,8,29
S01391,2026-01-29,8,45
S01391,2026-01-30,9,28
S01391,2026-01-31,9,35
S01391,2026-02-01,9,36
S01391,2026-02-01,10,21
S01391,2026-02-02,10,46
S01391,2026-02-03,10,65
S01392,2026-03-21,1,67
S01392,2026-03-24,2,34
S01392,2026-03-25,2,41
S01392,2026-03-26,2,32
S01392,2026-03-25,3,44
S01392,2026-03-27,4,22
S01392,2026-03-30,5,60
S01392,2026-03-31,6,43
S01392,2026-04-01,6,69
S01392,2026-04-02,6,73
S01392,2026-04-02,7,64
S01392,2026-04-05,8,67
S01392,2026-04-07,9,31
S01392,2026-04-08,9,56
S01392,2026-04-10,10,64
S01393,2026-01-31,1,42
S01393,2026-02-03,2,30
S01393,2026-02-04,2,74
S01393,2026-02-05,2,27
S01393,2026-02-05,3,59
S01393,2026-02-07,4,67
S01393,2026-02-09,5,34
S01393,2026-02-10,5,73
S01393,2026-02-11,6,58
S01393,2026-02-12,6,25
S01393,2026-02-13,6,22
S01393,2026-02-13,7,57
S01393,2026-02-14,7,63
S01393,2026-02-15,8,56
S01393,2026-02-16,8,51
S01393,2026-02-18,9,36
S01393,2026-02-21,10,32
S01393,2026-02-22,10,20
S01393,2026-02-23,10,50
S01394,2026-05-09,1,63
S01394,2026-05-11,2,31
S01394,2026-05-12,2,31
S01394,2026-05-13,3,44
S01394,2026-05-14,3,68
S01394,2026-05-15,3,74
S01394,2026-05-15,4,63
S01394,2026-05-16,4,48
S01394,2026-05-18,5,64
S01394,2026-05-19,6,37
S01394,2026-05-20,6,52
S01394,2026-05-20,7,41
S01394,2026-05-21,7,65
S01394,2026-05-22,7,28
S01394,2026-05-23,8,49
S01394,2026-05-25,9,24
S01394,2026-05-26,10,58
S01394,2026-05-27,10,37
S01395,2026-01-28,1,54
S01395,2026-01-29,1,46
S01395,2026-01-29,2,42
S01395,2026-01-30,2,25
S01395,2026-01-31,2,33
S01395,2026-01-31,3,57
S01395,2026-02-01,4,22
S01395,2026-02-02,4,62
S01395,2026-02-02,5,49
S01395,2026-02-04,6,65
S01395,2026-02-05,6,56
S01395,2026-02-06,7,51
S01395,2026-02-07,7,33
S01395,2026-02-07,8,30
S01395,2026-02-08,8,60
S01395,2026-02-09,8,34
S01395,2026-02-08,9,40
S01395,2026-02-09,10,65
S01396,2026-01-27,1,25
S01396,2026-02-02,2,22
S01396,2026-02-03,2,51
S01396,2026-02-12,3,14
S01397,2026-02-26,1,49
S01397,2026-02-27,1,21
S01397,2026-02-28,1,51
S01397,2026-02-27,2,27
S01397,2026-02-28,2,27
S01397,2026-02-28,3,39
S01397,2026-03-01,3,54
S01397,2026-03-03,4,56
S01397,2026-03-06,5,61
S01397,2026-03-07,5,74
S01397,2026-03-07,6,32
S01397,2026-03-08,6,68
S01397,2026-03-10,7,56
S01397,2026-03-11,7,53
S01397,2026-03-12,8,34
S01397,2026-03-13,8,44
S01397,2026-03-14,8,48
S01397,2026-03-15,9,54
S01397,2026-03-18,10,60
S01398,2026-03-10,1,66
S01398,2026-03-11,1,37
S01398,2026-03-12,1,34
S01398,2026-03-11,2,29
S01398,2026-03-12,2,44
S01398,2026-03-13,2,41
S01398,2026-03-14,3,57
S01398,2026-03-15,3,59
S01398,2026-03-15,4,22
S01398,2026-03-17,5,37
S01398,2026-03-18,5,72
S01398,2026-03-19,5,71
S01398,2026-03-19,6,43
S01398,2026-03-20,6,30
S01398,2026-03-21,6,58
S01398,2026-03-21,7,52
S01398,2026-03-22,7,39
S01398,2026-03-23,7,61
S01398,2026-03-24,8,47
S01398,2026-03-25,8,55
S01398,2026-03-26,8,49
S01398,2026-03-25,9,23
S01398,2026-03-26,9,44
S01398,2026-03-27,10,56
S01398,2026-03-28,10,31
S01398,2026-03-29,10,48
S01399,2026-05-19,1,51
S01399,2026-05-20,1,54
S01399,2026-05-21,1,46
S01399,2026-05-25,2,21
S01399,2026-05-26,2,21
S01399,2026-06-03,3,30
S01399,2026-06-13,4,36
S01399,2026-06-14,4,32
S01399,2026-06-15,4,14
S01399,2026-06-22,5,27
S01399,2026-07-01,6,12
S01399,2026-07-02,6,40
S01399,2026-07-13,7,26
S01399,2026-07-14,7,11
S01400,2026-01-19,1,45
S01400,2026-01-24,2,29
S01400,2026-01-25,2,32
S01400,2026-01-26,2,30
S01400,2026-02-01,3,9
S01400,2026-02-02,3,34
S01400,2026-02-11,4,24
S01400,2026-02-12,4,19
S01400,2026-02-13,4,33
S01401,2026-01-26,1,45
S01401,2026-01-27,1,39
S01401,2026-01-28,1,43
S01401,2026-01-29,2,51
S01401,2026-01-30,2,68
S01401,2026-01-30,3,56
S01401,2026-02-02,4,74
S01401,2026-02-04,5,66
S01401,2026-02-05,6,39
S01401,2026-02-06,6,47
S01401,2026-02-06,7,58
S01401,2026-02-08,8,61
S01401,2026-02-09,8,32
S01401,2026-02-10,8,24
S01401,2026-02-10,9,55
S01401,2026-02-11,9,21
S01401,2026-02-12,9,25
S01401,2026-02-12,10,44
S01401,2026-02-13,10,59
S01402,2026-05-17,1,27
S01402,2026-05-18,1,26
S01402,2026-05-20,2,67
S01402,2026-05-22,3,35
S01402,2026-05-25,4,71
S01402,2026-05-26,4,46
S01402,2026-05-27,4,32
S01402,2026-05-26,5,45
S01402,2026-05-29,6,20
S01402,2026-05-30,6,31
S01402,2026-06-01,7,22
S01402,2026-06-02,7,25
S01402,2026-06-02,8,59
S01402,2026-06-05,9,26
S01402,2026-06-06,9,52
S01402,2026-06-07,9,70
S01402,2026-06-07,10,34
S01403,2026-02-26,1,56
S01403,2026-02-27,1,37
S01403,2026-02-28,1,27
S01403,2026-02-28,2,41
S01403,2026-03-01,3,22
S01403,2026-03-04,4,65
S01403,2026-03-05,4,47
S01403,2026-03-06,4,72
S01403,2026-03-07,5,46
S01403,2026-03-08,6,37
S01403,2026-03-09,6,49
S01403,2026-03-09,7,48
S01403,2026-03-10,7,74
S01403,2026-03-12,8,25
S01403,2026-03-13,8,55
S01403,2026-03-14,8,31
S01403,2026-03-14,9,56
S01403,2026-03-15,9,56
S01403,2026-03-16,9,27
S01403,2026-03-15,10,65
S01404,2026-05-31,1,17
S01404,2026-06-07,2,38
S01404,2026-06-23,3,34
S01404,2026-06-24,3,38
S01404,2026-06-25,3,25
S01405,2026-04-06,1,55
S01405,2026-04-07,1,18
S01405,2026-04-12,2,17
S01405,2026-04-13,2,29
S01405,2026-04-19,3,29
S01405,2026-04-20,3,12
S01405,2026-05-01,4,48
S01405,2026-05-02,4,21
S01405,2026-05-03,4,20
S01405,2026-05-10,5,36
S01405,2026-05-11,5,48
S01405,2026-05-12,5,40
S01406,2026-02-28,1,70
S01406,2026-03-01,1,24
S01406,2026-03-02,2,22
S01406,2026-03-03,3,32
S01406,2026-03-06,4,43
S01406,2026-03-07,4,27
S01406,2026-03-07,5,72
S01406,2026-03-08,5,33
S01406,2026-03-09,5,46
S01406,2026-03-08,6,25
S01406,2026-03-09,7,44
S01406,2026-03-11,8,42
S01406,2026-03-12,8,36
S01406,2026-03-13,8,49
S01406,2026-03-13,9,55
S01406,2026-03-14,9,63
S01406,2026-03-15,9,65
S01406,2026-03-14,10,39
S01406,2026-03-15,10,30
S01406,2026-03-16,10,44
S01407,2026-03-14,1,20
S01407,2026-03-15,1,42
S01407,2026-03-16,1,51
S01407,2026-03-23,2,29
S01407,2026-03-24,2,33
S01407,2026-04-07,3,15
S01407,2026-04-08,3,29
S01407,2026-04-09,3,42
S01408,2026-01-20,1,30
S01408,2026-01-21,1,50
S01408,2026-01-22,1,24
S01408,2026-01-27,2,13
S01408,2026-01-28,2,33
S01408,2026-02-03,3,53
S01408,2026-02-13,4,24
S01408,2026-02-14,4,44
S01408,2026-02-25,5,37
S01408,2026-03-10,6,22
S01409,2026-03-11,1,27
S01409,2026-03-16,2,18
S01409,2026-03-17,2,33
S01409,2026-03-27,3,35
S01409,2026-04-09,4,14
S01409,2026-04-10,4,22
S01409,2026-04-11,4,11
S01409,2026-04-17,5,41
S01409,2026-04-18,5,40
S01409,2026-04-19,5,28
S01410,2026-04-01,1,7
S01410,2026-04-02,2,10
S01411,2026-01-16,1,54
S01411,2026-01-17,1,73
S01411,2026-01-18,1,43
S01411,2026-01-18,2,26
S01411,2026-01-19,2,71
S01411,2026-01-20,3,73
S01411,2026-01-21,3,27
S01411,2026-01-22,4,73
S01411,2026-01-23,4,49
S01411,2026-01-24,4,72
S01411,2026-01-23,5,43
S01411,2026-01-25,6,62
S01411,2026-01-26,6,53
S01411,2026-01-27,7,63
S01411,2026-01-30,8,43
S01411,2026-01-31,8,63
S01411,2026-01-31,9,33
S01411,2026-02-01,9,36
S01411,2026-02-01,10,72
S01411,2026-02-02,10,27
S01412,2026-05-19,1,30
S01412,2026-05-20,1,22
S01412,2026-05-22,2,23
S01412,2026-05-23,2,49
S01412,2026-05-24,2,57
S01412,2026-05-25,3,38
S01412,2026-05-26,3,68
S01412,2026-05-27,3,72
S01412,2026-05-26,4,28
S01412,2026-05-27,4,46
S01412,2026-05-28,4,39
S01412,2026-05-28,5,46
S01412,2026-05-30,6,69
S01412,2026-05-31,6,40
S01412,2026-06-01,7,39
S01412,2026-06-02,7,66
S01412,2026-06-03,7,24
S01412,2026-06-02,8,31
S01412,2026-06-03,8,20
S01412,2026-06-03,9,34
S01412,2026-06-04,10,27
S01412,2026-06-05,10,56
S01412,2026-06-06,10,43
S01413,2026-01-25,1,40
S01413,2026-01-28,2,38
S01413,2026-01-29,2,30
S01413,2026-01-30,2,72
S01413,2026-01-31,3,47
S01413,2026-02-02,4,40
S01413,2026-02-03,4,40
S01413,2026-02-04,4,60
S01413,2026-02-03,5,39
S01413,2026-02-04,5,47
S01413,2026-02-06,6,23
S01413,2026-02-07,6,20
S01413,2026-02-08,7,71
S01413,2026-02-10,8,40
S01413,2026-02-12,9,28
S01413,2026-02-13,9,42
S01413,2026-02-14,9,21
S01413,2026-02-13,10,25
S01413,2026-02-14,10,40
S01413,2026-02-15,10,66
S01414,2026-03-27,1,50
S01414,2026-03-30,2,60
S01414,2026-04-02,3,66
S01414,2026-04-03,3,68
S01414,2026-04-05,4,22
S01414,2026-04-06,4,23
S01414,2026-04-07,4,43
S01414,2026-04-06,5,23
S01414,2026-04-07,5,47
S01414,2026-04-08,5,59
S01414,2026-04-08,6,26
S01414,2026-04-09,6,28
S01414,2026-04-09,7,22
S01414,2026-04-10,7,54
S01414,2026-04-10,8,74
S01414,2026-04-11,8,66
S01414,2026-04-12,8,22
S01414,2026-04-13,9,71
S01414,2026-04-14,9,58
S01414,2026-04-15,9,46
S01414,2026-04-14,10,61
S01415,2026-05-13,1,41
S01415,2026-05-14,1,61
S01415,2026-05-15,1,24
S01415,2026-05-16,2,51
S01415,2026-05-17,3,66
S01415,2026-05-18,3,28
S01415,2026-05-18,4,57
S01415,2026-05-19,4,40
S01415,2026-05-20,5,22
S01415,2026-05-21,5,46
S01415,2026-05-22,5,26
S01415,2026-05-23,6,62
S01415,2026-05-24,7,36
S01415,2026-05-25,7,53
S01415,2026-05-25,8,44
S01415,2026-05-27,9,40
S01415,2026-05-28,9,39
S01415,2026-05-29,9,48
S01415,2026-05-29,10,36
S01416,2026-05-24,1,17
S01417,2026-01-10,1,36
S01417,2026-01-11,2,44
S01417,2026-01-12,3,32
S01417,2026-01-14,4,32
S01417,2026-01-15,4,59
S01417,2026-01-17,5,31
S01417,2026-01-18,5,21
S01417,2026-01-18,6,20
S01417,2026-01-21,7,71
S01417,2026-01-22,7,66
S01417,2026-01-23,8,59
S01417,2026-01-24,8,28
S01417,2026-01-26,9,74
S01417,2026-01-28,10,68
S01417,2026-01-29,10,21
S01417,2026-01-30,10,47
S01418,2026-03-04,1,33
S01418,2026-03-05,1,44
S01418,2026-03-05,2,68
S01418,2026-03-08,3,32
S01418,2026-03-09,3,20
S01418,2026-03-10,3,58
S01418,2026-03-11,4,65
S01418,2026-03-12,4,61
S01418,2026-03-14,5,25
S01418,2026-03-15,5,39
S01418,2026-03-17,6,73
S01418,2026-03-18,6,65
S01418,2026-03-18,7,40
S01418,2026-03-20,8,64
S01418,2026-03-23,9,44
S01418,2026-03-24,9,68
S01418,2026-03-25,9,59
S01418,2026-03-26,10,47
S01419,2026-02-04,1,63
S01419,2026-02-05,1,68
S01419,2026-02-07,2,51
S01419,2026-02-10,3,46
S01419,2026-02-11,3,47
S01419,2026-02-11,4,27
S01419,2026-02-13,5,72
S01419,2026-02-14,5,29
S01419,2026-02-15,5,58
S01419,2026-02-14,6,36
S01419,2026-02-15,6,66
S01419,2026-02-16,6,30
S01419,2026-02-17,7,63
S01419,2026-02-20,8,20
S01419,2026-02-21,8,43
S01419,2026-02-22,8,55
S01419,2026-02-23,9,53
S01419,2026-02-24,9,43
S01419,2026-02-24,10,54
S01419,2026-02-25,10,53
S01420,2026-02-06,1,5
S01420,2026-02-08,2,13
S01421,2026-01-20,1,48
S01421,2026-01-21,1,50
S01421,2026-01-22,2,72
S01421,2026-01-23,2,45
S01421,2026-01-23,3,51
S01421,2026-01-24,3,66
S01421,2026-01-25,3,46
S01421,2026-01-25,4,38
S01421,2026-01-26,4,38
S01421,2026-01-27,5,32
S01421,2026-01-28,5,65
S01421,2026-01-28,6,35
S01421,2026-01-29,6,42
S01421,2026-01-29,7,21
S01421,2026-01-30,7,65
S01421,2026-02-01,8,73
S01421,2026-02-04,9,68
S01421,2026-02-05,9,63
S01421,2026-02-05,10,35
S01422,2026-03-17,1,35
S01422,2026-03-18,1,70
S01422,2026-03-19,1,74
S01422,2026-03-20,2,58
S01422,2026-03-21,2,68
S01422,2026-03-22,2,52
S01422,2026-03-22,3,52
S01422,2026-03-23,3,72
S01422,2026-03-25,4,69
S01422,2026-03-26,4,48
S01422,2026-03-28,5,20
S01422,2026-03-29,5,38
S01422,2026-03-30,5,56
S01422,2026-03-29,6,21
S01422,2026-03-30,6,33
S01422,2026-03-31,7,36
S01422,2026-04-03,8,67
S01422,2026-04-04,8,33
S01422,2026-04-05,9,61
S01422,2026-04-06,9,70
S01422,2026-04-07,9,26
S01422,2026-04-07,10,66
S01422,2026-04-08,10,38
S01423,2026-03-09,1,62
S01423,2026-03-10,1,43
S01423,2026-03-11,1,68
S01423,2026-03-10,2,20
S01423,2026-03-13,3,56
S01423,2026-03-14,3,35
S01423,2026-03-15,4,34
S01423,2026-03-16,5,67
S01423,2026-03-18,6,54
S01423,2026-03-19,6,35
S01423,2026-03-21,7,65
S01423,2026-03-24,8,60
S01423,2026-03-26,9,34
S01423,2026-03-29,10,25
S01423,2026-03-30,10,35
S01424,2026-05-01,1,69
S01424,2026-05-02,1,69
S01424,2026-05-04,2,26
S01424,2026-05-07,3,47
S01424,2026-05-09,4,24
S01424,2026-05-10,4,55
S01424,2026-05-11,5,60
S01424,2026-05-12,5,67
S01424,2026-05-13,5,47
S01424,2026-05-14,6,72
S01424,2026-05-17,7,28
S01424,2026-05-18,7,72
S01424,2026-05-18,8,69
S01424,2026-05-19,8,23
S01424,2026-05-20,8,70
S01424,2026-05-19,9,53
S01424,2026-05-20,10,40
S01424,2026-05-21,10,41
S01424,2026-05-22,10,32
S01425,2026-01-25,1,10
S01426,2026-04-17,1,11
S01427,2026-04-02,1,63
S01427,2026-04-03,2,29
S01427,2026-04-04,3,62
S01427,2026-04-05,3,60
S01427,2026-04-06,3,23
S01427,2026-04-06,4,50
S01427,2026-04-09,5,61
S01427,2026-04-10,5,63
S01427,2026-04-12,6,58
S01427,2026-04-13,6,22
S01427,2026-04-15,7,63
S01427,2026-04-16,7,48
S01427,2026-04-17,8,68
S01427,2026-04-19,9,32
S01427,2026-04-22,10,43
S01427,2026-04-23,10,52
S01427,2026-04-24,10,52
S01428,2026-01-05,1,15
S01428,2026-01-07,2,8
S01429,2026-04-18,1,31
S01429,2026-04-19,1,42
S01429,2026-04-20,1,53
S01429,2026-04-24,2,51
S01429,2026-05-01,3,43
S01429,2026-05-02,3,24
S01429,2026-05-05,4,31
S01429,2026-05-06,4,9
S01429,2026-05-14,5,24
S01429,2026-05-15,5,26
S01429,2026-05-16,5,15
S01429,2026-05-23,6,33
S01429,2026-06-01,7,39
S01429,2026-06-02,7,12
S01429,2026-06-03,7,30
S01430,2026-01-30,1,18
S01430,2026-01-31,2,8
S01431,2026-02-10,1,68
S01431,2026-02-11,1,22
S01431,2026-02-12,2,71
S01431,2026-02-13,2,27
S01431,2026-02-14,3,71
S01431,2026-02-15,3,53
S01431,2026-02-17,4,54
S01431,2026-02-18,4,30
S01431,2026-02-19,4,59
S01431,2026-02-19,5,20
S01431,2026-02-20,5,67
S01431,2026-02-21,6,51
S01431,2026-02-22,6,44
S01431,2026-02-22,7,51
S01431,2026-02-25,8,70
S01431,2026-02-26,8,39
S01431,2026-02-28,9,32
S01431,2026-03-01,9,27
S01431,2026-03-03,10,34
S01432,2026-04-10,1,22
S01432,2026-04-11,1,42
S01432,2026-04-12,1,25
S01432,2026-04-11,2,23
S01432,2026-04-14,3,62
S01432,2026-04-15,3,70
S01432,2026-04-16,3,68
S01432,2026-04-15,4,27
S01432,2026-04-16,4,54
S01432,2026-04-17,4,38
S01432,2026-04-18,5,28
S01432,2026-04-19,5,27
S01432,2026-04-20,5,27
S01432,2026-04-21,6,41
S01432,2026-04-22,6,36
S01432,2026-04-23,7,66
S01432,2026-04-26,8,38
S01432,2026-04-29,9,69
S01432,2026-04-30,9,42
S01432,2026-05-01,9,55
S01432,2026-05-02,10,49
S01433,2026-05-20,1,49
S01433,2026-05-21,1,49
S01433,2026-05-23,2,26
S01433,2026-05-24,2,69
S01433,2026-05-26,3,51
S01433,2026-05-27,3,37
S01433,2026-05-28,3,71
S01433,2026-05-28,4,26
S01433,2026-05-29,4,62
S01433,2026-05-31,5,71
S01433,2026-06-01,5,56
S01433,2026-06-03,6,69
S01433,2026-06-04,6,59
S01433,2026-06-04,7,58
S01433,2026-06-05,7,45
S01433,2026-06-05,8,26
S01433,2026-06-06,9,31
S01433,2026-06-07,10,26
S01434,2026-05-08,1,19
S01434,2026-05-09,1,19
S01434,2026-05-10,1,45
S01434,2026-05-14,2,24
S01434,2026-05-15,2,25
S01434,2026-05-16,2,28
S01434,2026-05-19,3,11
S01434,2026-05-25,4,41
S01434,2026-05-30,5,32
S01434,2026-05-31,5,6
S01434,2026-06-01,5,38
S01434,2026-06-05,6,21
S01434,2026-06-19,7,43
S01434,2026-06-27,8,31
S01435,2026-04-01,1,39
S01435,2026-04-04,2,57
S01435,2026-04-05,2,46
S01435,2026-04-06,2,28
S01435,2026-04-06,3,68
S01435,2026-04-08,4,30
S01435,2026-04-09,4,73
S01435,2026-04-11,5,65
S01435,2026-04-12,5,55
S01435,2026-04-12,6,60
S01435,2026-04-13,6,47
S01435,2026-04-15,7,65
S01435,2026-04-16,7,39
S01435,2026-04-18,8,34
S01435,2026-04-19,9,44
S01435,2026-04-20,9,28
S01435,2026-04-21,10,31
S01435,2026-04-22,10,33
S01436,2026-05-04,1,73
S01436,2026-05-05,1,66
S01436,2026-05-06,1,38
S01436,2026-05-07,2,55
S01436,2026-05-08,3,65
S01436,2026-05-09,3,44
S01436,2026-05-11,4,68
S01436,2026-05-12,4,68
S01436,2026-05-13,4,53
S01436,2026-05-12,5,34
S01436,2026-05-13,5,30
S01436,2026-05-13,6,69
S01436,2026-05-14,6,36
S01436,2026-05-16,7,66
S01436,2026-05-18,8,31
S01436,2026-05-19,8,57
S01436,2026-05-20,8,43
S01436,2026-05-19,9,20
S01436,2026-05-20,9,45
S01436,2026-05-20,10,46
S01437,2026-04-07,1,40
S01437,2026-04-08,1,61
S01437,2026-04-08,2,72
S01437,2026-04-11,3,42
S01437,2026-04-12,4,67
S01437,2026-04-13,4,37
S01437,2026-04-13,5,47
S01437,2026-04-14,6,40
S01437,2026-04-15,6,56
S01437,2026-04-15,7,50
S01437,2026-04-16,8,34
S01437,2026-04-19,9,55
S01437,2026-04-21,10,53
S01438,2026-01-08,1,15
S01438,2026-01-13,2,52
S01438,2026-01-14,2,29
S01438,2026-01-15,2,18
S01438,2026-01-21,3,53
S01438,2026-01-28,4,48
S01438,2026-01-29,4,34
S01438,2026-02-05,5,34
S01438,2026-02-06,5,23
S01438,2026-02-07,5,37
S01438,2026-02-12,6,40
S01438,2026-02-13,6,29
S01438,2026-02-14,6,41
S01438,2026-02-26,7,41
S01438,2026-02-27,7,24
S01438,2026-02-28,7,40
S01439,2026-03-25,1,57
S01439,2026-03-26,1,41
S01439,2026-03-27,1,68
S01439,2026-03-28,2,49
S01439,2026-03-29,2,44
S01439,2026-03-31,3,68
S01439,2026-04-01,3,22
S01439,2026-04-02,3,61
S01439,2026-04-02,4,59
S01439,2026-04-03,4,33
S01439,2026-04-04,4,31
S01439,2026-04-05,5,44
S01439,2026-04-06,5,56
S01439,2026-04-07,6,53
S01439,2026-04-08,6,38
S01439,2026-04-09,6,47
S01439,2026-04-08,7,20
S01439,2026-04-09,7,50
S01439,2026-04-09,8,45
S01439,2026-04-10,9,29
S01439,2026-04-11,10,67
S01439,2026-04-12,10,56
S01439,2026-04-13,10,37
S01440,2026-02-27,1,45
S01440,2026-02-28,1,17
S01440,2026-03-01,1,46
S01440,2026-03-05,2,35
S01440,2026-03-06,2,51
S01440,2026-03-12,3,38
S01440,2026-03-13,3,41
S01440,2026-03-22,4,39
S01440,2026-03-23,4,26
S01440,2026-03-24,4,34
S01440,2026-04-03,5,49
S01440,2026-04-04,5,35
S01440,2026-04-05,5,9
S01440,2026-04-15,6,19
S01440,2026-04-16,6,34
S01440,2026-04-17,6,39
S01440,2026-04-24,7,26
S01440,2026-04-25,7,45
S01441,2026-05-02,1,5
S01441,2026-05-03,2,6
S01442,2026-01-25,1,35
S01442,2026-01-26,2,47
S01442,2026-01-29,3,27
S01442,2026-01-30,3,20
S01442,2026-01-31,3,59
S01442,2026-01-30,4,32
S01442,2026-01-31,4,73
S01442,2026-02-01,4,66
S01442,2026-02-02,5,31
S01442,2026-02-03,5,62
S01442,2026-02-04,6,67
S01442,2026-02-05,6,37
S01442,2026-02-07,7,26
S01442,2026-02-08,7,25
S01442,2026-02-08,8,69
S01442,2026-02-11,9,72
S01442,2026-02-12,9,57
S01442,2026-02-13,9,53
S01442,2026-02-12,10,65
S01443,2026-05-25,1,23
S01443,2026-05-26,1,42
S01443,2026-06-01,2,46
S01443,2026-06-02,2,20
S01443,2026-06-03,2,11
S01443,2026-06-11,3,38
S01443,2026-06-18,4,31
S01443,2026-06-19,4,42
S01443,2026-06-27,5,20
S01443,2026-06-28,5,25
S01443,2026-06-29,5,37
S01443,2026-07-09,6,28
S01443,2026-07-10,6,32
S01443,2026-07-11,6,33
S01444,2026-04-30,1,73
S01444,2026-05-01,2,69
S01444,2026-05-02,2,72
S01444,2026-05-03,2,26
S01444,2026-05-04,3,62
S01444,2026-05-05,3,25
S01444,2026-05-06,3,54
S01444,2026-05-07,4,70
S01444,2026-05-10,5,57
S01444,2026-05-11,5,36
S01444,2026-05-12,5,71
S01444,2026-05-11,6,35
S01444,2026-05-12,6,40
S01444,2026-05-13,6,60
S01444,2026-05-12,7,29
S01444,2026-05-13,8,57
S01444,2026-05-16,9,29
S01444,2026-05-17,10,24
S01444,2026-05-18,10,35
S01446,2026-04-19,1,57
S01446,2026-04-20,1,34
S01446,2026-04-21,1,69
S01446,2026-04-20,2,52
S01446,2026-04-22,3,31
S01446,2026-04-23,3,36
S01446,2026-04-24,4,59
S01446,2026-04-25,4,48
S01446,2026-04-26,4,64
S01446,2026-04-27,5,28
S01446,2026-04-28,6,57
S01446,2026-04-29,6,27
S01446,2026-04-30,6,53
S01446,2026-04-30,7,72
S01446,2026-05-01,7,58
S01446,2026-05-01,8,39
S01446,2026-05-04,9,47
S01446,2026-05-05,9,25
S01446,2026-05-06,9,60
S01446,2026-05-05,10,51
S01447,2026-02-14,1,32
S01447,2026-02-15,1,50
S01447,2026-02-21,2,42
S01447,2026-02-22,2,21
S01447,2026-02-23,2,15
S01447,2026-02-27,3,46
S01447,2026-03-12,4,30
S01447,2026-03-13,4,21
S01447,2026-03-21,5,40
S01447,2026-03-22,5,27
S01448,2026-04-13,1,55
S01448,2026-04-14,1,43
S01448,2026-04-15,1,24
S01448,2026-04-20,2,50
S01448,2026-04-21,2,26
S01448,2026-04-22,2,26
S01448,2026-05-01,3,23
S01448,2026-05-02,3,53
S01450,2026-01-16,1,43
S01450,2026-01-17,1,47
S01450,2026-01-21,2,55
S01450,2026-01-22,2,13
S01450,2026-01-28,3,37
S01450,2026-01-29,3,18
S01450,2026-02-05,4,31
S01450,2026-02-14,5,11
S01450,2026-02-15,5,24
S01450,2026-02-16,5,48
S01450,2026-02-27,6,41
S01450,2026-03-08,7,42
S01450,2026-03-25,8,25
S01450,2026-03-26,8,11
S01451,2026-02-21,1,55
S01451,2026-02-22,1,53
S01451,2026-02-24,2,35
S01451,2026-02-25,2,63
S01451,2026-02-26,2,26
S01451,2026-02-27,3,52
S01451,2026-02-28,4,44
S01451,2026-03-01,4,50
S01451,2026-03-02,4,43
S01451,2026-03-01,5,42
S01451,2026-03-04,6,65
S01451,2026-03-07,7,60
S01451,2026-03-09,8,48
S01451,2026-03-10,8,50
S01451,2026-03-12,9,39
S01451,2026-03-15,10,29
S01452,2026-02-22,1,29
S01452,2026-02-23,1,22
S01452,2026-02-28,2,22
S01452,2026-03-05,3,27
S01452,2026-03-06,3,12
S01452,2026-03-07,3,36
S01452,2026-03-16,4,10
S01452,2026-03-17,4,29
S01452,2026-03-18,4,17
S01452,2026-03-24,5,21
S01452,2026-04-03,6,45
S01452,2026-04-04,6,11
S01452,2026-04-11,7,37
S01452,2026-04-12,7,29
S01453,2026-04-22,1,7
S01454,2026-03-06,1,36
S01454,2026-03-12,2,47
S01454,2026-03-18,3,9
S01454,2026-03-19,3,26
S01454,2026-03-22,4,19
S01454,2026-03-23,4,16
S01454,2026-03-29,5,24
S01454,2026-03-30,5,27
S01454,2026-03-31,5,49
S01454,2026-04-08,6,5
S01454,2026-04-09,6,39
S01454,2026-04-22,7,25
S01454,2026-04-23,7,36
S01454,2026-05-04,8,23
S01454,2026-05-05,8,17
S01454,2026-05-06,8,5
S01455,2026-01-05,1,25
S01455,2026-01-06,1,60
S01455,2026-01-06,2,43
S01455,2026-01-08,3,25
S01455,2026-01-09,3,23
S01455,2026-01-10,3,27
S01455,2026-01-11,4,31
S01455,2026-01-13,5,40
S01455,2026-01-16,6,74
S01455,2026-01-17,6,30
S01455,2026-01-18,6,41
S01455,2026-01-17,7,74
S01455,2026-01-18,7,46
S01455,2026-01-19,7,53
S01455,2026-01-19,8,74
S01455,2026-01-20,9,30
S01455,2026-01-21,9,73
S01455,2026-01-22,9,61
S01455,2026-01-22,10,32
S01456,2026-05-21,1,16
S01456,2026-05-23,2,17
S01457,2026-02-04,1,41
S01457,2026-02-05,1,42
S01457,2026-02-15,2,16
S01457,2026-02-16,2,18
S01457,2026-02-26,3,12
S01457,2026-02-27,3,11
S01457,2026-02-28,3,23
S01457,2026-03-05,4,51
S01457,2026-03-06,4,39
S01458,2026-04-17,1,31
S01458,2026-04-21,2,44
S01458,2026-04-29,3,17
S01458,2026-04-30,3,26
S01458,2026-05-01,3,24
S01458,2026-05-11,4,11
S01458,2026-05-12,4,35
S01459,2026-02-16,1,51
S01459,2026-02-17,1,44
S01459,2026-02-18,2,50
S01459,2026-02-20,3,56
S01459,2026-02-21,3,69
S01459,2026-02-22,3,47
S01459,2026-02-22,4,40
S01459,2026-02-23,4,56
S01459,2026-02-24,4,29
S01459,2026-02-23,5,20
S01459,2026-02-24,5,72
S01459,2026-02-26,6,43
S01459,2026-02-27,6,46
S01459,2026-02-27,7,32
S01459,2026-02-28,7,39
S01459,2026-03-01,7,57
S01459,2026-02-28,8,36
S01459,2026-03-01,9,33
S01459,2026-03-03,10,36
S01460,2026-04-17,1,48
S01460,2026-04-21,2,43
S01460,2026-04-22,2,48
S01460,2026-04-23,2,18
S01460,2026-05-01,3,49
S01460,2026-05-08,4,22
S01460,2026-05-18,5,27
S01460,2026-05-24,6,39
S01460,2026-06-01,7,15
S01460,2026-06-02,7,27
S01460,2026-06-03,7,9
S01461,2026-04-04,1,72
S01461,2026-04-05,2,36
S01461,2026-04-06,2,63
S01461,2026-04-07,2,46
S01461,2026-04-06,3,73
S01461,2026-04-07,3,56
S01461,2026-04-08,3,59
S01461,2026-04-08,4,44
S01461,2026-04-10,5,69
S01461,2026-04-12,6,53
S01461,2026-04-13,7,28
S01461,2026-04-14,7,69
S01461,2026-04-15,8,66
S01461,2026-04-17,9,54
S01461,2026-04-18,10,68
S01461,2026-04-19,10,44
S01461,2026-04-20,10,74
S01462,2026-04-04,1,44
S01462,2026-04-09,2,22
S01462,2026-04-10,2,28
S01462,2026-04-17,3,24
S01462,2026-04-18,3,10
S01462,2026-04-27,4,17
S01462,2026-05-09,5,33
S01462,2026-05-10,5,47
S01462,2026-05-11,5,29
S01462,2026-05-21,6,41
S01462,2026-05-22,6,28
S01462,2026-05-23,6,31
S01463,2026-05-26,1,49
S01463,2026-05-27,1,43
S01463,2026-05-29,2,70
S01463,2026-05-30,3,54
S01463,2026-06-02,4,35
S01463,2026-06-03,5,71
S01463,2026-06-06,6,35
S01463,2026-06-08,7,71
S01463,2026-06-09,7,59
S01463,2026-06-09,8,69
S01463,2026-06-10,8,52
S01463,2026-06-11,9,53
S01463,2026-06-12,10,66
S01463,2026-06-13,10,24
S01464,2026-05-11,1,52
S01464,2026-05-12,1,56
S01464,2026-05-16,2,17
S01464,2026-05-17,2,55
S01464,2026-05-18,2,35
S01464,2026-05-22,3,30
S01464,2026-06-01,4,43
S01464,2026-06-02,4,33
S01464,2026-06-03,4,40
S01464,2026-06-11,5,31
S01464,2026-06-19,6,43
S01464,2026-06-20,6,36
S01464,2026-06-21,6,37
S01464,2026-06-29,7,27
S01464,2026-06-30,7,21
S01464,2026-07-01,7,33
S01465,2026-02-21,1,10
S01466,2026-03-02,1,46
S01466,2026-03-03,1,63
S01466,2026-03-03,2,69
S01466,2026-03-04,2,73
S01466,2026-03-05,2,53
S01466,2026-03-06,3,60
S01466,2026-03-08,4,20
S01466,2026-03-09,4,67
S01466,2026-03-10,4,28
S01466,2026-03-10,5,25
S01466,2026-03-11,5,53
S01466,2026-03-12,5,69
S01466,2026-03-11,6,50
S01466,2026-03-12,6,40
S01466,2026-03-14,7,71
S01466,2026-03-15,7,47
S01466,2026-03-17,8,63
S01466,2026-03-18,8,41
S01466,2026-03-20,9,25
S01466,2026-03-21,9,74
S01466,2026-03-22,10,32
S01468,2026-05-26,1,64
S01468,2026-05-27,2,60
S01468,2026-05-28,2,52
S01468,2026-05-29,2,68
S01468,2026-05-30,3,56
S01468,2026-05-31,3,30
S01468,2026-06-01,4,23
S01468,2026-06-02,4,72
S01468,2026-06-02,5,57
S01468,2026-06-03,5,50
S01468,2026-06-04,5,33
S01468,2026-06-03,6,70
S01468,2026-06-04,6,69
S01468,2026-06-05,6,33
S01468,2026-06-04,7,52
S01468,2026-06-06,8,66
S01468,2026-06-07,8,33
S01468,2026-06-08,8,33
S01468,2026-06-08,9,39
S01468,2026-06-09,9,47
S01468,2026-06-10,10,42
S01470,2026-04-07,1,15
S01470,2026-04-12,2,43
S01470,2026-04-20,3,17
S01470,2026-04-21,3,34
S01470,2026-04-26,4,10
S01470,2026-04-27,4,27
S01470,2026-04-28,4,37
S01470,2026-05-05,5,28
S01470,2026-05-06,5,49
S01470,2026-05-15,6,39
S01470,2026-05-16,6,7
S01470,2026-05-17,6,8
S01470,2026-05-24,7,5
S01471,2026-03-31,1,52
S01471,2026-04-01,1,54
S01471,2026-04-08,2,42
S01471,2026-04-09,2,50
S01471,2026-04-10,2,45
S01471,2026-04-21,3,52
S01472,2026-05-01,1,56
S01472,2026-05-02,1,28
S01472,2026-05-06,2,51
S01472,2026-05-14,3,41
S01472,2026-05-15,3,42
S01472,2026-05-16,3,12
S01472,2026-05-21,4,18
S01472,2026-06-01,5,28
S01472,2026-06-02,5,34
S01472,2026-06-16,6,5
S01472,2026-06-17,6,14
S01472,2026-06-18,6,31
S01474,2026-01-04,1,40
S01474,2026-01-06,2,44
S01474,2026-01-07,2,69
S01474,2026-01-07,3,59
S01474,2026-01-08,3,37
S01474,2026-01-09,3,71
S01474,2026-01-09,4,52
S01474,2026-01-12,5,47
S01474,2026-01-13,5,46
S01474,2026-01-14,5,38
S01474,2026-01-15,6,54
S01474,2026-01-16,6,33
S01474,2026-01-18,7,74
S01474,2026-01-19,7,28
S01474,2026-01-20,8,55
S01474,2026-01-23,9,36
S01474,2026-01-24,9,22
S01474,2026-01-24,10,22
S01475,2026-04-10,1,25
S01475,2026-04-12,2,49
S01475,2026-04-13,2,54
S01475,2026-04-14,2,37
S01475,2026-04-15,3,31
S01475,2026-04-16,3,40
S01475,2026-04-17,3,31
S01475,2026-04-18,4,44
S01475,2026-04-19,4,66
S01475,2026-04-20,4,28
S01475,2026-04-21,5,69
S01475,2026-04-24,6,42
S01475,2026-04-25,6,49
S01475,2026-04-26,6,55
S01475,2026-04-26,7,22
S01475,2026-04-29,8,72
S01475,2026-04-30,8,68
S01475,2026-05-01,9,61
S01475,2026-05-02,9,74
S01475,2026-05-04,10,70
S01475,2026-05-05,10,72
S01476,2026-06-04,1,35
S01476,2026-06-05,1,46
S01476,2026-06-06,1,42
S01476,2026-06-13,2,55
S01476,2026-06-14,2,12
S01477,2026-01-06,1,18
S01477,2026-01-12,2,51
S01477,2026-01-13,2,29
S01477,2026-01-14,2,39
S01477,2026-01-17,3,21
S01477,2026-01-18,3,33
S01477,2026-01-19,3,37
S01477,2026-01-26,4,39
S01477,2026-01-27,4,18
S01477,2026-01-28,4,29
S01477,2026-02-03,5,5
S01477,2026-02-04,5,26
S01477,2026-02-14,6,40
S01477,2026-02-15,6,47
S01477,2026-02-16,6,26
S01477,2026-02-27,7,5
S01478,2026-03-01,1,40
S01478,2026-03-02,1,28
S01478,2026-03-13,2,40
S01478,2026-03-14,2,47
S01478,2026-03-15,2,21
S01478,2026-03-23,3,38
S01479,2026-03-26,1,27
S01479,2026-04-05,2,14
S01479,2026-04-06,2,55
S01479,2026-04-14,3,48
S01479,2026-04-15,3,14
S01479,2026-04-28,4,26
S01479,2026-04-29,4,34
S01480,2026-05-21,1,64
S01480,2026-05-22,1,30
S01480,2026-05-24,2,74
S01480,2026-05-27,3,50
S01480,2026-05-28,3,22
S01480,2026-05-28,4,21
S01480,2026-05-29,4,24
S01480,2026-05-30,4,52
S01480,2026-05-31,5,41
S01480,2026-06-03,6,37
S01480,2026-06-04,6,25
S01480,2026-06-04,7,64
S01480,2026-06-05,8,22
S01480,2026-06-06,8,64
S01480,2026-06-07,9,49
S01480,2026-06-08,9,37
S01480,2026-06-08,10,44
S01481,2026-02-22,1,36
S01481,2026-02-23,1,54
S01481,2026-02-24,1,23
S01481,2026-03-01,2,30
S01481,2026-03-02,2,16
S01481,2026-03-03,2,16
S01481,2026-03-08,3,11
S01482,2026-05-05,1,63
S01482,2026-05-08,2,28
S01482,2026-05-09,2,66
S01482,2026-05-10,2,54
S01482,2026-05-10,3,48
S01482,2026-05-11,3,65
S01482,2026-05-12,3,25
S01482,2026-05-11,4,71
S01482,2026-05-12,5,63
S01482,2026-05-13,5,73
S01482,2026-05-15,6,54
S01482,2026-05-16,6,30
S01482,2026-05-17,6,38
S01482,2026-05-16,7,33
S01482,2026-05-17,8,72
S01482,2026-05-18,8,37
S01482,2026-05-19,9,34
S01482,2026-05-21,10,27
S01482,2026-05-22,10,47
S01482,2026-05-23,10,49
S01483,2026-04-08,1,48
S01483,2026-04-09,1,36
S01483,2026-04-10,1,35
S01483,2026-04-10,2,58
S01483,2026-04-11,2,69
S01483,2026-04-12,2,32
S01483,2026-04-11,3,35
S01483,2026-04-12,3,44
S01483,2026-04-13,4,73
S01483,2026-04-14,4,40
S01483,2026-04-15,4,28
S01483,2026-04-15,5,74
S01483,2026-04-16,5,44
S01483,2026-04-17,5,40
S01483,2026-04-17,6,65
S01483,2026-04-18,6,30
S01483,2026-04-20,7,43
S01483,2026-04-21,7,41
S01483,2026-04-23,8,39
S01483,2026-04-24,8,20
S01483,2026-04-25,8,23
S01483,2026-04-24,9,53
S01483,2026-04-25,9,25
S01483,2026-04-26,9,71
S01483,2026-04-25,10,26
S01484,2026-05-27,1,30
S01484,2026-05-28,1,56
S01484,2026-05-29,1,64
S01484,2026-05-28,2,57
S01484,2026-05-29,2,73
S01484,2026-05-31,3,21
S01484,2026-06-01,4,30
S01484,2026-06-04,5,29
S01484,2026-06-05,6,71
S01484,2026-06-06,6,70
S01484,2026-06-08,7,35
S01484,2026-06-09,7,57
S01484,2026-06-11,8,55
S01484,2026-06-12,8,55
S01484,2026-06-12,9,36
S01484,2026-06-14,10,20
S01485,2026-01-20,1,26
S01485,2026-01-22,2,49
S01485,2026-01-24,3,33
S01485,2026-01-25,3,46
S01485,2026-01-26,3,37
S01485,2026-01-26,4,71
S01485,2026-01-27,4,61
S01485,2026-01-28,4,60
S01485,2026-01-28,5,44
S01485,2026-01-29,5,20
S01485,2026-01-30,5,43
S01485,2026-01-29,6,43
S01485,2026-01-30,6,34
S01485,2026-01-31,6,30
S01485,2026-01-30,7,68
S01485,2026-01-31,7,23
S01485,2026-02-01,7,50
S01485,2026-01-31,8,61
S01485,2026-02-01,8,30
S01485,2026-02-02,9,61
S01485,2026-02-05,10,26
S01485,2026-02-06,10,40
S01485,2026-02-07,10,63
S01486,2026-04-12,1,28
S01486,2026-04-13,1,46
S01486,2026-04-14,1,71
S01486,2026-04-15,2,59
S01486,2026-04-16,2,34
S01486,2026-04-17,2,58
S01486,2026-04-17,3,50
S01486,2026-04-18,3,61
S01486,2026-04-19,3,45
S01486,2026-04-20,4,21
S01486,2026-04-22,5,69
S01486,2026-04-23,5,42
S01486,2026-04-23,6,30
S01486,2026-04-25,7,21
S01486,2026-04-26,7,44
S01486,2026-04-27,7,23
S01486,2026-04-28,8,74
S01486,2026-04-30,9,69
S01486,2026-05-03,10,31
S01486,2026-05-04,10,54
S01487,2026-04-06,1,58
S01487,2026-04-09,2,52
S01487,2026-04-10,2,27
S01487,2026-04-11,2,71
S01487,2026-04-10,3,32
S01487,2026-04-12,4,25
S01487,2026-04-13,4,21
S01487,2026-04-14,5,39
S01487,2026-04-17,6,48
S01487,2026-04-20,7,47
S01487,2026-04-21,7,65
S01487,2026-04-23,8,63
S01487,2026-04-24,8,20
S01487,2026-04-25,8,52
S01487,2026-04-24,9,73
S01487,2026-04-25,9,21
S01487,2026-04-26,10,36
S01487,2026-04-27,10,67
S01487,2026-04-28,10,35
S01488,2026-03-18,1,39
S01488,2026-03-19,1,37
S01488,2026-03-20,1,41
S01488,2026-03-25,2,12
S01488,2026-03-26,2,13
S01488,2026-03-30,3,26
S01488,2026-03-31,3,15
S01488,2026-04-01,3,35
S01488,2026-04-03,4,24
S01488,2026-04-04,4,29
S01488,2026-04-10,5,33
S01488,2026-04-11,5,32
S01488,2026-04-20,6,17
S01488,2026-04-21,6,35
S01488,2026-04-28,7,5
S01488,2026-04-29,7,12
S01488,2026-04-30,7,23
S01488,2026-05-14,8,5
S01489,2026-01-05,1,32
S01489,2026-01-06,1,72
S01489,2026-01-08,2,29
S01489,2026-01-11,3,47
S01489,2026-01-12,3,26
S01489,2026-01-12,4,28
S01489,2026-01-13,4,71
S01489,2026-01-14,5,37
S01489,2026-01-15,5,36
S01489,2026-01-16,5,46
S01489,2026-01-17,6,36
S01489,2026-01-18,7,44
S01489,2026-01-19,7,20
S01489,2026-01-21,8,62
S01489,2026-01-22,9,47
S01489,2026-01-24,10,39
S01489,2026-01-25,10,71
S01489,2026-01-26,10,41
S01490,2026-03-04,1,56
S01490,2026-03-05,1,63
S01490,2026-03-06,1,41
S01490,2026-03-07,2,40
S01490,2026-03-08,2,52
S01490,2026-03-09,2,68
S01490,2026-03-09,3,50
S01490,2026-03-11,4,32
S01490,2026-03-12,5,43
S01490,2026-03-13,5,37
S01490,2026-03-14,6,27
S01490,2026-03-15,6,44
S01490,2026-03-17,7,28
S01490,2026-03-18,7,74
S01490,2026-03-18,8,63
S01490,2026-03-19,8,38
S01490,2026-03-20,8,64
S01490,2026-03-20,9,40
S01490,2026-03-21,9,50
S01490,2026-03-21,10,72
S01490,2026-03-22,10,37
S01491,2026-05-28,1,22
S01491,2026-05-29,1,27
S01491,2026-05-30,1,70
S01491,2026-05-30,2,66
S01491,2026-06-02,3,47
S01491,2026-06-04,4,41
S01491,2026-06-05,4,26
S01491,2026-06-06,5,66
S01491,2026-06-07,6,36
S01491,2026-06-08,6,64
S01491,2026-06-09,6,27
S01491,2026-06-08,7,22
S01491,2026-06-09,7,43
S01491,2026-06-10,7,66
S01491,2026-06-09,8,68
S01491,2026-06-12,9,62
S01491,2026-06-13,9,31
S01491,2026-06-15,10,45
S01491,2026-06-16,10,57
S01491,2026-06-17,10,25
S01492,2026-04-30,1,69
S01492,2026-05-01,2,73
S01492,2026-05-02,2,29
S01492,2026-05-04,3,25
S01492,2026-05-05,3,38
S01492,2026-05-06,4,24
S01492,2026-05-07,4,38
S01492,2026-05-08,4,68
S01492,2026-05-08,5,68
S01492,2026-05-09,5,30
S01492,2026-05-09,6,65
S01492,2026-05-11,7,56
S01492,2026-05-13,8,24
S01492,2026-05-16,9,57
S01492,2026-05-17,9,71
S01492,2026-05-18,9,35
S01492,2026-05-17,10,64
S01492,2026-05-18,10,27
S01492,2026-05-19,10,57
S01493,2026-05-05,1,31
S01493,2026-05-06,1,44
S01493,2026-05-07,1,63
S01493,2026-05-08,2,67
S01493,2026-05-09,2,47
S01493,2026-05-11,3,42
S01493,2026-05-12,3,48
S01493,2026-05-13,3,66
S01493,2026-05-14,4,28
S01493,2026-05-15,4,21
S01493,2026-05-15,5,46
S01493,2026-05-16,5,36
S01493,2026-05-17,6,52
S01493,2026-05-18,6,25
S01493,2026-05-19,6,31
S01493,2026-05-20,7,21
S01493,2026-05-21,7,51
S01493,2026-05-21,8,46
S01493,2026-05-22,8,66
S01493,2026-05-22,9,64
S01493,2026-05-23,9,45
S01493,2026-05-24,10,69
S01493,2026-05-25,10,51
S01493,2026-05-26,10,36
S01494,2026-05-23,1,52
S01494,2026-05-25,2,46
S01494,2026-05-26,2,25
S01494,2026-05-27,2,20
S01494,2026-05-26,3,29
S01494,2026-05-27,3,37
S01494,2026-05-28,3,23
S01494,2026-05-29,4,61
S01494,2026-06-01,5,41
S01494,2026-06-03,6,60
S01494,2026-06-04,6,62
S01494,2026-06-05,7,74
S01494,2026-06-06,7,55
S01494,2026-06-06,8,23
S01494,2026-06-07,9,29
S01494,2026-06-08,9,69
S01494,2026-06-09,9,61
S01494,2026-06-09,10,57
S01494,2026-06-10,10,20
S01494,2026-06-11,10,49
S01495,2026-01-31,1,24
S01495,2026-02-07,2,43
S01495,2026-02-08,2,34
S01495,2026-02-09,2,21
S01495,2026-02-12,3,38
S01495,2026-02-17,4,47
S01495,2026-02-26,5,44
S01495,2026-03-10,6,12
S01495,2026-03-11,6,33
S01495,2026-03-19,7,11
S01495,2026-03-31,8,30
S01495,2026-04-01,8,8
S01495,2026-04-02,8,10
S01496,2026-02-06,1,25
S01496,2026-02-07,1,57
S01496,2026-02-14,2,14
S01496,2026-02-25,3,44
S01496,2026-02-26,3,16
S01496,2026-03-06,4,20
S01496,2026-03-07,4,33
S01496,2026-03-08,4,33
S01497,2026-01-14,1,55
S01497,2026-01-15,1,53
S01497,2026-01-23,2,21
S01497,2026-01-28,3,14
S01497,2026-01-29,3,46
S01497,2026-02-05,4,41
S01497,2026-02-06,4,30
S01497,2026-02-07,4,44
S01498,2026-04-27,1,65
S01498,2026-04-28,1,74
S01498,2026-04-30,2,41
S01498,2026-05-01,2,58
S01498,2026-05-03,3,71
S01498,2026-05-04,3,56
S01498,2026-05-05,3,73
S01498,2026-05-04,4,37
S01498,2026-05-05,4,58
S01498,2026-05-06,4,30
S01498,2026-05-06,5,74
S01498,2026-05-07,5,44
S01498,2026-05-08,5,68
S01498,2026-05-09,6,64
S01498,2026-05-10,6,47
S01498,2026-05-12,7,36
S01498,2026-05-14,8,23
S01498,2026-05-15,8,33
S01498,2026-05-17,9,56
S01498,2026-05-18,9,58
S01498,2026-05-19,10,58
S01498,2026-05-20,10,61
S01498,2026-05-21,10,37
S01499,2026-05-13,1,71
S01499,2026-05-14,1,22
S01499,2026-05-14,2,39
S01499,2026-05-15,2,37
S01499,2026-05-17,3,38
S01499,2026-05-18,4,24
S01499,2026-05-19,4,56
S01499,2026-05-20,4,64
S01499,2026-05-20,5,47
S01499,2026-05-22,6,44
S01499,2026-05-25,7,25
S01499,2026-05-26,7,49
S01499,2026-05-28,8,68
S01499,2026-05-31,9,27
S01499,2026-06-01,10,30
S01500,2026-04-18,1,18
